OrderID,Region,VehicleType,WeatherCondition,Distance_Miles,OrderDate,Damaged_Flag,ExpectedDeliveryDate,ActualDeliveryDate
ORD-00001,East,Box Truck,Rain,342,2023-03-07,No,2023-03-09,2023-03-09
ORD-00002,West,Van,Clear,612,2022-09-04,No,2022-09-07,2022-09-07
ORD-00003,North,Semi-Trailer,Clear,175,2023-01-06,No,2023-01-07,2023-01-07
ORD-00004,East,Box Truck,Rain,170,2022-10-03,No,2022-10-04,2022-10-04
ORD-00005,East,Van,Snow,15,2022-07-26,No,2022-07-27,2022-07-30
ORD-00006,West,Semi-Trailer,Clear,214,2023-02-26,No,2023-02-27,2023-03-01
ORD-00007,North,Box Truck,Clear,541,2022-05-31,No,2022-06-02,2022-06-02
ORD-00008,North,Van,Fog,1133,2022-11-16,,2022-11-20,2022-11-23
ORD-00009,East,Box Truck,Clear,54,2022-09-24,No,2022-09-25,2022-09-26
ORD-00010,South,Van,Clear,466,2023-05-09,Yes,2023-05-11,2023-05-11
ORD-00011,East,Semi-Trailer,Rain,236,2023-11-14,No,2023-11-15,2023-11-15
ORD-00012,East,Semi-Trailer,Fog,1348,2023-01-30,No,2023-02-04,2023-02-08
ORD-00013,East,Semi-Trailer,Snow,61,2023-01-24,No,2023-01-25,2023-01-26
ORD-00014,East,Box Truck,Rain,1179,2022-08-02,No,2022-08-06,2022-08-06
ORD-00015,West,Van,Clear,1314,2022-09-06,No,2022-09-11,2022-09-13
ORD-00016,North,Box Truck,Snow,1156,2022-07-15,No,2022-07-19,2022-07-21
ORD-00017,West,Van,Clear,480,2022-03-31,No,2022-04-02,2022-04-02
ORD-00018,West,Box Truck,Snow,906,2023-04-07,No,2023-04-11,2023-04-13
ORD-00019,West,Box Truck,Clear,1330,2022-11-17,No,2022-11-22,2022-11-22
ORD-00020,East,Van,Clear,623,2023-11-23,No,2023-11-26,2023-11-26
ORD-00021,South,Van,Clear,521,2023-05-31,No,2023-06-02,2023-06-02
ORD-00022,North,Semi-Trailer,Clear,795,2023-10-09,No,2023-10-12,2023-10-13
ORD-00023,South,Semi-Trailer,Rain,1235,2022-11-21,No,2022-11-26,2022-11-26
ORD-00024,West,Van,Fog,424,2022-05-05,No,2022-05-07,2022-05-08
ORD-00025,West,Van,Rain,623,2023-12-26,No,2023-12-29,2023-12-29
ORD-00026,South,Van,Snow,1455,2023-01-31,No,2023-02-05,2023-02-09
ORD-00027,South,Semi-Trailer,Clear,529,2022-11-20,No,2022-11-22,2022-11-22
ORD-00028,South,Van,Rain,683,2022-06-30,No,2022-07-03,2022-07-03
ORD-00029,West,Box Truck,Snow,1106,2023-08-09,No,2023-08-13,2023-08-15
ORD-00030,West,Van,Rain,354,2022-03-03,No,2022-03-05,2022-03-05
ORD-00031,North,Box Truck,Clear,1060,2023-10-08,No,2023-10-12,2023-10-15
ORD-00032,North,Van,Rain,1202,2022-02-25,No,2022-03-02,2022-03-02
ORD-00033,West,Box Truck,Rain,784,2022-02-19,No,2022-02-22,2022-02-22
ORD-00034,South,Van,Clear,594,2022-12-28,No,2022-12-30,2022-12-30
ORD-00035,South,Box Truck,Snow,1242,2022-12-23,No,2022-12-28,2023-01-01
ORD-00036,North,Van,Fog,889,2022-10-31,No,2022-11-03,2022-11-07
ORD-00037,West,Box Truck,Clear,907,2022-10-23,No,2022-10-27,2022-10-27
ORD-00038,North,Semi-Trailer,Rain,857,2022-06-09,No,2022-06-12,2022-06-12
ORD-00039,North,Van,Rain,734,2023-02-19,No,2023-02-22,2023-02-22
ORD-00040,East,Semi-Trailer,Rain,666,2022-11-20,No,2022-11-23,2022-11-24
ORD-00041,East,Box Truck,Clear,620,2022-05-30,No,2022-06-02,2022-06-03
ORD-00042,East,Van,Snow,1343,2022-11-30,No,2022-12-05,2022-12-08
ORD-00043,South,Van,Clear,1033,2023-05-16,No,2023-05-20,2023-05-20
ORD-00044,West,Van,Clear,956,2023-05-28,No,2023-06-01,2023-06-04
ORD-00045,West,Box Truck,Snow,189,2022-09-08,No,2022-09-09,2022-09-13
ORD-00046,West,Box Truck,Rain,656,2022-03-12,No,2022-03-15,2022-03-15
ORD-00047,West,Van,Snow,447,2022-08-08,No,2022-08-10,2022-08-14
ORD-00048,East,Box Truck,Clear,404,2022-12-31,No,2023-01-02,2023-01-02
ORD-00049,South,Semi-Trailer,Clear,603,2023-08-06,No,2023-08-09,2023-08-09
ORD-00050,South,Semi-Trailer,Fog,66,2022-06-28,No,2022-06-29,2022-07-02
ORD-00051,East,Box Truck,Clear,1207,2023-02-07,No,2023-02-12,2023-02-12
ORD-00052,South,Semi-Trailer,Snow,335,2022-02-23,No,2022-02-25,2022-02-27
ORD-00053,East,Box Truck,Snow,331,2022-11-11,No,2022-11-13,2022-11-15
ORD-00054,West,Van,Rain,192,2022-12-22,No,2022-12-23,2022-12-23
ORD-00055,East,Semi-Trailer,Clear,244,2023-03-25,No,2023-03-26,2023-03-26
ORD-00056,West,Van,Rain,628,2022-10-06,No,2022-10-09,2022-10-09
ORD-00057,West,Van,Snow,1219,2023-12-16,No,2023-12-21,2023-12-23
ORD-00058,North,Van,Clear,275,2023-02-19,No,2023-02-20,2023-02-20
ORD-00059,East,Semi-Trailer,Clear,1018,2022-02-25,No,2022-03-01,2022-03-01
ORD-00060,North,Semi-Trailer,Clear,851,2023-03-18,No,2023-03-21,2023-03-21
ORD-00061,East,Van,Clear,338,2023-05-03,No,2023-05-05,2023-05-05
ORD-00062,East,Van,Snow,1398,2022-09-15,No,2022-09-20,2022-09-21
ORD-00063,North,Van,Snow,692,2022-07-10,No,2022-07-13,2022-07-15
ORD-00064,North,Box Truck,Fog,33,2023-05-29,No,2023-05-30,2023-06-02
ORD-00065,East,Van,Clear,1294,2023-04-14,No,2023-04-19,2023-04-19
ORD-00066,South,Box Truck,Rain,1388,2023-12-14,No,2023-12-19,2023-12-20
ORD-00067,West,Van,Clear,205,2023-10-30,No,2023-10-31,2023-10-31
ORD-00068,North,Van,Rain,620,2023-10-23,,2023-10-26,2023-10-29
ORD-00069,West,Van,Rain,1366,2023-09-03,No,2023-09-08,2023-09-08
ORD-00070,South,Van,Fog,622,2022-10-23,No,2022-10-26,2022-10-27
ORD-00071,South,Semi-Trailer,Snow,641,2022-11-20,No,2022-11-23,2022-11-24
ORD-00072,South,Van,Fog,330,2023-08-08,No,2023-08-10,2023-08-14
ORD-00073,North,Van,Snow,1480,2022-01-11,No,2022-01-16,2022-01-17
ORD-00074,South,Van,Snow,1410,2022-10-30,No,2022-11-04,2022-11-05
ORD-00075,North,Van,Clear,212,2023-08-26,No,2023-08-27,2023-08-29
ORD-00076,South,Van,Snow,1123,2023-09-16,No,2023-09-20,2023-09-24
ORD-00077,West,Van,Rain,186,2022-02-11,No,2022-02-12,2022-02-13
ORD-00078,West,Box Truck,Clear,636,2023-01-03,No,2023-01-06,2023-01-06
ORD-00079,East,Box Truck,Clear,41,2022-01-11,No,2022-01-12,2022-01-13
ORD-00080,West,Van,Rain,955,2023-01-06,,2023-01-10,2023-01-12
ORD-00081,East,Van,Clear,736,2023-03-09,No,2023-03-12,2023-03-12
ORD-00082,West,Semi-Trailer,Clear,963,2022-09-29,No,2022-10-03,2022-10-03
ORD-00083,North,Van,Rain,829,2022-02-24,No,2022-02-27,2022-02-27
ORD-00084,West,Van,Fog,800,2022-08-18,No,2022-08-21,2022-08-23
ORD-00085,East,Van,Snow,252,2022-10-12,No,2022-10-13,2022-10-17
ORD-00086,East,Van,Clear,79,2022-08-27,No,2022-08-28,2022-08-28
ORD-00087,South,Box Truck,Clear,1024,2022-01-08,No,2022-01-12,2022-01-12
ORD-00088,North,Van,Clear,1104,2022-03-23,No,2022-03-27,2022-03-27
ORD-00089,West,Box Truck,Clear,167,2023-12-07,No,2023-12-08,2023-12-08
ORD-00090,South,Van,Clear,558,2022-03-02,No,2022-03-04,2022-03-04
ORD-00091,West,Van,Fog,335,2022-08-24,No,2022-08-26,2022-08-29
ORD-00092,West,Box Truck,Clear,1068,2023-01-07,No,2023-01-11,2023-01-11
ORD-00093,South,Van,Clear,469,2023-02-14,No,2023-02-16,2023-02-16
ORD-00094,South,Box Truck,Clear,425,2022-06-16,No,2022-06-18,2022-06-18
ORD-00095,South,Van,Clear,580,2023-10-23,No,2023-10-25,2023-10-25
ORD-00096,South,Box Truck,Clear,895,2023-05-02,No,2023-05-05,2023-05-05
ORD-00097,South,Van,Clear,1452,2023-07-27,No,2023-08-01,2023-08-01
ORD-00098,West,Semi-Trailer,Fog,520,2022-09-28,No,2022-09-30,2022-10-04
ORD-00099,South,Van,Clear,377,2022-03-24,No,2022-03-26,2022-03-26
ORD-00100,North,Semi-Trailer,Clear,921,2022-11-12,No,2022-11-16,2022-11-16
ORD-00101,East,Van,Clear,892,2023-07-15,No,2023-07-18,2023-07-18
ORD-00102,South,Box Truck,Clear,216,2022-12-01,No,2022-12-02,2022-12-02
ORD-00103,South,Van,Clear,1394,2023-10-20,No,2023-10-25,2023-10-25
ORD-00104,West,Semi-Trailer,Clear,1469,2023-03-09,No,2023-03-14,2023-03-14
ORD-00105,South,Van,Clear,587,2022-04-22,No,2022-04-24,2022-04-24
ORD-00106,South,Van,Rain,1303,2023-01-27,No,2023-02-01,2023-02-01
ORD-00107,South,Van,Clear,1266,2022-10-06,No,2022-10-11,2022-10-11
ORD-00108,West,Van,Clear,678,2022-03-05,No,2022-03-08,2022-03-08
ORD-00109,South,Van,Clear,115,2022-04-03,No,2022-04-04,2022-04-04
ORD-00110,East,Semi-Trailer,Clear,675,2022-05-10,Yes,2022-05-13,2022-05-13
ORD-00111,West,Semi-Trailer,Clear,1051,2023-05-30,No,2023-06-03,2023-06-03
ORD-00112,East,Van,Clear,269,2023-10-12,No,2023-10-13,2023-10-13
ORD-00113,West,Semi-Trailer,Clear,322,2023-11-03,No,2023-11-05,2023-11-06
ORD-00114,South,Box Truck,Clear,640,2022-01-19,No,2022-01-22,2022-01-22
ORD-00115,East,Van,Clear,1135,2023-06-23,No,2023-06-27,2023-06-27
ORD-00116,West,Box Truck,Clear,546,2022-09-27,No,2022-09-29,2022-09-30
ORD-00117,North,Box Truck,Clear,1213,2022-06-30,No,2022-07-05,2022-07-05
ORD-00118,South,Semi-Trailer,Fog,683,2022-09-26,No,2022-09-29,
ORD-00119,West,Van,Rain,1433,2023-04-16,No,2023-04-21,2023-04-24
ORD-00120,North,Box Truck,Snow,359,2022-08-31,No,2022-09-02,2022-09-03
ORD-00121,West,Van,Snow,224,2022-01-10,,2022-01-11,2022-01-13
ORD-00122,North,Van,Fog,1416,2023-05-23,No,2023-05-28,2023-05-31
ORD-00123,South,Van,Rain,1157,2022-02-13,No,2022-02-17,2022-02-17
ORD-00124,East,Semi-Trailer,Rain,1325,2023-02-06,No,2023-02-11,2023-02-11
ORD-00125,North,Semi-Trailer,Clear,337,2022-10-08,No,2022-10-10,2022-10-11
ORD-00126,West,Box Truck,Clear,856,2023-10-04,No,2023-10-07,2023-10-07
ORD-00127,South,Box Truck,Rain,107,2023-05-03,No,2023-05-04,2023-05-04
ORD-00128,North,Van,Fog,668,2023-01-02,No,2023-01-05,2023-01-09
ORD-00129,West,Van,Clear,309,2023-01-25,No,2023-01-27,2023-01-27
ORD-00130,West,Van,Rain,39,2022-04-01,No,2022-04-02,2022-04-04
ORD-00131,West,Van,Clear,1107,2023-12-21,No,2023-12-25,2023-12-25
ORD-00132,North,Box Truck,Clear,181,2023-04-27,No,2023-04-28,2023-04-30
ORD-00133,North,Box Truck,Clear,1027,2022-08-30,No,2022-09-03,2022-09-03
ORD-00134,North,Van,Clear,932,2022-10-05,No,2022-10-09,2022-10-09
ORD-00135,East,Van,Clear,93,2022-04-27,No,2022-04-28,2022-04-28
ORD-00136,North,Van,Rain,994,2023-10-01,No,2023-10-05,2023-10-05
ORD-00137,North,Van,Snow,1323,2023-12-18,No,2023-12-23,
ORD-00138,North,Semi-Trailer,Snow,648,2023-04-06,No,2023-04-09,2023-04-13
ORD-00139,East,Box Truck,Clear,94,2022-12-01,No,2022-12-02,2022-12-02
ORD-00140,North,Semi-Trailer,Snow,1287,2022-10-31,No,2022-11-05,2022-11-10
ORD-00141,West,Van,Clear,673,2023-09-22,No,2023-09-25,2023-09-25
ORD-00142,North,Van,Clear,528,2023-07-07,No,2023-07-09,2023-07-09
ORD-00143,West,Van,Rain,1485,2023-09-11,Yes,2023-09-16,2023-09-19
ORD-00144,West,Semi-Trailer,Clear,1340,2022-06-27,No,2022-07-02,
ORD-00145,West,Box Truck,Clear,193,2023-06-24,No,2023-06-25,2023-06-26
ORD-00146,East,Van,Clear,982,2022-12-29,No,2023-01-02,2023-01-02
ORD-00147,East,Box Truck,Rain,1347,2023-08-07,No,2023-08-12,2023-08-12
ORD-00148,East,Van,Clear,350,2022-10-02,No,2022-10-04,2022-10-04
ORD-00149,North,Box Truck,Rain,236,2023-12-25,No,2023-12-26,2023-12-26
ORD-00150,West,Semi-Trailer,Rain,846,2023-04-03,No,2023-04-06,2023-04-06
ORD-00151,East,Box Truck,Rain,273,2023-10-01,No,2023-10-02,2023-10-02
ORD-00152,East,Box Truck,Snow,459,2022-04-04,No,2022-04-06,2022-04-07
ORD-00153,North,Van,Clear,1284,2022-11-08,No,2022-11-13,2022-11-15
ORD-00154,East,Van,Clear,1441,2022-09-04,No,2022-09-09,2022-09-09
ORD-00155,North,Van,Clear,179,2022-05-11,No,2022-05-12,2022-05-12
ORD-00156,South,Van,Clear,575,2023-09-09,,2023-09-11,2023-09-12
ORD-00157,East,Box Truck,Rain,141,2022-11-05,No,2022-11-06,2022-11-06
ORD-00158,South,Box Truck,Clear,836,2023-06-26,No,2023-06-29,2023-06-29
ORD-00159,North,Van,Clear,615,2022-12-20,No,2022-12-23,2022-12-23
ORD-00160,West,Semi-Trailer,Rain,1079,2022-03-09,No,2022-03-13,2022-03-13
ORD-00161,East,Van,Rain,359,2023-07-06,No,2023-07-08,2023-07-08
ORD-00162,North,Van,Rain,108,2022-11-23,No,2022-11-24,2022-11-24
ORD-00163,West,Van,Snow,1070,2022-06-29,No,2022-07-03,2022-07-08
ORD-00164,West,Van,Rain,1471,2022-04-26,No,2022-05-01,2022-05-01
ORD-00165,South,Van,Rain,1018,2023-02-01,,2023-02-05,2023-02-07
ORD-00166,North,Van,Clear,84,2023-10-02,No,2023-10-03,2023-10-03
ORD-00167,West,Van,Fog,67,2023-03-29,No,2023-03-30,2023-04-01
ORD-00168,East,Semi-Trailer,Clear,1052,2022-12-24,,2022-12-28,2022-12-29
ORD-00169,East,Van,Clear,411,2023-01-22,No,2023-01-24,2023-01-24
ORD-00170,South,Van,Clear,197,2023-10-25,No,2023-10-26,2023-10-26
ORD-00171,West,Van,Rain,148,2023-01-27,No,2023-01-28,2023-01-28
ORD-00172,North,Box Truck,Fog,152,2023-11-29,No,2023-11-30,2023-12-01
ORD-00173,East,Van,Clear,117,2023-12-11,No,2023-12-12,2023-12-12
ORD-00174,West,Semi-Trailer,Clear,230,2023-08-24,No,2023-08-25,2023-08-25
ORD-00175,West,Box Truck,Snow,154,2023-06-01,Yes,2023-06-02,2023-06-06
ORD-00176,South,Box Truck,Fog,867,2022-12-06,No,2022-12-09,2022-12-13
ORD-00177,East,Box Truck,Clear,519,2022-11-07,No,2022-11-09,2022-11-12
ORD-00178,East,Van,Clear,385,2023-02-25,No,2023-02-27,2023-02-27
ORD-00179,North,Van,Rain,14,2022-06-22,No,2022-06-23,2022-06-24
ORD-00180,East,Van,Clear,397,2023-03-22,No,2023-03-24,2023-03-24
ORD-00181,North,Box Truck,Snow,577,2022-10-29,No,2022-10-31,2022-11-01
ORD-00182,East,Van,Clear,993,2022-06-20,No,2022-06-24,2022-06-24
ORD-00183,South,Van,Clear,569,2023-12-26,No,2023-12-28,2023-12-28
ORD-00184,East,Semi-Trailer,Clear,1196,2022-03-27,No,2022-03-31,2022-03-31
ORD-00185,North,Van,Clear,374,2023-05-01,No,2023-05-03,2023-05-03
ORD-00186,North,Semi-Trailer,Clear,426,2022-07-25,No,2022-07-27,2022-07-27
ORD-00187,South,Box Truck,Clear,30,2022-04-24,No,2022-04-25,2022-04-25
ORD-00188,East,Van,Rain,623,2023-01-06,No,2023-01-09,2023-01-09
ORD-00189,East,Van,Clear,526,2022-04-17,No,2022-04-19,2022-04-20
ORD-00190,South,Van,Fog,1230,2022-02-05,No,2022-02-10,2022-02-14
ORD-00191,East,Box Truck,Clear,670,2023-10-10,No,2023-10-13,2023-10-13
ORD-00192,East,Box Truck,Rain,1378,2023-09-25,No,2023-09-30,2023-10-03
ORD-00193,North,Box Truck,Clear,339,2022-08-06,No,2022-08-08,2022-08-08
ORD-00194,East,Semi-Trailer,Clear,387,2022-09-16,,2022-09-18,2022-09-18
ORD-00195,East,Box Truck,Clear,1244,2023-03-05,No,2023-03-10,2023-03-11
ORD-00196,South,Van,Clear,169,2022-05-04,No,2022-05-05,2022-05-05
ORD-00197,South,Van,Rain,667,2022-04-15,No,2022-04-18,2022-04-18
ORD-00198,West,Semi-Trailer,Rain,363,2023-10-13,No,2023-10-15,2023-10-15
ORD-00199,North,Van,Rain,1273,2023-06-25,Yes,2023-06-30,2023-06-30
ORD-00200,East,Van,Clear,88,2022-04-29,No,2022-04-30,2022-04-30
ORD-00201,East,Box Truck,Snow,161,2023-05-06,No,2023-05-07,2023-05-08
ORD-00202,West,Van,Rain,526,2022-04-08,No,2022-04-10,2022-04-10
ORD-00203,East,Semi-Trailer,Fog,392,2023-01-05,,2023-01-07,2023-01-11
ORD-00204,North,Box Truck,Snow,702,2022-01-11,No,2022-01-14,2022-01-19
ORD-00205,West,Van,Clear,361,2022-03-31,No,2022-04-02,2022-04-03
ORD-00206,North,Semi-Trailer,Clear,1234,2023-05-05,No,2023-05-10,2023-05-11
ORD-00207,West,Van,Clear,960,2023-02-04,No,2023-02-08,2023-02-08
ORD-00208,West,Van,Rain,142,2023-05-27,No,2023-05-28,2023-05-28
ORD-00209,South,Van,Clear,643,2022-07-08,No,2022-07-11,2022-07-11
ORD-00210,North,Van,Rain,178,2022-03-23,No,2022-03-24,2022-03-24
ORD-00211,East,Van,Clear,875,2022-04-30,No,2022-05-03,2022-05-03
ORD-00212,East,Van,Clear,400,2023-03-22,No,2023-03-24,2023-03-27
ORD-00213,North,Van,Clear,1418,2022-12-24,No,2022-12-29,2022-12-29
ORD-00214,East,Van,Clear,829,2023-12-22,No,2023-12-25,2023-12-28
ORD-00215,East,Box Truck,Rain,107,2022-10-25,No,2022-10-26,2022-10-26
ORD-00216,North,Semi-Trailer,Clear,1410,2023-06-02,No,2023-06-07,2023-06-07
ORD-00217,West,Van,Rain,1001,2022-02-04,No,2022-02-08,2022-02-08
ORD-00218,North,Van,Clear,789,2023-04-15,No,2023-04-18,2023-04-18
ORD-00219,West,Van,Clear,349,2022-05-29,No,2022-05-31,2022-05-31
ORD-00220,East,Van,Rain,141,2022-08-11,No,2022-08-12,2022-08-12
ORD-00221,East,Box Truck,Clear,219,2022-12-22,No,2022-12-23,2022-12-23
ORD-00222,East,Box Truck,Rain,1038,2023-12-29,No,2024-01-02,2024-01-02
ORD-00223,South,Van,Snow,386,2023-06-29,No,2023-07-01,2023-07-02
ORD-00224,West,Van,Snow,649,2022-02-03,No,2022-02-06,2022-02-09
ORD-00225,South,Van,Clear,1087,2023-11-05,No,2023-11-09,2023-11-09
ORD-00226,South,Box Truck,Clear,1231,2022-07-02,Yes,2022-07-07,2022-07-07
ORD-00227,North,Van,Rain,450,2022-08-07,No,2022-08-09,2022-08-09
ORD-00228,South,Semi-Trailer,Rain,1213,2023-03-02,No,2023-03-07,2023-03-08
ORD-00229,North,Box Truck,Rain,250,2023-02-09,No,2023-02-10,2023-02-11
ORD-00230,North,Van,Clear,1353,2023-07-02,Yes,2023-07-07,2023-07-07
ORD-00231,South,Box Truck,Clear,510,2023-05-14,No,2023-05-16,2023-05-17
ORD-00232,West,Semi-Trailer,Clear,32,2023-05-02,No,2023-05-03,2023-05-03
ORD-00233,West,Box Truck,Rain,641,2023-02-08,No,2023-02-11,2023-02-11
ORD-00234,West,Van,Clear,1026,2023-07-27,No,2023-07-31,2023-08-01
ORD-00235,West,Van,Clear,1213,2023-01-04,No,2023-01-09,2023-01-10
ORD-00236,West,Semi-Trailer,Rain,184,2023-08-12,No,2023-08-13,2023-08-13
ORD-00237,South,Box Truck,Clear,207,2023-11-11,No,2023-11-12,2023-11-12
ORD-00238,South,Box Truck,Clear,1487,2023-05-06,No,2023-05-11,2023-05-12
ORD-00239,East,Semi-Trailer,Clear,108,2023-10-21,No,2023-10-22,
ORD-00240,West,Semi-Trailer,Clear,754,2022-09-03,No,2022-09-06,2022-09-07
ORD-00241,South,Semi-Trailer,Clear,1460,2022-10-22,No,2022-10-27,2022-10-27
ORD-00242,East,Van,Clear,462,2022-12-21,No,2022-12-23,2022-12-23
ORD-00243,West,Box Truck,Clear,1224,2022-10-26,No,2022-10-31,2022-10-31
ORD-00244,North,Box Truck,Clear,983,2023-11-15,No,2023-11-19,2023-11-19
ORD-00245,East,Box Truck,Clear,508,2023-07-09,No,2023-07-11,2023-07-11
ORD-00246,South,Box Truck,Rain,1224,2022-10-08,No,2022-10-13,2022-10-13
ORD-00247,North,Van,Clear,150,2022-04-15,,2022-04-16,
ORD-00248,North,Box Truck,Clear,782,2022-01-12,No,2022-01-15,2022-01-15
ORD-00249,North,Box Truck,Clear,184,2022-01-26,No,2022-01-27,2022-01-27
ORD-00250,East,Van,Clear,429,2023-01-30,No,2023-02-01,2023-02-01
ORD-00251,South,Van,Clear,685,2022-10-19,No,2022-10-22,2022-10-22
ORD-00252,North,Van,Clear,1467,2023-09-17,No,2023-09-22,2023-09-22
ORD-00253,West,Van,Rain,1473,2022-03-19,,2022-03-24,2022-03-24
ORD-00254,North,Van,Clear,541,2023-04-03,No,2023-04-05,2023-04-08
ORD-00255,North,Van,Snow,927,2022-11-20,No,2022-11-24,2022-11-26
ORD-00256,East,Box Truck,Clear,370,2023-02-11,No,2023-02-13,2023-02-13
ORD-00257,East,Box Truck,Clear,455,2022-09-18,No,2022-09-20,2022-09-20
ORD-00258,South,Box Truck,Clear,565,2022-12-01,No,2022-12-03,2022-12-03
ORD-00259,West,Semi-Trailer,Rain,717,2022-03-26,No,2022-03-29,2022-03-30
ORD-00260,East,Van,Clear,1390,2022-06-06,,2022-06-11,2022-06-11
ORD-00261,North,Van,Clear,570,2023-09-21,No,2023-09-23,2023-09-23
ORD-00262,South,Semi-Trailer,Clear,1006,2022-04-08,No,2022-04-12,2022-04-12
ORD-00263,North,Van,Clear,68,2022-08-20,No,2022-08-21,2022-08-21
ORD-00264,North,Semi-Trailer,Fog,894,2022-11-20,No,2022-11-23,2022-11-25
ORD-00265,East,Semi-Trailer,Clear,1200,2023-01-26,,2023-01-31,2023-01-31
ORD-00266,South,Box Truck,Rain,976,2022-11-12,No,2022-11-16,2022-11-16
ORD-00267,West,Semi-Trailer,Rain,954,2023-08-23,,2023-08-27,2023-08-27
ORD-00268,West,Van,Clear,272,2023-03-31,No,2023-04-01,2023-04-01
ORD-00269,East,Van,Clear,1464,2023-02-26,Yes,2023-03-03,2023-03-05
ORD-00270,East,Box Truck,Rain,205,2023-02-28,No,2023-03-01,2023-03-01
ORD-00271,South,Van,Clear,363,2023-07-16,No,2023-07-18,2023-07-18
ORD-00272,West,Semi-Trailer,Clear,895,2022-10-04,No,2022-10-07,2022-10-07
ORD-00273,West,Van,Rain,950,2022-11-29,No,2022-12-03,2022-12-03
ORD-00274,West,Box Truck,Rain,924,2022-12-21,No,2022-12-25,2022-12-27
ORD-00275,North,Box Truck,Rain,56,2023-10-21,No,2023-10-22,2023-10-22
ORD-00276,West,Box Truck,Rain,762,2023-08-19,No,2023-08-22,2023-08-22
ORD-00277,North,Van,Clear,1342,2023-12-15,No,2023-12-20,2023-12-20
ORD-00278,South,Van,Clear,239,2023-05-06,,2023-05-07,2023-05-07
ORD-00279,North,Semi-Trailer,Clear,1444,2022-12-13,No,2022-12-18,2022-12-18
ORD-00280,South,Van,Rain,766,2022-04-15,No,2022-04-18,2022-04-18
ORD-00281,West,Semi-Trailer,Fog,325,2023-08-25,No,2023-08-27,2023-08-29
ORD-00282,West,Box Truck,Clear,771,2023-05-13,No,2023-05-16,2023-05-19
ORD-00283,South,Box Truck,Clear,1110,2022-05-08,No,2022-05-12,2022-05-12
ORD-00284,East,Box Truck,Clear,71,2023-04-06,No,2023-04-07,2023-04-07
ORD-00285,South,Van,Snow,247,2023-01-19,No,2023-01-20,2023-01-22
ORD-00286,East,Box Truck,Clear,87,2022-12-23,No,2022-12-24,2022-12-24
ORD-00287,North,Semi-Trailer,Clear,743,2023-02-08,No,2023-02-11,2023-02-11
ORD-00288,North,Van,Fog,568,2023-03-05,No,2023-03-07,2023-03-09
ORD-00289,North,Semi-Trailer,Snow,953,2022-09-22,No,2022-09-26,2022-09-27
ORD-00290,West,Van,Clear,659,2023-10-08,No,2023-10-11,2023-10-14
ORD-00291,North,Van,Fog,1449,2022-02-03,No,2022-02-08,2022-02-09
ORD-00292,East,Van,Clear,1057,2022-12-27,No,2022-12-31,2022-12-31
ORD-00293,North,Semi-Trailer,Clear,1062,2022-03-20,No,2022-03-24,2022-03-24
ORD-00294,South,Van,Clear,1168,2023-07-04,No,2023-07-08,2023-07-09
ORD-00295,South,Semi-Trailer,Snow,360,2022-11-10,No,2022-11-12,2022-11-15
ORD-00296,West,Semi-Trailer,Rain,922,2023-04-18,No,2023-04-22,2023-04-22
ORD-00297,South,Van,Clear,359,2023-12-23,No,2023-12-25,2023-12-25
ORD-00298,East,Van,Fog,1314,2023-06-06,No,2023-06-11,2023-06-15
ORD-00299,North,Box Truck,Clear,485,2022-03-19,No,2022-03-21,2022-03-21
ORD-00300,West,Van,Rain,301,2023-03-20,No,2023-03-22,2023-03-22
ORD-00301,North,Box Truck,Rain,1222,2023-06-12,No,2023-06-17,2023-06-17
ORD-00302,North,Van,Clear,1452,2022-06-17,No,2022-06-22,2022-06-22
ORD-00303,East,Van,Clear,897,2022-02-14,No,2022-02-17,2022-02-17
ORD-00304,South,Box Truck,Snow,477,2023-12-26,,2023-12-28,2024-01-01
ORD-00305,South,Van,Clear,1239,2023-02-10,No,2023-02-15,2023-02-15
ORD-00306,North,Van,Rain,1275,2022-05-09,No,2022-05-14,2022-05-14
ORD-00307,West,Van,Clear,315,2023-05-31,No,2023-06-02,2023-06-02
ORD-00308,South,Van,Rain,1217,2023-11-28,No,2023-12-03,2023-12-04
ORD-00309,West,Box Truck,Clear,487,2022-09-06,No,2022-09-08,2022-09-08
ORD-00310,South,Semi-Trailer,Clear,1161,2022-01-14,No,2022-01-18,2022-01-18
ORD-00311,West,Van,Clear,458,2022-09-22,No,2022-09-24,2022-09-24
ORD-00312,East,Box Truck,Snow,239,2023-02-12,,2023-02-13,2023-02-18
ORD-00313,West,Box Truck,Clear,1074,2023-12-27,No,2023-12-31,2023-12-31
ORD-00314,East,Van,Clear,802,2022-02-06,No,2022-02-09,2022-02-09
ORD-00315,East,Van,Fog,683,2022-09-01,No,2022-09-04,2022-09-05
ORD-00316,West,Semi-Trailer,Rain,1425,2023-02-25,No,2023-03-02,2023-03-02
ORD-00317,East,Box Truck,Clear,833,2023-02-09,No,2023-02-12,2023-02-12
ORD-00318,North,Box Truck,Fog,1373,2022-05-19,Yes,2022-05-24,2022-05-28
ORD-00319,East,Box Truck,Rain,845,2023-09-13,No,2023-09-16,
ORD-00320,South,Van,Clear,1054,2023-02-21,Yes,2023-02-25,2023-02-26
ORD-00321,West,Box Truck,Clear,356,2022-04-18,,2022-04-20,2022-04-20
ORD-00322,North,Box Truck,Rain,19,2023-08-22,No,2023-08-23,2023-08-23
ORD-00323,West,Box Truck,Rain,96,2023-11-09,No,2023-11-10,2023-11-10
ORD-00324,South,Van,Clear,554,2022-02-08,,2022-02-10,2022-02-12
ORD-00325,South,Van,Clear,882,2022-02-26,No,2022-03-01,2022-03-01
ORD-00326,South,Van,Clear,1372,2022-06-04,No,2022-06-09,2022-06-09
ORD-00327,East,Semi-Trailer,Clear,724,2022-07-10,,2022-07-13,2022-07-13
ORD-00328,East,Van,Clear,13,2022-09-19,No,2022-09-20,2022-09-20
ORD-00329,West,Van,Clear,1056,2023-08-25,,2023-08-29,2023-09-01
ORD-00330,West,Van,Rain,1230,2022-08-17,No,2022-08-22,2022-08-22
ORD-00331,North,Van,Rain,910,2022-04-10,No,2022-04-14,2022-04-14
ORD-00332,North,Box Truck,Clear,282,2023-09-04,No,2023-09-05,2023-09-05
ORD-00333,West,Box Truck,Clear,1484,2022-04-05,,2022-04-10,2022-04-12
ORD-00334,East,Box Truck,Clear,1140,2022-06-05,No,2022-06-09,2022-06-09
ORD-00335,South,Van,Clear,890,2023-09-09,Yes,2023-09-12,2023-09-12
ORD-00336,West,Box Truck,Fog,1411,2023-04-14,No,2023-04-19,2023-04-26
ORD-00337,North,Van,Rain,1233,2022-06-13,No,2022-06-18,2022-06-18
ORD-00338,East,Van,Clear,945,2022-06-07,No,2022-06-11,2022-06-12
ORD-00339,West,Van,Clear,11,2022-10-04,No,2022-10-05,2022-10-05
ORD-00340,West,Van,Clear,1154,2022-06-09,No,2022-06-13,2022-06-13
ORD-00341,East,Van,Rain,158,2023-03-05,No,2023-03-06,2023-03-06
ORD-00342,West,Box Truck,Clear,957,2023-12-23,No,2023-12-27,2023-12-27
ORD-00343,East,Box Truck,Snow,161,2022-10-04,No,2022-10-05,2022-10-07
ORD-00344,South,Semi-Trailer,Rain,315,2022-12-03,No,2022-12-05,
ORD-00345,East,Van,Clear,891,2022-09-20,,2022-09-23,2022-09-23
ORD-00346,East,Van,Snow,484,2023-05-23,No,2023-05-25,2023-05-26
ORD-00347,East,Van,Rain,1397,2023-06-03,No,2023-06-08,2023-06-08
ORD-00348,West,Semi-Trailer,Rain,816,2023-01-17,No,2023-01-20,2023-01-20
ORD-00349,West,Box Truck,Fog,1104,2023-11-19,No,2023-11-23,2023-11-24
ORD-00350,East,Box Truck,Clear,42,2022-08-07,No,2022-08-08,2022-08-08
ORD-00351,West,Van,Clear,1190,2023-03-24,No,2023-03-28,2023-03-29
ORD-00352,North,Box Truck,Snow,1363,2023-08-01,No,2023-08-06,2023-08-09
ORD-00353,North,Van,Rain,787,2022-12-12,No,2022-12-15,2022-12-15
ORD-00354,West,Box Truck,Fog,1420,2022-07-31,No,2022-08-05,2022-08-08
ORD-00355,West,Semi-Trailer,Clear,1192,2023-09-03,No,2023-09-07,2023-09-07
ORD-00356,East,Semi-Trailer,Rain,804,2023-08-22,No,2023-08-25,2023-08-25
ORD-00357,South,Box Truck,Clear,1260,2023-06-20,No,2023-06-25,2023-06-25
ORD-00358,West,Van,Clear,1285,2023-02-22,No,2023-02-27,2023-02-27
ORD-00359,North,Semi-Trailer,Clear,376,2022-11-24,No,2022-11-26,2022-11-26
ORD-00360,East,Box Truck,Clear,271,2023-04-10,No,2023-04-11,2023-04-11
ORD-00361,West,Van,Clear,655,2023-10-07,No,2023-10-10,2023-10-10
ORD-00362,North,Van,Rain,547,2023-05-10,No,2023-05-12,2023-05-14
ORD-00363,North,Van,Clear,1076,2023-09-22,No,2023-09-26,2023-09-29
ORD-00364,South,Van,Clear,25,2023-09-26,No,2023-09-27,2023-09-27
ORD-00365,East,Van,Clear,114,2023-05-25,No,2023-05-26,2023-05-26
ORD-00366,East,Box Truck,Clear,800,2023-06-20,No,2023-06-23,2023-06-23
ORD-00367,South,Van,Fog,1236,2023-09-10,No,2023-09-15,2023-09-17
ORD-00368,South,Van,Clear,729,2023-03-01,No,2023-03-04,2023-03-04
ORD-00369,East,Box Truck,Clear,1092,2022-12-11,No,2022-12-15,2022-12-15
ORD-00370,East,Semi-Trailer,Snow,1018,2022-03-03,No,2022-03-07,2022-03-11
ORD-00371,West,Box Truck,Rain,57,2022-09-20,No,2022-09-21,2022-09-21
ORD-00372,West,Van,Rain,669,2022-10-01,No,2022-10-04,2022-10-05
ORD-00373,South,Semi-Trailer,Rain,1310,2022-05-04,No,2022-05-09,2022-05-12
ORD-00374,West,Semi-Trailer,Fog,1445,2023-03-08,No,2023-03-13,2023-03-17
ORD-00375,North,Van,Clear,1211,2022-05-30,No,2022-06-04,2022-06-04
ORD-00376,West,Van,Fog,810,2023-03-30,No,2023-04-02,2023-04-06
ORD-00377,West,Box Truck,Snow,123,2023-08-13,No,2023-08-14,2023-08-15
ORD-00378,North,Semi-Trailer,Clear,305,2022-04-07,,2022-04-09,2022-04-12
ORD-00379,South,Semi-Trailer,Rain,447,2023-12-10,No,2023-12-12,2023-12-13
ORD-00380,North,Semi-Trailer,Rain,275,2022-08-03,No,2022-08-04,2022-08-04
ORD-00381,West,Box Truck,Clear,171,2023-12-08,No,2023-12-09,2023-12-09
ORD-00382,South,Box Truck,Clear,513,2023-11-01,,2023-11-03,2023-11-04
ORD-00383,West,Van,Fog,1069,2023-12-04,No,2023-12-08,2023-12-13
ORD-00384,North,Van,Clear,596,2022-08-09,No,2022-08-11,2022-08-11
ORD-00385,North,Van,Clear,467,2022-01-01,No,2022-01-03,2022-01-03
ORD-00386,West,Box Truck,Rain,1015,2023-05-11,No,2023-05-15,2023-05-15
ORD-00387,East,Box Truck,Clear,1404,2022-03-12,No,2022-03-17,2022-03-17
ORD-00388,East,Box Truck,Clear,281,2022-07-08,No,2022-07-09,2022-07-10
ORD-00389,North,Van,Rain,1212,2023-08-26,No,2023-08-31,2023-08-31
ORD-00390,North,Box Truck,Rain,489,2022-09-04,No,2022-09-06,
ORD-00391,East,Van,Clear,966,2023-08-16,No,2023-08-20,2023-08-20
ORD-00392,East,Van,Fog,168,2022-05-17,No,2022-05-18,
ORD-00393,West,Box Truck,Clear,764,2023-01-25,No,2023-01-28,2023-01-28
ORD-00394,West,Box Truck,Clear,213,2022-06-07,No,2022-06-08,2022-06-09
ORD-00395,East,Semi-Trailer,Clear,804,2023-05-14,No,2023-05-17,2023-05-17
ORD-00396,West,Van,Rain,1311,2023-02-09,No,2023-02-14,2023-02-14
ORD-00397,West,Van,Clear,1176,2023-05-10,No,2023-05-14,2023-05-14
ORD-00398,South,Van,Clear,521,2023-07-16,No,2023-07-18,2023-07-19
ORD-00399,West,Van,Snow,125,2022-10-04,No,2022-10-05,2022-10-07
ORD-00400,North,Semi-Trailer,Clear,401,2023-12-09,No,2023-12-11,2023-12-11
ORD-00401,West,Box Truck,Rain,1376,2023-07-26,No,2023-07-31,2023-07-31
ORD-00402,West,Semi-Trailer,Clear,1406,2023-01-23,No,2023-01-28,2023-01-29
ORD-00403,East,Van,Fog,697,2023-01-31,No,2023-02-03,2023-02-04
ORD-00404,North,Semi-Trailer,Clear,939,2022-01-21,No,2022-01-25,2022-01-25
ORD-00405,West,Van,Clear,735,2022-06-30,No,2022-07-03,2022-07-03
ORD-00406,West,Semi-Trailer,Clear,378,2023-10-28,No,2023-10-30,2023-10-30
ORD-00407,South,Van,Snow,1248,2023-04-20,No,2023-04-25,2023-04-27
ORD-00408,West,Van,Snow,578,2022-09-03,No,2022-09-05,2022-09-11
ORD-00409,West,Box Truck,Clear,910,2023-04-15,No,2023-04-19,2023-04-19
ORD-00410,South,Semi-Trailer,Rain,750,2023-07-16,No,2023-07-19,2023-07-22
ORD-00411,East,Van,Clear,336,2022-12-02,No,2022-12-04,2022-12-04
ORD-00412,West,Van,Fog,46,2023-07-12,No,2023-07-13,2023-07-15
ORD-00413,South,Semi-Trailer,Fog,995,2022-01-25,Yes,2022-01-29,2022-02-01
ORD-00414,North,Van,Fog,389,2022-05-31,No,2022-06-02,2022-06-08
ORD-00415,East,Van,Snow,805,2022-02-02,No,2022-02-05,2022-02-08
ORD-00416,North,Van,Fog,1357,2023-10-31,No,2023-11-05,2023-11-09
ORD-00417,North,Van,Clear,378,2022-08-07,,2022-08-09,2022-08-09
ORD-00418,South,Semi-Trailer,Snow,233,2022-11-19,No,2022-11-20,2022-11-26
ORD-00419,West,Box Truck,Rain,823,2022-01-01,No,2022-01-04,2022-01-05
ORD-00420,South,Box Truck,Fog,1133,2023-03-25,No,2023-03-29,2023-03-30
ORD-00421,South,Semi-Trailer,Clear,1108,2022-03-05,No,2022-03-09,2022-03-09
ORD-00422,South,Van,Clear,733,2023-01-13,No,2023-01-16,2023-01-17
ORD-00423,South,Van,Clear,1470,2023-10-30,No,2023-11-04,2023-11-06
ORD-00424,East,Van,Rain,712,2023-01-15,No,2023-01-18,2023-01-19
ORD-00425,West,Van,Clear,1401,2023-09-20,No,2023-09-25,2023-09-27
ORD-00426,North,Van,Clear,72,2022-04-08,No,2022-04-09,2022-04-09
ORD-00427,North,Semi-Trailer,Clear,108,2022-03-07,,2022-03-08,2022-03-09
ORD-00428,West,Box Truck,Clear,786,2022-03-08,No,2022-03-11,2022-03-13
ORD-00429,North,Van,Clear,1258,2022-03-11,No,2022-03-16,2022-03-17
ORD-00430,West,Box Truck,Clear,84,2022-04-13,No,2022-04-14,2022-04-14
ORD-00431,North,Box Truck,Fog,193,2023-12-01,No,2023-12-02,2023-12-05
ORD-00432,South,Semi-Trailer,Rain,1326,2022-11-13,,2022-11-18,2022-11-18
ORD-00433,North,Semi-Trailer,Clear,1090,2022-01-25,No,2022-01-29,2022-01-30
ORD-00434,West,Box Truck,Rain,1282,2023-08-10,No,2023-08-15,2023-08-15
ORD-00435,West,Box Truck,Rain,478,2022-09-26,No,2022-09-28,2022-09-28
ORD-00436,West,Box Truck,Clear,149,2023-09-18,No,2023-09-19,2023-09-19
ORD-00437,West,Box Truck,Clear,368,2022-08-07,No,2022-08-09,
ORD-00438,West,Van,Rain,1441,2022-09-09,No,2022-09-14,2022-09-14
ORD-00439,East,Van,Clear,1479,2022-12-08,No,2022-12-13,2022-12-13
ORD-00440,East,Box Truck,Rain,989,2023-04-07,No,2023-04-11,2023-04-11
ORD-00441,North,Van,Clear,1265,2022-01-13,No,2022-01-18,2022-01-19
ORD-00442,West,Van,Clear,309,2022-12-19,Yes,2022-12-21,2022-12-21
ORD-00443,North,Box Truck,Fog,435,2022-02-12,No,2022-02-14,2022-02-17
ORD-00444,West,Van,Clear,1004,2022-10-04,No,2022-10-08,2022-10-08
ORD-00445,West,Box Truck,Rain,170,2023-04-01,No,2023-04-02,2023-04-04
ORD-00446,East,Box Truck,Clear,410,2022-04-27,No,2022-04-29,2022-05-01
ORD-00447,East,Semi-Trailer,Clear,1411,2023-08-12,No,2023-08-17,2023-08-18
ORD-00448,South,Van,Clear,1290,2022-11-10,No,2022-11-15,2022-11-15
ORD-00449,East,Van,Clear,750,2022-04-05,No,2022-04-08,2022-04-08
ORD-00450,South,Box Truck,Clear,871,2022-06-16,No,2022-06-19,2022-06-19
ORD-00451,South,Semi-Trailer,Clear,503,2023-04-25,No,2023-04-27,2023-04-27
ORD-00452,South,Semi-Trailer,Clear,498,2023-07-21,No,2023-07-23,2023-07-23
ORD-00453,South,Van,Rain,1215,2023-01-25,,2023-01-30,2023-01-30
ORD-00454,South,Van,Clear,535,2023-03-04,No,2023-03-06,2023-03-06
ORD-00455,North,Semi-Trailer,Snow,1133,2023-03-10,No,2023-03-14,2023-03-16
ORD-00456,East,Van,Clear,746,2023-01-03,No,2023-01-06,2023-01-06
ORD-00457,South,Box Truck,Clear,367,2022-10-31,No,2022-11-02,2022-11-02
ORD-00458,West,Van,Rain,1264,2023-11-26,No,2023-12-01,2023-12-01
ORD-00459,East,Van,Clear,574,2022-04-25,,2022-04-27,2022-04-27
ORD-00460,East,Van,Clear,1039,2022-09-03,Yes,2022-09-07,2022-09-07
ORD-00461,South,Van,Clear,99,2022-01-15,No,2022-01-16,2022-01-16
ORD-00462,North,Box Truck,Snow,73,2023-08-08,,2023-08-09,2023-08-11
ORD-00463,South,Semi-Trailer,Rain,1121,2023-01-15,No,2023-01-19,2023-01-19
ORD-00464,North,Van,Clear,1066,2022-05-28,No,2022-06-01,2022-06-01
ORD-00465,West,Semi-Trailer,Clear,1105,2022-04-23,No,2022-04-27,2022-04-28
ORD-00466,East,Van,Snow,262,2022-11-12,No,2022-11-13,2022-11-15
ORD-00467,West,Box Truck,Clear,116,2023-04-20,No,2023-04-21,2023-04-21
ORD-00468,North,Van,Clear,939,2022-12-18,,2022-12-22,2022-12-22
ORD-00469,North,Semi-Trailer,Clear,523,2022-10-27,No,2022-10-29,2022-10-29
ORD-00470,West,Box Truck,Clear,145,2022-07-06,No,2022-07-07,2022-07-07
ORD-00471,North,Box Truck,Clear,638,2023-10-13,No,2023-10-16,
ORD-00472,West,Semi-Trailer,Snow,418,2022-08-03,No,2022-08-05,2022-08-09
ORD-00473,East,Box Truck,Clear,130,2023-12-19,No,2023-12-20,2023-12-20
ORD-00474,West,Semi-Trailer,Clear,809,2023-02-16,No,2023-02-19,2023-02-19
ORD-00475,East,Box Truck,Fog,833,2022-02-26,No,2022-03-01,2022-03-05
ORD-00476,West,Semi-Trailer,Clear,1127,2022-08-28,No,2022-09-01,2022-09-01
ORD-00477,North,Box Truck,Clear,514,2023-04-20,No,2023-04-22,2023-04-22
ORD-00478,West,Van,Clear,16,2022-03-18,No,2022-03-19,2022-03-22
ORD-00479,North,Box Truck,Rain,953,2022-04-23,No,2022-04-27,2022-04-27
ORD-00480,West,Van,Clear,200,2022-01-18,No,2022-01-19,2022-01-19
ORD-00481,West,Box Truck,Clear,466,2023-05-21,No,2023-05-23,2023-05-23
ORD-00482,South,Van,Fog,395,2022-11-24,No,2022-11-26,2022-11-28
ORD-00483,North,Box Truck,Snow,812,2023-11-08,,2023-11-11,2023-11-13
ORD-00484,South,Van,Rain,875,2023-03-11,No,2023-03-14,2023-03-16
ORD-00485,North,Van,Clear,1032,2022-10-19,No,2022-10-23,2022-10-23
ORD-00486,South,Van,Clear,287,2023-09-14,Yes,2023-09-15,2023-09-16
ORD-00487,East,Semi-Trailer,Clear,1481,2022-11-05,No,2022-11-10,2022-11-11
ORD-00488,West,Van,Clear,836,2023-02-20,No,2023-02-23,2023-02-23
ORD-00489,North,Van,Rain,954,2023-09-06,No,2023-09-10,2023-09-10
ORD-00490,North,Box Truck,Clear,61,2023-01-02,No,2023-01-03,2023-01-03
ORD-00491,West,Box Truck,Snow,1438,2023-03-26,No,2023-03-31,2023-04-03
ORD-00492,North,Van,Clear,405,2023-05-09,No,2023-05-11,2023-05-11
ORD-00493,North,Van,Clear,788,2023-11-07,No,2023-11-10,2023-11-12
ORD-00494,South,Van,Rain,703,2022-11-20,No,2022-11-23,2022-11-26
ORD-00495,North,Semi-Trailer,Clear,220,2023-09-17,No,2023-09-18,2023-09-18
ORD-00496,East,Van,Snow,899,2022-02-24,No,2022-02-27,2022-03-02
ORD-00497,East,Van,Fog,279,2023-01-08,No,2023-01-09,2023-01-12
ORD-00498,West,Van,Clear,554,2022-10-17,No,2022-10-19,2022-10-19
ORD-00499,North,Van,Clear,1016,2022-01-16,No,2022-01-20,2022-01-20
ORD-00500,West,Box Truck,Clear,854,2022-11-01,No,2022-11-04,2022-11-04
ORD-00501,East,Van,Rain,1025,2022-01-26,No,2022-01-30,2022-01-30
ORD-00502,North,Van,Clear,1315,2023-04-02,No,2023-04-07,2023-04-07
ORD-00503,North,Van,Rain,407,2023-07-31,No,2023-08-02,2023-08-02
ORD-00504,West,Van,Clear,1249,2022-05-11,,2022-05-16,2022-05-19
ORD-00505,East,Van,Rain,1465,2023-02-10,No,2023-02-15,2023-02-15
ORD-00506,North,Semi-Trailer,Rain,1354,2023-08-13,No,2023-08-18,2023-08-18
ORD-00507,West,Box Truck,Clear,823,2022-04-18,No,2022-04-21,2022-04-21
ORD-00508,East,Semi-Trailer,Clear,648,2022-11-22,No,2022-11-25,2022-11-25
ORD-00509,West,Semi-Trailer,Clear,502,2023-09-08,No,2023-09-10,2023-09-10
ORD-00510,South,Box Truck,Clear,960,2023-04-22,No,2023-04-26,2023-04-28
ORD-00511,North,Van,Clear,137,2022-04-19,Yes,2022-04-20,2022-04-20
ORD-00512,South,Box Truck,Clear,83,2022-10-17,No,2022-10-18,2022-10-18
ORD-00513,East,Semi-Trailer,Fog,461,2022-04-28,No,2022-04-30,2022-05-02
ORD-00514,South,Box Truck,Fog,1495,2022-09-08,No,2022-09-13,2022-09-17
ORD-00515,South,Box Truck,Snow,447,2022-12-09,No,2022-12-11,2022-12-16
ORD-00516,East,Van,Clear,1289,2022-06-04,No,2022-06-09,2022-06-10
ORD-00517,West,Semi-Trailer,Rain,457,2022-11-10,No,2022-11-12,2022-11-14
ORD-00518,South,Box Truck,Clear,1135,2023-10-25,No,2023-10-29,2023-10-29
ORD-00519,West,Semi-Trailer,Clear,568,2023-04-26,No,2023-04-28,2023-04-28
ORD-00520,South,Van,Clear,979,2023-07-29,No,2023-08-02,2023-08-02
ORD-00521,West,Van,Clear,946,2023-07-04,No,2023-07-08,2023-07-11
ORD-00522,East,Van,Clear,292,2023-07-10,Yes,2023-07-11,2023-07-11
ORD-00523,South,Box Truck,Clear,769,2023-04-10,No,2023-04-13,2023-04-13
ORD-00524,East,Van,Fog,1237,2023-10-21,No,2023-10-26,2023-10-30
ORD-00525,South,Van,Clear,95,2023-11-14,No,2023-11-15,2023-11-15
ORD-00526,East,Semi-Trailer,Fog,1357,2023-09-21,No,2023-09-26,2023-09-27
ORD-00527,East,Van,Clear,173,2022-06-26,No,2022-06-27,2022-06-30
ORD-00528,South,Semi-Trailer,Clear,886,2022-11-10,No,2022-11-13,2022-11-15
ORD-00529,South,Van,Clear,1090,2023-06-14,No,2023-06-18,2023-06-18
ORD-00530,South,Semi-Trailer,Rain,215,2022-01-11,No,2022-01-12,2022-01-12
ORD-00531,North,Box Truck,Clear,1462,2023-08-29,No,2023-09-03,2023-09-03
ORD-00532,West,Semi-Trailer,Clear,157,2023-08-14,No,2023-08-15,2023-08-15
ORD-00533,North,Semi-Trailer,Clear,1334,2023-11-29,No,2023-12-04,2023-12-04
ORD-00534,North,Van,Clear,800,2023-05-22,No,2023-05-25,2023-05-25
ORD-00535,East,Van,Rain,1323,2023-05-16,No,2023-05-21,2023-05-21
ORD-00536,South,Van,Clear,1054,2022-12-10,Yes,2022-12-14,2022-12-14
ORD-00537,West,Box Truck,Clear,956,2023-01-07,No,2023-01-11,2023-01-14
ORD-00538,East,Semi-Trailer,Snow,1170,2023-05-11,No,2023-05-15,2023-05-17
ORD-00539,North,Van,Clear,1402,2022-02-20,No,2022-02-25,2022-02-28
ORD-00540,South,Box Truck,Rain,566,2022-07-23,,2022-07-25,2022-07-25
ORD-00541,East,Van,Rain,1469,2022-10-17,No,2022-10-22,2022-10-22
ORD-00542,South,Semi-Trailer,Fog,770,2022-10-04,No,2022-10-07,2022-10-08
ORD-00543,East,Semi-Trailer,Clear,39,2022-07-26,No,2022-07-27,2022-07-27
ORD-00544,South,Van,Rain,1481,2022-02-06,No,2022-02-11,2022-02-11
ORD-00545,North,Van,Clear,234,2022-09-29,No,2022-09-30,2022-09-30
ORD-00546,West,Van,Rain,1419,2023-07-22,No,2023-07-27,2023-07-27
ORD-00547,North,Box Truck,Clear,438,2023-01-28,No,2023-01-30,2023-01-30
ORD-00548,West,Box Truck,Clear,538,2023-11-16,No,2023-11-18,2023-11-18
ORD-00549,South,Van,Snow,1061,2023-04-16,,2023-04-20,2023-04-21
ORD-00550,East,Van,Clear,135,2023-11-29,Yes,2023-11-30,2023-11-30
ORD-00551,North,Van,Snow,822,2022-09-23,No,2022-09-26,2022-09-28
ORD-00552,West,Box Truck,Snow,508,2023-03-03,Yes,2023-03-05,2023-03-08
ORD-00553,North,Box Truck,Clear,1220,2023-10-23,No,2023-10-28,2023-10-28
ORD-00554,West,Van,Clear,663,2022-10-17,No,2022-10-20,2022-10-20
ORD-00555,North,Box Truck,Clear,1405,2022-05-02,No,2022-05-07,2022-05-07
ORD-00556,West,Box Truck,Fog,147,2022-08-22,,2022-08-23,2022-08-27
ORD-00557,West,Van,Clear,1003,2022-07-01,No,2022-07-05,2022-07-07
ORD-00558,South,Van,Clear,1370,2023-01-18,No,2023-01-23,2023-01-23
ORD-00559,West,Box Truck,Rain,750,2023-05-24,No,2023-05-27,2023-05-27
ORD-00560,South,Semi-Trailer,Fog,223,2022-02-03,No,2022-02-04,2022-02-08
ORD-00561,West,Van,Rain,300,2022-12-10,No,2022-12-12,2022-12-12
ORD-00562,East,Van,Rain,953,2023-10-11,No,2023-10-15,2023-10-15
ORD-00563,East,Van,Clear,380,2023-03-09,Yes,2023-03-11,2023-03-12
ORD-00564,East,Box Truck,Clear,539,2022-04-04,No,2022-04-06,2022-04-06
ORD-00565,West,Van,Clear,701,2023-01-29,No,2023-02-01,2023-02-01
ORD-00566,South,Van,Snow,558,2023-08-27,No,2023-08-29,2023-09-01
ORD-00567,South,Box Truck,Rain,1329,2023-12-26,No,2023-12-31,2023-12-31
ORD-00568,West,Box Truck,Rain,783,2022-12-09,No,2022-12-12,2022-12-12
ORD-00569,East,Van,Rain,1026,2023-12-24,No,2023-12-28,2023-12-28
ORD-00570,East,Van,Clear,428,2022-03-13,No,2022-03-15,2022-03-15
ORD-00571,South,Box Truck,Clear,370,2022-03-20,No,2022-03-22,2022-03-22
ORD-00572,East,Van,Clear,1191,2023-04-20,No,2023-04-24,2023-04-24
ORD-00573,North,Van,Clear,1108,2023-01-07,No,2023-01-11,2023-01-11
ORD-00574,South,Semi-Trailer,Rain,1405,2022-07-27,No,2022-08-01,2022-08-01
ORD-00575,East,Van,Clear,929,2022-05-22,No,2022-05-26,2022-05-27
ORD-00576,South,Box Truck,Rain,576,2022-07-06,Yes,2022-07-08,2022-07-08
ORD-00577,North,Semi-Trailer,Rain,727,2023-04-21,No,2023-04-24,2023-04-24
ORD-00578,South,Van,Clear,736,2022-11-28,No,2022-12-01,2022-12-01
ORD-00579,South,Van,Clear,1139,2022-04-24,No,2022-04-28,2022-04-28
ORD-00580,South,Box Truck,Clear,376,2022-01-13,No,2022-01-15,2022-01-15
ORD-00581,South,Semi-Trailer,Clear,411,2023-05-27,No,2023-05-29,2023-05-29
ORD-00582,North,Semi-Trailer,Rain,112,2023-04-06,No,2023-04-07,2023-04-07
ORD-00583,West,Box Truck,Clear,796,2023-01-25,No,2023-01-28,2023-01-28
ORD-00584,South,Van,Snow,334,2022-01-31,No,2022-02-02,2022-02-06
ORD-00585,South,Box Truck,Rain,382,2022-10-08,No,2022-10-10,2022-10-10
ORD-00586,East,Van,Clear,347,2022-07-19,No,2022-07-21,2022-07-24
ORD-00587,South,Van,Rain,900,2022-04-14,No,2022-04-18,2022-04-20
ORD-00588,East,Van,Rain,1066,2022-06-28,,2022-07-02,2022-07-02
ORD-00589,West,Van,Rain,1141,2023-07-18,No,2023-07-22,2023-07-22
ORD-00590,North,Box Truck,Clear,1455,2022-01-08,No,2022-01-13,2022-01-13
ORD-00591,North,Van,Clear,1302,2023-10-13,No,2023-10-18,2023-10-18
ORD-00592,West,Van,Clear,1106,2023-03-04,No,2023-03-08,2023-03-08
ORD-00593,North,Van,Clear,1214,2022-05-14,No,2022-05-19,2022-05-19
ORD-00594,West,Semi-Trailer,Rain,1185,2023-10-01,No,2023-10-05,2023-10-05
ORD-00595,West,Box Truck,Rain,1101,2022-03-30,No,2022-04-03,2022-04-03
ORD-00596,West,Van,Fog,1405,2023-02-01,Yes,2023-02-06,2023-02-07
ORD-00597,North,Van,Clear,1381,2022-06-27,No,2022-07-02,2022-07-02
ORD-00598,East,Van,Clear,1006,2022-11-09,No,2022-11-13,2022-11-14
ORD-00599,West,Semi-Trailer,Rain,41,2023-02-28,,2023-03-01,2023-03-03
ORD-00600,South,Box Truck,Clear,936,2022-10-16,No,2022-10-20,2022-10-21
ORD-00601,North,Box Truck,Clear,629,2023-12-19,No,2023-12-22,2023-12-24
ORD-00602,West,Box Truck,Clear,1112,2022-01-10,No,2022-01-14,2022-01-14
ORD-00603,West,Van,Clear,1292,2023-08-09,No,2023-08-14,2023-08-14
ORD-00604,South,Semi-Trailer,Rain,887,2023-12-09,No,2023-12-12,2023-12-12
ORD-00605,East,Box Truck,Clear,184,2023-05-10,No,2023-05-11,2023-05-11
ORD-00606,East,Van,Rain,1400,2022-06-24,No,2022-06-29,2022-07-02
ORD-00607,East,Van,Snow,24,2023-06-29,No,2023-06-30,2023-07-04
ORD-00608,West,Box Truck,Clear,1084,2023-01-03,No,2023-01-07,2023-01-07
ORD-00609,West,Semi-Trailer,Fog,116,2022-04-25,No,2022-04-26,2022-04-30
ORD-00610,West,Van,Clear,478,2022-07-20,No,2022-07-22,2022-07-22
ORD-00611,North,Semi-Trailer,Fog,211,2023-03-31,No,2023-04-01,2023-04-04
ORD-00612,South,Box Truck,Clear,1251,2022-08-29,No,2022-09-03,2022-09-03
ORD-00613,West,Van,Rain,1074,2022-01-20,No,2022-01-24,2022-01-24
ORD-00614,South,Van,Clear,1418,2023-08-23,No,2023-08-28,2023-08-28
ORD-00615,South,Van,Rain,926,2022-11-07,No,2022-11-11,2022-11-13
ORD-00616,East,Box Truck,Rain,345,2023-01-12,,2023-01-14,2023-01-14
ORD-00617,North,Van,Clear,114,2022-01-20,No,2022-01-21,2022-01-21
ORD-00618,West,Van,Fog,212,2022-02-01,No,2022-02-02,2022-02-07
ORD-00619,East,Box Truck,Clear,1128,2022-12-29,No,2023-01-02,2023-01-02
ORD-00620,East,Box Truck,Clear,1210,2022-03-13,No,2022-03-18,2022-03-18
ORD-00621,West,Van,Rain,74,2023-01-28,No,2023-01-29,2023-01-29
ORD-00622,South,Van,Rain,562,2022-08-29,No,2022-08-31,2022-08-31
ORD-00623,East,Van,Clear,233,2022-12-26,No,2022-12-27,2022-12-27
ORD-00624,South,Box Truck,Clear,389,2022-06-16,No,2022-06-18,2022-06-18
ORD-00625,North,Semi-Trailer,Fog,264,2023-10-28,No,2023-10-29,2023-11-01
ORD-00626,South,Van,Rain,1331,2022-06-26,,2022-07-01,2022-07-01
ORD-00627,North,Semi-Trailer,Clear,180,2022-10-13,,2022-10-14,2022-10-17
ORD-00628,South,Box Truck,Clear,622,2023-01-23,,2023-01-26,2023-01-28
ORD-00629,East,Box Truck,Fog,661,2022-12-14,No,2022-12-17,2022-12-21
ORD-00630,East,Box Truck,Rain,727,2022-07-01,No,2022-07-04,2022-07-04
ORD-00631,North,Van,Fog,841,2022-04-19,No,2022-04-22,2022-04-26
ORD-00632,West,Van,Clear,1397,2022-05-18,No,2022-05-23,2022-05-23
ORD-00633,North,Box Truck,Rain,828,2023-11-19,No,2023-11-22,2023-11-22
ORD-00634,North,Box Truck,Rain,82,2023-04-23,No,2023-04-24,2023-04-24
ORD-00635,South,Box Truck,Clear,1093,2023-11-28,No,2023-12-02,2023-12-03
ORD-00636,South,Van,Clear,464,2022-04-08,Yes,2022-04-10,2022-04-10
ORD-00637,North,Semi-Trailer,Rain,345,2023-06-21,No,2023-06-23,2023-06-24
ORD-00638,East,Box Truck,Clear,677,2023-07-26,,2023-07-29,2023-07-29
ORD-00639,South,Van,Snow,1157,2022-09-03,No,2022-09-07,2022-09-10
ORD-00640,West,Van,Snow,1488,2022-08-29,No,2022-09-03,2022-09-07
ORD-00641,South,Box Truck,Snow,23,2023-11-19,No,2023-11-20,2023-11-23
ORD-00642,South,Box Truck,Snow,1449,2023-11-12,Yes,2023-11-17,2023-11-18
ORD-00643,West,Van,Clear,36,2022-09-01,,2022-09-02,2022-09-02
ORD-00644,North,Semi-Trailer,Clear,1083,2023-03-17,No,2023-03-21,2023-03-21
ORD-00645,West,Van,Snow,196,2023-04-07,No,2023-04-08,2023-04-10
ORD-00646,North,Van,Clear,1090,2023-12-09,No,2023-12-13,2023-12-13
ORD-00647,North,Semi-Trailer,Clear,780,2023-09-25,No,2023-09-28,2023-09-29
ORD-00648,North,Semi-Trailer,Clear,676,2022-04-19,No,2022-04-22,2022-04-22
ORD-00649,West,Box Truck,Clear,999,2023-12-10,No,2023-12-14,
ORD-00650,North,Semi-Trailer,Rain,1067,2023-02-20,,2023-02-24,2023-02-24
ORD-00651,East,Van,Clear,547,2023-09-14,No,2023-09-16,2023-09-16
ORD-00652,West,Semi-Trailer,Clear,945,2022-09-20,No,2022-09-24,2022-09-24
ORD-00653,East,Van,Fog,380,2022-03-22,No,2022-03-24,2022-03-28
ORD-00654,North,Van,Rain,95,2022-04-01,No,2022-04-02,2022-04-02
ORD-00655,South,Van,Rain,169,2023-09-03,No,2023-09-04,2023-09-04
ORD-00656,North,Van,Rain,434,2022-03-25,No,2022-03-27,2022-03-27
ORD-00657,East,Van,Snow,1139,2023-08-14,No,2023-08-18,2023-08-20
ORD-00658,East,Van,Rain,1424,2023-12-28,No,2024-01-02,2024-01-02
ORD-00659,West,Van,Clear,284,2023-08-25,No,2023-08-26,2023-08-26
ORD-00660,South,Van,Fog,1322,2022-07-31,No,2022-08-05,2022-08-09
ORD-00661,West,Box Truck,Clear,267,2023-05-04,No,2023-05-05,2023-05-05
ORD-00662,East,Van,Fog,972,2023-08-18,No,2023-08-22,2023-08-23
ORD-00663,North,Van,Clear,1253,2022-05-14,No,2022-05-19,2022-05-22
ORD-00664,South,Box Truck,Clear,983,2023-05-29,No,2023-06-02,2023-06-02
ORD-00665,North,Semi-Trailer,Clear,536,2023-05-25,Yes,2023-05-27,2023-05-27
ORD-00666,North,Box Truck,Clear,542,2023-02-12,No,2023-02-14,2023-02-16
ORD-00667,South,Van,Rain,1092,2023-05-04,No,2023-05-08,2023-05-08
ORD-00668,West,Box Truck,Fog,1393,2022-05-19,No,2022-05-24,2022-05-31
ORD-00669,North,Van,Fog,122,2022-12-30,No,2022-12-31,2023-01-04
ORD-00670,East,Van,Fog,1309,2022-05-25,No,2022-05-30,2022-06-02
ORD-00671,North,Van,Clear,266,2023-01-03,No,2023-01-04,2023-01-04
ORD-00672,South,Semi-Trailer,Fog,338,2023-10-25,No,2023-10-27,2023-10-31
ORD-00673,South,Van,Clear,786,2023-11-14,No,2023-11-17,2023-11-17
ORD-00674,South,Van,Snow,1268,2022-06-30,No,2022-07-05,2022-07-06
ORD-00675,West,Van,Clear,60,2023-02-12,No,2023-02-13,2023-02-13
ORD-00676,North,Semi-Trailer,Clear,230,2022-02-09,No,2022-02-10,2022-02-13
ORD-00677,West,Box Truck,Fog,792,2023-03-31,No,2023-04-03,2023-04-07
ORD-00678,West,Van,Fog,605,2023-12-28,No,2023-12-31,2024-01-01
ORD-00679,South,Box Truck,Rain,1263,2022-04-21,No,2022-04-26,2022-04-26
ORD-00680,South,Box Truck,Rain,231,2022-08-09,No,2022-08-10,2022-08-10
ORD-00681,West,Box Truck,Clear,952,2023-12-21,No,2023-12-25,2023-12-25
ORD-00682,North,Van,Rain,1087,2022-01-30,No,2022-02-03,2022-02-03
ORD-00683,East,Semi-Trailer,Rain,1306,2023-08-20,No,2023-08-25,2023-08-25
ORD-00684,West,Van,Clear,207,2022-06-16,No,2022-06-17,2022-06-17
ORD-00685,North,Box Truck,Clear,137,2023-02-04,No,2023-02-05,2023-02-05
ORD-00686,South,Van,Clear,1042,2022-10-23,No,2022-10-27,2022-10-27
ORD-00687,South,Van,Rain,996,2023-03-17,No,2023-03-21,2023-03-21
ORD-00688,North,Van,Clear,236,2022-08-17,No,2022-08-18,2022-08-18
ORD-00689,East,Box Truck,Clear,567,2023-08-06,No,2023-08-08,2023-08-10
ORD-00690,South,Van,Clear,1167,2022-12-17,No,2022-12-21,2022-12-21
ORD-00691,South,Box Truck,Clear,1049,2023-10-07,No,2023-10-11,2023-10-11
ORD-00692,South,Van,Rain,224,2023-05-19,No,2023-05-20,2023-05-20
ORD-00693,North,Box Truck,Rain,1145,2023-01-27,No,2023-01-31,2023-01-31
ORD-00694,West,Semi-Trailer,Clear,864,2022-01-26,Yes,2022-01-29,2022-01-29
ORD-00695,South,Box Truck,Clear,1190,2023-05-11,No,2023-05-15,2023-05-15
ORD-00696,West,Box Truck,Clear,434,2022-07-01,No,2022-07-03,2022-07-03
ORD-00697,East,Box Truck,Snow,1485,2023-02-28,No,2023-03-05,2023-03-07
ORD-00698,South,Van,Clear,327,2023-06-05,,2023-06-07,2023-06-10
ORD-00699,South,Semi-Trailer,Clear,369,2022-12-02,No,2022-12-04,2022-12-07
ORD-00700,East,Van,Rain,1409,2022-05-18,No,2022-05-23,2022-05-23
ORD-00701,South,Box Truck,Clear,945,2022-07-14,No,2022-07-18,2022-07-18
ORD-00702,West,Box Truck,Snow,967,2022-09-11,No,2022-09-15,2022-09-18
ORD-00703,North,Van,Clear,929,2023-02-15,No,2023-02-19,2023-02-19
ORD-00704,West,Van,Rain,911,2023-07-13,No,2023-07-17,2023-07-17
ORD-00705,North,Van,Clear,1329,2022-11-21,No,2022-11-26,2022-11-26
ORD-00706,North,Semi-Trailer,Clear,207,2023-03-01,,2023-03-02,2023-03-02
ORD-00707,West,Semi-Trailer,Clear,407,2023-08-25,No,2023-08-27,2023-08-27
ORD-00708,West,Box Truck,Snow,599,2023-07-11,No,2023-07-13,2023-07-16
ORD-00709,West,Box Truck,Fog,251,2022-03-07,No,2022-03-08,2022-03-09
ORD-00710,West,Semi-Trailer,Clear,438,2023-09-28,No,2023-09-30,2023-10-01
ORD-00711,East,Van,Snow,620,2023-11-03,No,2023-11-06,2023-11-08
ORD-00712,South,Van,Rain,15,2023-03-30,No,2023-03-31,2023-04-01
ORD-00713,North,Box Truck,Fog,1351,2022-02-10,No,2022-02-15,2022-02-16
ORD-00714,West,Semi-Trailer,Snow,1245,2023-01-27,No,2023-02-01,2023-02-02
ORD-00715,West,Semi-Trailer,Clear,1306,2022-05-21,No,2022-05-26,2022-05-26
ORD-00716,West,Van,Rain,1117,2022-12-18,No,2022-12-22,2022-12-22
ORD-00717,East,Van,Clear,719,2022-08-06,No,2022-08-09,2022-08-09
ORD-00718,West,Van,Clear,369,2022-03-26,No,2022-03-28,2022-03-29
ORD-00719,West,Van,Clear,1414,2023-10-31,No,2023-11-05,2023-11-05
ORD-00720,West,Van,Fog,1174,2023-05-04,No,2023-05-08,2023-05-14
ORD-00721,South,Box Truck,Fog,1206,2023-02-15,No,2023-02-20,2023-02-23
ORD-00722,East,Van,Rain,1053,2023-08-30,No,2023-09-03,2023-09-03
ORD-00723,West,Semi-Trailer,Fog,512,2022-07-26,No,2022-07-28,2022-08-01
ORD-00724,North,Van,Snow,236,2023-04-07,No,2023-04-08,2023-04-12
ORD-00725,North,Box Truck,Clear,118,2022-03-25,No,2022-03-26,2022-03-27
ORD-00726,North,Van,Clear,752,2023-10-06,No,2023-10-09,2023-10-09
ORD-00727,East,Van,Clear,1353,2023-02-08,No,2023-02-13,2023-02-13
ORD-00728,East,Van,Clear,1341,2022-03-27,No,2022-04-01,2022-04-01
ORD-00729,North,Semi-Trailer,Clear,820,2023-06-02,No,2023-06-05,2023-06-05
ORD-00730,West,Semi-Trailer,Clear,1120,2023-12-14,No,2023-12-18,2023-12-18
ORD-00731,East,Van,Snow,795,2023-04-06,No,2023-04-09,2023-04-12
ORD-00732,North,Van,Snow,237,2023-06-10,No,2023-06-11,2023-06-13
ORD-00733,North,Semi-Trailer,Rain,861,2023-01-26,No,2023-01-29,2023-01-29
ORD-00734,West,Van,Fog,1343,2023-07-12,,2023-07-17,2023-07-19
ORD-00735,South,Van,Clear,837,2023-05-18,No,2023-05-21,2023-05-24
ORD-00736,East,Box Truck,Snow,388,2022-05-16,No,2022-05-18,2022-05-19
ORD-00737,West,Semi-Trailer,Clear,394,2023-07-29,No,2023-07-31,2023-07-31
ORD-00738,North,Van,Clear,122,2023-03-08,No,2023-03-09,2023-03-09
ORD-00739,North,Van,Fog,1326,2022-01-27,No,2022-02-01,2022-02-05
ORD-00740,West,Semi-Trailer,Clear,1338,2022-06-03,,2022-06-08,2022-06-09
ORD-00741,East,Van,Clear,300,2022-08-21,No,2022-08-23,2022-08-23
ORD-00742,South,Van,Clear,1138,2023-07-31,No,2023-08-04,2023-08-04
ORD-00743,South,Box Truck,Rain,300,2022-03-19,No,2022-03-21,2022-03-21
ORD-00744,North,Semi-Trailer,Fog,686,2023-08-31,No,2023-09-03,2023-09-05
ORD-00745,East,Van,Clear,69,2023-01-04,No,2023-01-05,2023-01-07
ORD-00746,South,Semi-Trailer,Snow,1345,2022-02-05,No,2022-02-10,2022-02-14
ORD-00747,East,Box Truck,Clear,115,2022-01-28,No,2022-01-29,2022-01-29
ORD-00748,East,Van,Clear,632,2022-05-31,No,2022-06-03,2022-06-03
ORD-00749,North,Semi-Trailer,Clear,98,2022-04-25,No,2022-04-26,2022-04-29
ORD-00750,South,Van,Rain,1301,2022-07-17,No,2022-07-22,2022-07-22
ORD-00751,West,Van,Clear,751,2022-06-21,No,2022-06-24,2022-06-24
ORD-00752,North,Box Truck,Clear,1152,2022-01-26,Yes,2022-01-30,2022-01-31
ORD-00753,South,Van,Clear,909,2022-02-25,No,2022-03-01,2022-03-01
ORD-00754,South,Van,Clear,454,2022-06-17,No,2022-06-19,2022-06-21
ORD-00755,South,Van,Rain,1462,2022-04-23,No,2022-04-28,2022-04-28
ORD-00756,South,Van,Clear,1016,2022-03-26,No,2022-03-30,2022-04-01
ORD-00757,South,Semi-Trailer,Clear,1384,2023-04-02,No,2023-04-07,2023-04-07
ORD-00758,East,Box Truck,Clear,315,2022-09-18,No,2022-09-20,2022-09-20
ORD-00759,North,Semi-Trailer,Clear,624,2023-12-28,No,2023-12-31,2023-12-31
ORD-00760,East,Van,Rain,211,2022-02-16,No,2022-02-17,2022-02-18
ORD-00761,West,Van,Clear,953,2022-03-04,No,2022-03-08,2022-03-08
ORD-00762,South,Van,Clear,1056,2023-12-30,No,2024-01-03,2024-01-03
ORD-00763,North,Van,Clear,1123,2023-05-04,No,2023-05-08,2023-05-08
ORD-00764,South,Van,Clear,480,2023-12-05,No,2023-12-07,2023-12-07
ORD-00765,North,Box Truck,Snow,1126,2023-12-01,No,2023-12-05,2023-12-07
ORD-00766,East,Semi-Trailer,Rain,988,2022-09-19,No,2022-09-23,2022-09-23
ORD-00767,North,Semi-Trailer,Rain,1318,2022-06-05,No,2022-06-10,2022-06-11
ORD-00768,West,Van,Clear,318,2023-08-19,No,2023-08-21,2023-08-22
ORD-00769,West,Semi-Trailer,Rain,742,2022-12-02,No,2022-12-05,2022-12-05
ORD-00770,North,Van,Snow,545,2023-08-26,No,2023-08-28,2023-08-30
ORD-00771,North,Van,Clear,385,2022-07-11,No,2022-07-13,2022-07-13
ORD-00772,North,Semi-Trailer,Rain,508,2022-04-26,No,2022-04-28,2022-04-28
ORD-00773,North,Box Truck,Rain,645,2022-11-27,No,2022-11-30,2022-11-30
ORD-00774,West,Van,Clear,151,2023-04-08,No,2023-04-09,2023-04-09
ORD-00775,South,Van,Clear,1085,2023-09-15,No,2023-09-19,2023-09-19
ORD-00776,North,Van,Rain,1103,2023-10-06,No,2023-10-10,2023-10-10
ORD-00777,North,Box Truck,Clear,269,2022-11-06,No,2022-11-07,2022-11-08
ORD-00778,West,Van,Rain,1326,2022-01-31,Yes,2022-02-05,2022-02-05
ORD-00779,West,Semi-Trailer,Snow,387,2022-02-18,No,2022-02-20,2022-02-23
ORD-00780,East,Van,Snow,1072,2023-08-30,No,2023-09-03,2023-09-06
ORD-00781,North,Van,Clear,357,2023-08-07,No,2023-08-09,2023-08-09
ORD-00782,East,Van,Clear,837,2022-04-30,No,2022-05-03,2022-05-03
ORD-00783,West,Box Truck,Clear,515,2023-05-05,No,2023-05-07,2023-05-07
ORD-00784,West,Van,Rain,391,2023-02-22,No,2023-02-24,2023-02-26
ORD-00785,South,Box Truck,Snow,434,2022-12-17,No,2022-12-19,2022-12-20
ORD-00786,North,Semi-Trailer,Rain,1469,2023-08-06,No,2023-08-11,2023-08-11
ORD-00787,East,Semi-Trailer,Clear,331,2023-06-19,No,2023-06-21,2023-06-23
ORD-00788,West,Semi-Trailer,Fog,259,2023-12-16,No,2023-12-17,2023-12-20
ORD-00789,West,Semi-Trailer,Fog,189,2022-12-25,No,2022-12-26,2022-12-27
ORD-00790,East,Box Truck,Clear,1013,2023-07-20,No,2023-07-24,2023-07-24
ORD-00791,South,Semi-Trailer,Clear,38,2023-02-28,No,2023-03-01,2023-03-01
ORD-00792,West,Van,Rain,1359,2023-03-11,No,2023-03-16,2023-03-16
ORD-00793,North,Van,Rain,747,2023-10-13,No,2023-10-16,2023-10-16
ORD-00794,West,Van,Fog,196,2023-02-17,No,2023-02-18,2023-02-20
ORD-00795,North,Van,Clear,64,2023-10-19,No,2023-10-20,2023-10-21
ORD-00796,East,Van,Clear,887,2022-11-03,No,2022-11-06,2022-11-06
ORD-00797,North,Semi-Trailer,Rain,523,2022-03-20,No,2022-03-22,2022-03-23
ORD-00798,East,Van,Snow,1443,2023-05-10,No,2023-05-15,2023-05-16
ORD-00799,North,Van,Snow,26,2023-05-16,No,2023-05-17,2023-05-18
ORD-00800,East,Box Truck,Fog,97,2023-01-25,No,2023-01-26,2023-01-31
ORD-00801,North,Van,Clear,1256,2022-07-26,No,2022-07-31,2022-07-31
ORD-00802,South,Van,Snow,1091,2023-01-28,,2023-02-01,2023-02-05
ORD-00803,North,Van,Clear,713,2022-03-18,No,2022-03-21,2022-03-21
ORD-00804,North,Van,Clear,734,2022-11-10,No,2022-11-13,2022-11-13
ORD-00805,South,Van,Clear,1263,2023-10-08,No,2023-10-13,2023-10-14
ORD-00806,West,Box Truck,Snow,1187,2023-04-17,No,2023-04-21,2023-04-24
ORD-00807,West,Box Truck,Fog,1306,2023-12-03,No,2023-12-08,2023-12-12
ORD-00808,North,Van,Clear,1079,2023-07-12,No,2023-07-16,2023-07-16
ORD-00809,South,Van,Clear,904,2023-07-24,No,2023-07-28,2023-07-28
ORD-00810,North,Van,Snow,461,2022-04-26,No,2022-04-28,2022-05-01
ORD-00811,East,Box Truck,Rain,1339,2023-11-22,Yes,2023-11-27,2023-11-28
ORD-00812,East,Van,Fog,436,2022-08-13,No,2022-08-15,
ORD-00813,North,Van,Clear,127,2022-09-01,No,2022-09-02,2022-09-02
ORD-00814,West,Box Truck,Clear,697,2022-06-16,No,2022-06-19,2022-06-19
ORD-00815,West,Van,Clear,1031,2022-03-22,No,2022-03-26,2022-03-26
ORD-00816,North,Van,Clear,589,2023-09-16,No,2023-09-18,2023-09-18
ORD-00817,North,Van,Clear,260,2023-10-07,No,2023-10-08,2023-10-08
ORD-00818,East,Semi-Trailer,Clear,412,2022-01-25,No,2022-01-27,2022-01-29
ORD-00819,West,Semi-Trailer,Clear,930,2023-04-17,No,2023-04-21,2023-04-21
ORD-00820,North,Box Truck,Clear,209,2023-11-12,No,2023-11-13,2023-11-13
ORD-00821,East,Van,Fog,1179,2023-08-08,No,2023-08-12,2023-08-16
ORD-00822,West,Box Truck,Clear,1084,2023-07-29,No,2023-08-02,2023-08-02
ORD-00823,South,Semi-Trailer,Clear,923,2023-03-12,No,2023-03-16,2023-03-16
ORD-00824,East,Semi-Trailer,Snow,1401,2022-11-05,No,2022-11-10,2022-11-11
ORD-00825,West,Van,Rain,329,2023-11-24,No,2023-11-26,
ORD-00826,West,Semi-Trailer,Rain,208,2022-04-09,No,2022-04-10,2022-04-10
ORD-00827,East,Van,Rain,1474,2022-12-11,No,2022-12-16,2022-12-16
ORD-00828,South,Van,Snow,154,2022-09-22,Yes,2022-09-23,2022-09-26
ORD-00829,East,Box Truck,Snow,1092,2022-09-14,No,2022-09-18,2022-09-20
ORD-00830,West,Van,Rain,152,2022-06-17,No,2022-06-18,2022-06-18
ORD-00831,North,Semi-Trailer,Snow,1256,2023-12-05,No,2023-12-10,2023-12-13
ORD-00832,North,Van,Clear,1133,2022-03-11,No,2022-03-15,2022-03-15
ORD-00833,East,Box Truck,Clear,1059,2022-07-10,No,2022-07-14,2022-07-14
ORD-00834,West,Semi-Trailer,Snow,1465,2022-08-07,,2022-08-12,2022-08-16
ORD-00835,North,Semi-Trailer,Clear,535,2023-09-29,No,2023-10-01,2023-10-01
ORD-00836,West,Van,Fog,131,2023-01-30,,2023-01-31,2023-02-03
ORD-00837,East,Van,Clear,1498,2023-06-20,No,2023-06-25,2023-06-25
ORD-00838,North,Box Truck,Clear,274,2022-10-07,No,2022-10-08,2022-10-08
ORD-00839,West,Van,Fog,1040,2022-08-01,No,2022-08-05,2022-08-07
ORD-00840,North,Semi-Trailer,Clear,740,2022-10-21,No,2022-10-24,2022-10-25
ORD-00841,East,Semi-Trailer,Fog,1253,2023-03-11,No,2023-03-16,2023-03-17
ORD-00842,West,Van,Fog,405,2022-12-05,No,2022-12-07,2022-12-10
ORD-00843,North,Van,Snow,922,2023-11-19,No,2023-11-23,2023-11-25
ORD-00844,East,Van,Clear,1490,2023-04-30,No,2023-05-05,2023-05-05
ORD-00845,North,Semi-Trailer,Rain,117,2022-07-25,No,2022-07-26,2022-07-26
ORD-00846,North,Van,Snow,868,2023-03-17,No,2023-03-20,2023-03-21
ORD-00847,South,Van,Rain,645,2022-08-22,Yes,2022-08-25,2022-08-25
ORD-00848,South,Van,Rain,1493,2023-01-20,No,2023-01-25,2023-01-25
ORD-00849,East,Box Truck,Fog,942,2023-11-30,,2023-12-04,2023-12-08
ORD-00850,South,Van,Rain,778,2022-04-06,No,2022-04-09,2022-04-10
ORD-00851,East,Van,Fog,1042,2023-08-01,No,2023-08-05,2023-08-10
ORD-00852,South,Semi-Trailer,Clear,1400,2022-04-01,,2022-04-06,2022-04-06
ORD-00853,North,Semi-Trailer,Clear,1158,2023-07-20,No,2023-07-24,2023-07-24
ORD-00854,East,Box Truck,Clear,1195,2022-06-15,No,2022-06-19,2022-06-19
ORD-00855,East,Van,Clear,45,2023-10-06,No,2023-10-07,2023-10-07
ORD-00856,North,Van,Rain,1037,2023-02-23,No,2023-02-27,2023-02-27
ORD-00857,East,Box Truck,Clear,422,2022-09-20,No,2022-09-22,2022-09-22
ORD-00858,East,Van,Fog,1120,2022-01-19,No,2022-01-23,2022-01-28
ORD-00859,South,Semi-Trailer,Clear,492,2022-08-08,No,2022-08-10,2022-08-10
ORD-00860,East,Box Truck,Clear,921,2023-09-02,No,2023-09-06,2023-09-06
ORD-00861,West,Van,Clear,612,2023-09-21,No,2023-09-24,2023-09-27
ORD-00862,North,Semi-Trailer,Clear,1091,2022-10-31,,2022-11-04,2022-11-04
ORD-00863,South,Semi-Trailer,Clear,1173,2023-10-27,No,2023-10-31,2023-11-02
ORD-00864,South,Van,Clear,181,2023-04-15,No,2023-04-16,2023-04-16
ORD-00865,West,Box Truck,Rain,269,2022-04-19,No,2022-04-20,2022-04-20
ORD-00866,North,Van,Clear,34,2023-04-23,,2023-04-24,2023-04-24
ORD-00867,North,Van,Clear,207,2022-11-10,Yes,2022-11-11,2022-11-11
ORD-00868,South,Van,Rain,588,2023-05-29,No,2023-05-31,2023-06-01
ORD-00869,East,Box Truck,Clear,432,2023-02-20,Yes,2023-02-22,2023-02-22
ORD-00870,South,Semi-Trailer,Clear,1151,2023-07-05,,2023-07-09,2023-07-09
ORD-00871,North,Box Truck,Clear,801,2023-07-17,No,2023-07-20,2023-07-23
ORD-00872,West,Van,Clear,15,2022-07-03,,2022-07-04,2022-07-05
ORD-00873,South,Box Truck,Rain,1130,2023-06-19,No,2023-06-23,2023-06-23
ORD-00874,North,Van,Clear,81,2022-05-30,Yes,2022-05-31,2022-05-31
ORD-00875,South,Semi-Trailer,Snow,938,2022-05-29,No,2022-06-02,2022-06-05
ORD-00876,East,Van,Fog,441,2023-02-07,No,2023-02-09,2023-02-12
ORD-00877,South,Van,Clear,972,2022-08-14,No,2022-08-18,2022-08-19
ORD-00878,South,Van,Fog,389,2023-08-23,No,2023-08-25,2023-08-31
ORD-00879,North,Box Truck,Clear,559,2023-12-14,No,2023-12-16,2023-12-16
ORD-00880,North,Van,Clear,817,2023-07-04,No,2023-07-07,2023-07-10
ORD-00881,North,Box Truck,Clear,65,2022-07-24,No,2022-07-25,2022-07-25
ORD-00882,South,Van,Clear,624,2022-04-03,No,2022-04-06,2022-04-06
ORD-00883,East,Van,Rain,1136,2023-06-20,No,2023-06-24,2023-06-24
ORD-00884,West,Van,Clear,225,2023-03-19,No,2023-03-20,2023-03-20
ORD-00885,West,Semi-Trailer,Snow,30,2023-04-12,Yes,2023-04-13,2023-04-17
ORD-00886,North,Semi-Trailer,Rain,219,2023-03-17,No,2023-03-18,2023-03-18
ORD-00887,North,Van,Clear,300,2022-01-28,No,2022-01-30,2022-01-31
ORD-00888,South,Van,Rain,724,2022-02-22,No,2022-02-25,2022-02-26
ORD-00889,West,Van,Fog,844,2022-02-09,No,2022-02-12,2022-02-13
ORD-00890,North,Box Truck,Clear,197,2023-08-30,No,2023-08-31,2023-08-31
ORD-00891,East,Van,Clear,1184,2023-12-12,No,2023-12-16,2023-12-16
ORD-00892,East,Semi-Trailer,Clear,200,2022-05-21,No,2022-05-22,2022-05-22
ORD-00893,North,Semi-Trailer,Clear,416,2023-08-13,No,2023-08-15,2023-08-15
ORD-00894,North,Van,Clear,223,2022-06-06,Yes,2022-06-07,2022-06-07
ORD-00895,West,Van,Clear,563,2023-04-06,Yes,2023-04-08,2023-04-09
ORD-00896,West,Semi-Trailer,Rain,969,2023-05-24,No,2023-05-28,2023-05-28
ORD-00897,South,Semi-Trailer,Rain,1227,2023-04-08,No,2023-04-13,2023-04-16
ORD-00898,West,Van,Clear,1283,2022-04-06,No,2022-04-11,2022-04-11
ORD-00899,East,Van,Clear,602,2023-10-15,No,2023-10-18,2023-10-18
ORD-00900,East,Van,Clear,50,2022-06-18,No,2022-06-19,2022-06-19
ORD-00901,North,Van,Clear,379,2023-07-03,No,2023-07-05,2023-07-05
ORD-00902,West,Van,Clear,29,2022-09-07,No,2022-09-08,
ORD-00903,South,Van,Fog,1042,2022-07-17,No,2022-07-21,2022-07-22
ORD-00904,East,Box Truck,Clear,834,2023-11-03,Yes,2023-11-06,2023-11-06
ORD-00905,East,Van,Clear,1236,2022-01-24,No,2022-01-29,2022-01-31
ORD-00906,South,Van,Clear,27,2022-05-25,No,2022-05-26,2022-05-26
ORD-00907,South,Van,Snow,757,2023-02-07,No,2023-02-10,2023-02-11
ORD-00908,East,Semi-Trailer,Rain,328,2023-05-24,No,2023-05-26,2023-05-26
ORD-00909,East,Semi-Trailer,Clear,870,2022-06-13,No,2022-06-16,2022-06-17
ORD-00910,South,Van,Clear,977,2022-03-28,No,2022-04-01,2022-04-01
ORD-00911,East,Van,Clear,1315,2022-12-23,No,2022-12-28,2022-12-28
ORD-00912,North,Semi-Trailer,Clear,261,2022-01-30,No,2022-01-31,2022-01-31
ORD-00913,North,Van,Fog,349,2023-01-23,No,2023-01-25,2023-01-31
ORD-00914,South,Van,Rain,760,2022-05-10,No,2022-05-13,2022-05-13
ORD-00915,West,Van,Rain,977,2022-04-02,No,2022-04-06,2022-04-06
ORD-00916,South,Van,Clear,471,2023-03-24,No,2023-03-26,2023-03-26
ORD-00917,South,Van,Clear,640,2023-08-16,No,2023-08-19,2023-08-19
ORD-00918,West,Semi-Trailer,Snow,410,2023-12-03,No,2023-12-05,2023-12-07
ORD-00919,West,Box Truck,Clear,380,2023-03-07,,2023-03-09,2023-03-09
ORD-00920,West,Van,Fog,291,2023-11-24,No,2023-11-25,2023-11-28
ORD-00921,North,Semi-Trailer,Clear,399,2022-05-18,No,2022-05-20,2022-05-20
ORD-00922,East,Van,Clear,346,2022-01-30,No,2022-02-01,2022-02-01
ORD-00923,North,Van,Rain,1378,2022-02-24,No,2022-03-01,2022-03-01
ORD-00924,East,Box Truck,Clear,282,2022-10-23,No,2022-10-24,2022-10-24
ORD-00925,North,Box Truck,Clear,1286,2022-09-19,No,2022-09-24,2022-09-24
ORD-00926,East,Van,Clear,1029,2023-12-03,No,2023-12-07,2023-12-07
ORD-00927,North,Van,Rain,649,2023-12-08,No,2023-12-11,2023-12-11
ORD-00928,West,Box Truck,Clear,1407,2023-03-28,No,2023-04-02,2023-04-02
ORD-00929,South,Box Truck,Clear,827,2023-06-12,No,2023-06-15,2023-06-17
ORD-00930,North,Box Truck,Rain,15,2022-11-16,No,2022-11-17,2022-11-17
ORD-00931,East,Van,Clear,1447,2023-02-04,No,2023-02-09,2023-02-09
ORD-00932,West,Van,Fog,595,2022-03-17,,2022-03-19,2022-03-23
ORD-00933,North,Van,Clear,1089,2022-08-07,No,2022-08-11,2022-08-11
ORD-00934,North,Van,Rain,1431,2022-04-14,No,2022-04-19,2022-04-19
ORD-00935,West,Semi-Trailer,Clear,831,2023-05-12,No,2023-05-15,2023-05-17
ORD-00936,North,Van,Rain,247,2022-03-26,No,2022-03-27,2022-03-27
ORD-00937,South,Van,Rain,499,2022-03-21,No,2022-03-23,2022-03-23
ORD-00938,North,Box Truck,Fog,1055,2023-01-06,No,2023-01-10,2023-01-14
ORD-00939,South,Van,Clear,450,2022-07-04,No,2022-07-06,2022-07-06
ORD-00940,South,Van,Clear,1074,2022-04-03,No,2022-04-07,2022-04-07
ORD-00941,West,Semi-Trailer,Rain,867,2022-11-15,No,2022-11-18,2022-11-18
ORD-00942,North,Semi-Trailer,Clear,267,2022-04-21,No,2022-04-22,2022-04-22
ORD-00943,West,Box Truck,Clear,1484,2022-02-23,No,2022-02-28,2022-02-28
ORD-00944,North,Van,Fog,57,2023-10-07,,2023-10-08,2023-10-10
ORD-00945,North,Box Truck,Clear,512,2022-12-22,No,2022-12-24,2022-12-24
ORD-00946,East,Box Truck,Fog,148,2023-07-26,No,2023-07-27,2023-07-30
ORD-00947,North,Van,Clear,1235,2023-03-06,,2023-03-11,2023-03-11
ORD-00948,West,Van,Rain,518,2022-06-08,No,2022-06-10,2022-06-10
ORD-00949,South,Semi-Trailer,Clear,663,2022-10-16,No,2022-10-19,2022-10-19
ORD-00950,North,Van,Clear,1319,2023-07-23,No,2023-07-28,
ORD-00951,East,Box Truck,Fog,1266,2023-11-14,No,2023-11-19,2023-11-21
ORD-00952,West,Van,Clear,1349,2023-04-07,No,2023-04-12,2023-04-12
ORD-00953,North,Van,Snow,470,2022-08-20,No,2022-08-22,2022-08-24
ORD-00954,West,Van,Rain,679,2022-11-27,No,2022-11-30,2022-12-02
ORD-00955,East,Semi-Trailer,Clear,1354,2022-03-01,No,2022-03-06,2022-03-06
ORD-00956,East,Van,Fog,1208,2023-02-18,No,2023-02-23,2023-02-27
ORD-00957,West,Box Truck,Clear,1072,2022-08-18,No,2022-08-22,2022-08-22
ORD-00958,North,Box Truck,Snow,442,2023-11-02,No,2023-11-04,2023-11-05
ORD-00959,South,Box Truck,Clear,494,2023-04-25,No,2023-04-27,2023-04-27
ORD-00960,East,Semi-Trailer,Snow,1091,2023-03-09,No,2023-03-13,2023-03-15
ORD-00961,North,Box Truck,Rain,505,2023-08-05,No,2023-08-07,2023-08-09
ORD-00962,North,Van,Clear,884,2023-02-12,No,2023-02-15,2023-02-15
ORD-00963,South,Semi-Trailer,Rain,610,2022-12-28,No,2022-12-31,2023-01-01
ORD-00964,East,Box Truck,Clear,1167,2022-01-13,No,2022-01-17,2022-01-17
ORD-00965,East,Van,Clear,664,2023-05-29,No,2023-06-01,2023-06-02
ORD-00966,North,Van,Clear,616,2023-09-15,No,2023-09-18,2023-09-18
ORD-00967,North,Semi-Trailer,Clear,165,2022-07-08,No,2022-07-09,2022-07-09
ORD-00968,South,Van,Clear,210,2022-03-06,No,2022-03-07,2022-03-07
ORD-00969,South,Box Truck,Clear,1031,2023-10-04,No,2023-10-08,2023-10-08
ORD-00970,East,Van,Clear,508,2022-11-20,No,2022-11-22,2022-11-22
ORD-00971,West,Van,Clear,1435,2023-12-10,,2023-12-15,2023-12-15
ORD-00972,East,Box Truck,Clear,497,2022-10-08,No,2022-10-10,2022-10-10
ORD-00973,North,Van,Rain,169,2022-05-06,No,2022-05-07,2022-05-07
ORD-00974,East,Van,Rain,1244,2023-11-08,No,2023-11-13,2023-11-13
ORD-00975,West,Box Truck,Clear,1486,2023-01-07,No,2023-01-12,2023-01-12
ORD-00976,South,Van,Snow,1103,2023-01-27,No,2023-01-31,2023-02-03
ORD-00977,West,Box Truck,Rain,840,2023-03-02,No,2023-03-05,2023-03-05
ORD-00978,West,Semi-Trailer,Rain,981,2023-11-03,No,2023-11-07,2023-11-07
ORD-00979,West,Box Truck,Clear,1347,2022-09-17,,2022-09-22,2022-09-22
ORD-00980,South,Van,Clear,440,2023-07-13,,2023-07-15,2023-07-15
ORD-00981,West,Van,Snow,1415,2023-03-04,No,2023-03-09,2023-03-12
ORD-00982,West,Box Truck,Snow,1200,2023-12-22,No,2023-12-27,
ORD-00983,West,Semi-Trailer,Clear,1424,2023-09-14,No,2023-09-19,2023-09-20
ORD-00984,North,Semi-Trailer,Clear,1352,2022-05-30,No,2022-06-04,2022-06-04
ORD-00985,West,Semi-Trailer,Rain,126,2023-07-10,No,2023-07-11,2023-07-11
ORD-00986,South,Van,Rain,706,2022-12-14,Yes,2022-12-17,2022-12-17
ORD-00987,West,Van,Snow,212,2023-02-04,No,2023-02-05,2023-02-07
ORD-00988,West,Van,Clear,1195,2022-07-26,No,2022-07-30,2022-07-30
ORD-00989,South,Van,Clear,971,2022-08-05,No,2022-08-09,2022-08-09
ORD-00990,West,Van,Clear,471,2022-08-30,No,2022-09-01,2022-09-04
ORD-00991,South,Semi-Trailer,Clear,953,2023-11-01,No,2023-11-05,2023-11-05
ORD-00992,West,Van,Clear,709,2022-06-06,No,2022-06-09,2022-06-09
ORD-00993,South,Van,Snow,210,2022-08-06,No,2022-08-07,2022-08-09
ORD-00994,West,Van,Clear,1264,2023-08-03,No,2023-08-08,2023-08-08
ORD-00995,West,Semi-Trailer,Snow,525,2022-08-13,No,2022-08-15,2022-08-21
ORD-00996,North,Box Truck,Clear,1239,2023-12-30,No,2024-01-04,2024-01-04
ORD-00997,North,Box Truck,Clear,1364,2023-07-16,No,2023-07-21,2023-07-21
ORD-00998,West,Semi-Trailer,Clear,615,2022-05-22,No,2022-05-25,2022-05-25
ORD-00999,West,Van,Clear,753,2022-11-09,No,2022-11-12,2022-11-12
ORD-01000,East,Box Truck,Snow,884,2022-08-24,No,2022-08-27,2022-08-31
ORD-01001,South,Van,Clear,356,2022-03-04,No,2022-03-06,2022-03-06
ORD-01002,East,Van,Clear,358,2022-03-26,No,2022-03-28,2022-03-30
ORD-01003,North,Semi-Trailer,Clear,1193,2022-01-02,No,2022-01-06,2022-01-06
ORD-01004,North,Box Truck,Clear,1285,2023-06-18,No,2023-06-23,2023-06-23
ORD-01005,North,Van,Rain,1255,2022-11-28,No,2022-12-03,2022-12-03
ORD-01006,North,Van,Clear,867,2023-07-20,,2023-07-23,2023-07-25
ORD-01007,West,Box Truck,Rain,403,2023-03-03,No,2023-03-05,2023-03-05
ORD-01008,North,Van,Rain,1429,2023-01-03,No,2023-01-08,2023-01-08
ORD-01009,West,Van,Clear,1003,2022-04-27,No,2022-05-01,2022-05-01
ORD-01010,West,Van,Clear,987,2023-12-16,No,2023-12-20,2023-12-23
ORD-01011,North,Van,Rain,176,2023-09-13,No,2023-09-14,2023-09-14
ORD-01012,North,Semi-Trailer,Rain,985,2022-08-14,No,2022-08-18,2022-08-18
ORD-01013,South,Van,Clear,461,2023-06-14,No,2023-06-16,2023-06-16
ORD-01014,East,Van,Clear,1171,2023-05-31,No,2023-06-04,2023-06-07
ORD-01015,North,Box Truck,Clear,869,2023-06-10,No,2023-06-13,2023-06-13
ORD-01016,South,Semi-Trailer,Clear,219,2023-03-30,No,2023-03-31,2023-03-31
ORD-01017,South,Van,Clear,777,2023-05-28,No,2023-05-31,2023-05-31
ORD-01018,East,Van,Clear,223,2022-10-24,No,2022-10-25,2022-10-25
ORD-01019,West,Van,Clear,1393,2023-09-01,Yes,2023-09-06,2023-09-06
ORD-01020,North,Box Truck,Clear,1268,2022-04-13,No,2022-04-18,2022-04-20
ORD-01021,East,Box Truck,Clear,982,2022-03-17,No,2022-03-21,2022-03-21
ORD-01022,North,Semi-Trailer,Snow,1430,2023-08-12,No,2023-08-17,2023-08-21
ORD-01023,South,Semi-Trailer,Clear,313,2023-09-08,No,2023-09-10,2023-09-10
ORD-01024,South,Box Truck,Fog,1142,2023-02-05,No,2023-02-09,2023-02-14
ORD-01025,West,Box Truck,Clear,866,2022-08-22,No,2022-08-25,2022-08-25
ORD-01026,South,Van,Rain,870,2022-01-15,No,2022-01-18,2022-01-18
ORD-01027,South,Van,Clear,817,2022-11-05,No,2022-11-08,2022-11-08
ORD-01028,East,Semi-Trailer,Rain,1423,2022-09-16,No,2022-09-21,2022-09-21
ORD-01029,North,Van,Clear,129,2022-11-01,No,2022-11-02,2022-11-02
ORD-01030,North,Van,Clear,1243,2022-03-12,No,2022-03-17,
ORD-01031,East,Box Truck,Fog,436,2022-07-17,,2022-07-19,2022-07-20
ORD-01032,West,Van,Clear,954,2023-06-27,No,2023-07-01,2023-07-01
ORD-01033,North,Box Truck,Fog,339,2022-09-15,No,2022-09-17,2022-09-21
ORD-01034,South,Box Truck,Clear,1259,2022-03-26,No,2022-03-31,2022-03-31
ORD-01035,North,Van,Clear,644,2022-12-15,Yes,2022-12-18,2022-12-20
ORD-01036,South,Semi-Trailer,Clear,1180,2022-02-24,No,2022-02-28,2022-02-28
ORD-01037,West,Van,Rain,1373,2022-12-05,No,2022-12-10,2022-12-10
ORD-01038,East,Van,Clear,573,2022-08-22,No,2022-08-24,2022-08-24
ORD-01039,North,Box Truck,Fog,189,2022-11-18,No,2022-11-19,2022-11-22
ORD-01040,East,Box Truck,Clear,299,2022-11-08,No,2022-11-09,2022-11-09
ORD-01041,North,Box Truck,Rain,196,2022-09-19,No,2022-09-20,2022-09-23
ORD-01042,South,Van,Clear,495,2022-04-16,No,2022-04-18,2022-04-18
ORD-01043,East,Box Truck,Clear,1370,2022-06-19,No,2022-06-24,
ORD-01044,North,Van,Clear,1141,2023-03-18,No,2023-03-22,2023-03-24
ORD-01045,South,Semi-Trailer,Clear,1159,2023-10-17,No,2023-10-21,2023-10-21
ORD-01046,East,Van,Clear,782,2023-02-27,,2023-03-02,2023-03-03
ORD-01047,East,Box Truck,Clear,1067,2022-05-16,No,2022-05-20,2022-05-20
ORD-01048,North,Van,Clear,1471,2023-11-29,No,2023-12-04,2023-12-04
ORD-01049,North,Van,Clear,1309,2023-06-23,No,2023-06-28,2023-06-28
ORD-01050,North,Van,Clear,191,2023-03-27,No,2023-03-28,2023-03-28
ORD-01051,South,Semi-Trailer,Clear,1272,2022-02-03,No,2022-02-08,2022-02-08
ORD-01052,North,Box Truck,Clear,1381,2022-02-27,No,2022-03-04,2022-03-06
ORD-01053,East,Semi-Trailer,Fog,155,2023-04-25,No,2023-04-26,2023-04-29
ORD-01054,East,Van,Fog,1077,2023-11-10,Yes,2023-11-14,2023-11-15
ORD-01055,North,Van,Clear,508,2022-03-29,No,2022-03-31,2022-04-03
ORD-01056,North,Van,Fog,812,2022-02-08,No,2022-02-11,2022-02-15
ORD-01057,West,Semi-Trailer,Rain,1328,2023-12-11,No,2023-12-16,2023-12-17
ORD-01058,East,Van,Clear,540,2022-04-16,No,2022-04-18,2022-04-18
ORD-01059,South,Semi-Trailer,Clear,220,2022-09-30,No,2022-10-01,2022-10-01
ORD-01060,West,Semi-Trailer,Fog,902,2022-12-05,Yes,2022-12-09,2022-12-11
ORD-01061,North,Semi-Trailer,Rain,1435,2022-05-18,No,2022-05-23,2022-05-23
ORD-01062,North,Box Truck,Snow,1264,2023-07-11,No,2023-07-16,2023-07-18
ORD-01063,East,Box Truck,Snow,1372,2022-12-05,No,2022-12-10,2022-12-12
ORD-01064,North,Box Truck,Clear,14,2023-05-24,No,2023-05-25,2023-05-25
ORD-01065,South,Van,Clear,320,2023-03-26,No,2023-03-28,2023-03-28
ORD-01066,East,Box Truck,Clear,171,2022-07-13,,2022-07-14,2022-07-14
ORD-01067,North,Van,Clear,225,2022-10-04,No,2022-10-05,2022-10-05
ORD-01068,East,Van,Clear,795,2023-06-05,No,2023-06-08,2023-06-08
ORD-01069,North,Van,Clear,845,2022-08-25,Yes,2022-08-28,2022-08-28
ORD-01070,North,Van,Clear,1204,2023-12-10,No,2023-12-15,2023-12-15
ORD-01071,North,Van,Clear,261,2022-08-21,No,2022-08-22,2022-08-22
ORD-01072,South,Van,Clear,1071,2022-06-20,No,2022-06-24,2022-06-24
ORD-01073,South,Box Truck,Clear,237,2023-11-07,No,2023-11-08,2023-11-08
ORD-01074,East,Van,Clear,918,2022-11-15,No,2022-11-19,2022-11-22
ORD-01075,North,Box Truck,Clear,1311,2023-07-16,No,2023-07-21,2023-07-21
ORD-01076,North,Van,Rain,294,2023-01-02,No,2023-01-03,2023-01-03
ORD-01077,South,Box Truck,Fog,658,2022-07-15,No,2022-07-18,2022-07-19
ORD-01078,North,Box Truck,Clear,375,2023-07-07,No,2023-07-09,2023-07-09
ORD-01079,South,Box Truck,Clear,1101,2023-04-05,No,2023-04-09,2023-04-09
ORD-01080,North,Box Truck,Snow,1137,2023-09-20,No,2023-09-24,2023-09-27
ORD-01081,East,Van,Clear,1434,2022-02-07,No,2022-02-12,2022-02-12
ORD-01082,North,Box Truck,Rain,1279,2023-05-10,No,2023-05-15,2023-05-15
ORD-01083,North,Van,Clear,201,2022-05-27,No,2022-05-28,2022-05-28
ORD-01084,West,Van,Snow,653,2022-07-28,No,2022-07-31,2022-08-01
ORD-01085,South,Box Truck,Fog,1329,2023-10-06,No,2023-10-11,2023-10-12
ORD-01086,North,Van,Rain,1177,2023-12-07,No,2023-12-11,2023-12-11
ORD-01087,North,Box Truck,Clear,916,2022-12-14,No,2022-12-18,2022-12-18
ORD-01088,West,Box Truck,Snow,740,2023-10-12,No,2023-10-15,2023-10-18
ORD-01089,West,Van,Rain,35,2022-07-05,,2022-07-06,2022-07-06
ORD-01090,South,Van,Rain,1284,2023-05-29,Yes,2023-06-03,2023-06-03
ORD-01091,West,Van,Clear,721,2023-01-16,,2023-01-19,2023-01-19
ORD-01092,East,Semi-Trailer,Rain,624,2023-03-24,No,2023-03-27,2023-03-30
ORD-01093,West,Box Truck,Clear,202,2022-12-09,No,2022-12-10,2022-12-10
ORD-01094,East,Van,Clear,390,2023-04-22,No,2023-04-24,2023-04-27
ORD-01095,South,Van,Clear,1035,2023-09-23,No,2023-09-27,2023-09-27
ORD-01096,South,Box Truck,Clear,1078,2023-05-31,No,2023-06-04,2023-06-07
ORD-01097,South,Semi-Trailer,Rain,948,2022-09-24,No,2022-09-28,2022-09-29
ORD-01098,South,Van,Rain,12,2022-10-22,No,2022-10-23,2022-10-23
ORD-01099,South,Van,Clear,939,2022-06-05,No,2022-06-09,2022-06-09
ORD-01100,East,Semi-Trailer,Rain,1482,2023-10-08,No,2023-10-13,2023-10-13
ORD-01101,East,Van,Fog,1168,2023-11-03,No,2023-11-07,2023-11-08
ORD-01102,South,Van,Clear,1324,2022-01-10,No,2022-01-15,2022-01-15
ORD-01103,West,Semi-Trailer,Clear,287,2022-08-15,No,2022-08-16,2022-08-16
ORD-01104,North,Box Truck,Clear,185,2023-06-07,,2023-06-08,2023-06-08
ORD-01105,South,Van,Clear,291,2022-03-17,No,2022-03-18,2022-03-18
ORD-01106,West,Van,Clear,1153,2023-09-21,No,2023-09-25,2023-09-25
ORD-01107,North,Van,Clear,1207,2022-05-09,No,2022-05-14,2022-05-14
ORD-01108,South,Van,Clear,1472,2023-07-10,No,2023-07-15,2023-07-15
ORD-01109,South,Semi-Trailer,Fog,468,2022-02-19,No,2022-02-21,2022-02-23
ORD-01110,East,Van,Rain,960,2023-08-16,No,2023-08-20,2023-08-20
ORD-01111,North,Box Truck,Clear,350,2023-07-15,No,2023-07-17,2023-07-17
ORD-01112,North,Semi-Trailer,Clear,706,2023-01-22,No,2023-01-25,2023-01-25
ORD-01113,West,Van,Clear,735,2023-03-02,No,2023-03-05,2023-03-05
ORD-01114,East,Van,Clear,130,2022-05-14,No,2022-05-15,2022-05-15
ORD-01115,East,Box Truck,Clear,584,2022-05-28,No,2022-05-30,2022-05-30
ORD-01116,East,Semi-Trailer,Clear,285,2022-03-18,No,2022-03-19,2022-03-19
ORD-01117,East,Semi-Trailer,Clear,978,2023-03-11,No,2023-03-15,2023-03-16
ORD-01118,North,Van,Clear,996,2022-07-10,No,2022-07-14,2022-07-14
ORD-01119,North,Box Truck,Clear,38,2023-06-28,No,2023-06-29,2023-06-29
ORD-01120,South,Box Truck,Snow,694,2023-11-16,No,2023-11-19,2023-11-21
ORD-01121,South,Semi-Trailer,Clear,1277,2022-07-05,No,2022-07-10,2022-07-10
ORD-01122,East,Van,Clear,330,2023-07-21,No,2023-07-23,2023-07-23
ORD-01123,East,Box Truck,Clear,652,2023-01-03,No,2023-01-06,2023-01-07
ORD-01124,East,Semi-Trailer,Fog,361,2023-07-13,No,2023-07-15,2023-07-20
ORD-01125,South,Van,Snow,541,2022-10-11,No,2022-10-13,2022-10-16
ORD-01126,West,Van,Clear,1114,2022-10-29,No,2022-11-02,2022-11-03
ORD-01127,West,Van,Fog,1326,2022-01-25,No,2022-01-30,2022-02-01
ORD-01128,South,Van,Clear,303,2022-07-09,No,2022-07-11,2022-07-12
ORD-01129,South,Van,Fog,467,2022-11-11,No,2022-11-13,2022-11-16
ORD-01130,South,Semi-Trailer,Clear,756,2023-05-07,Yes,2023-05-10,2023-05-11
ORD-01131,South,Van,Clear,742,2023-01-01,No,2023-01-04,2023-01-05
ORD-01132,South,Van,Rain,1093,2022-10-15,No,2022-10-19,2022-10-19
ORD-01133,South,Box Truck,Clear,552,2022-01-24,No,2022-01-26,2022-01-26
ORD-01134,East,Van,Rain,389,2022-05-09,No,2022-05-11,2022-05-11
ORD-01135,East,Van,Clear,333,2023-03-12,,2023-03-14,2023-03-15
ORD-01136,East,Box Truck,Rain,1095,2022-12-19,No,2022-12-23,2022-12-24
ORD-01137,East,Semi-Trailer,Clear,954,2022-11-02,No,2022-11-06,2022-11-06
ORD-01138,South,Box Truck,Clear,1179,2023-04-14,No,2023-04-18,2023-04-18
ORD-01139,West,Box Truck,Fog,852,2023-11-11,No,2023-11-14,
ORD-01140,North,Van,Snow,371,2023-06-06,No,2023-06-08,2023-06-09
ORD-01141,South,Semi-Trailer,Fog,62,2022-01-19,No,2022-01-20,2022-01-21
ORD-01142,North,Van,Rain,411,2023-05-23,,2023-05-25,2023-05-25
ORD-01143,West,Box Truck,Rain,690,2023-12-15,No,2023-12-18,2023-12-18
ORD-01144,East,Van,Clear,1002,2023-02-13,No,2023-02-17,2023-02-17
ORD-01145,West,Semi-Trailer,Clear,878,2022-03-25,No,2022-03-28,2022-03-28
ORD-01146,South,Box Truck,Clear,716,2023-04-01,No,2023-04-04,2023-04-04
ORD-01147,East,Box Truck,Clear,1482,2022-11-18,No,2022-11-23,2022-11-23
ORD-01148,South,Van,Snow,1116,2022-10-25,No,2022-10-29,2022-11-01
ORD-01149,East,Van,Clear,388,2022-10-03,No,2022-10-05,2022-10-05
ORD-01150,North,Box Truck,Fog,655,2023-06-05,No,2023-06-08,2023-06-11
ORD-01151,North,Box Truck,Clear,1491,2022-11-20,No,2022-11-25,2022-11-25
ORD-01152,North,Van,Rain,942,2022-12-19,No,2022-12-23,2022-12-24
ORD-01153,West,Semi-Trailer,Clear,90,2022-05-14,No,2022-05-15,2022-05-15
ORD-01154,South,Semi-Trailer,Clear,740,2023-06-06,No,2023-06-09,2023-06-09
ORD-01155,West,Van,Fog,523,2023-05-11,No,2023-05-13,2023-05-15
ORD-01156,North,Semi-Trailer,Clear,1342,2022-03-02,No,2022-03-07,2022-03-09
ORD-01157,South,Box Truck,Clear,930,2022-11-24,No,2022-11-28,2022-11-28
ORD-01158,North,Van,Clear,772,2023-08-20,No,2023-08-23,2023-08-23
ORD-01159,West,Van,Clear,503,2023-02-03,No,2023-02-05,2023-02-05
ORD-01160,West,Box Truck,Clear,1269,2023-12-27,No,2024-01-01,2024-01-01
ORD-01161,West,Box Truck,Rain,950,2023-08-06,No,2023-08-10,2023-08-10
ORD-01162,North,Van,Clear,1070,2022-10-01,No,2022-10-05,2022-10-05
ORD-01163,South,Box Truck,Clear,750,2023-08-15,No,2023-08-18,2023-08-18
ORD-01164,South,Box Truck,Clear,334,2023-07-01,No,2023-07-03,2023-07-06
ORD-01165,North,Box Truck,Snow,1089,2022-01-20,No,2022-01-24,2022-01-25
ORD-01166,South,Van,Rain,1154,2023-07-20,No,2023-07-24,2023-07-24
ORD-01167,North,Semi-Trailer,Clear,323,2023-03-30,No,2023-04-01,2023-04-01
ORD-01168,South,Van,Clear,1244,2023-04-30,No,2023-05-05,2023-05-05
ORD-01169,East,Van,Clear,112,2022-01-25,No,2022-01-26,2022-01-26
ORD-01170,East,Van,Rain,448,2022-07-29,No,2022-07-31,2022-08-01
ORD-01171,West,Van,Rain,826,2022-02-10,No,2022-02-13,2022-02-13
ORD-01172,East,Semi-Trailer,Fog,756,2023-01-11,No,2023-01-14,2023-01-15
ORD-01173,East,Van,Clear,47,2023-07-30,No,2023-07-31,2023-08-03
ORD-01174,East,Box Truck,Clear,822,2023-01-22,No,2023-01-25,2023-01-26
ORD-01175,North,Van,Clear,1447,2022-02-09,,2022-02-14,2022-02-14
ORD-01176,East,Van,Clear,1257,2023-10-23,No,2023-10-28,2023-10-29
ORD-01177,East,Semi-Trailer,Clear,1026,2022-04-21,No,2022-04-25,2022-04-28
ORD-01178,West,Box Truck,Clear,1326,2023-02-12,No,2023-02-17,2023-02-18
ORD-01179,East,Van,Rain,164,2023-10-22,No,2023-10-23,2023-10-23
ORD-01180,East,Box Truck,Clear,1065,2023-08-22,No,2023-08-26,2023-08-26
ORD-01181,South,Van,Snow,1267,2023-05-31,No,2023-06-05,2023-06-09
ORD-01182,West,Van,Clear,498,2022-06-25,No,2022-06-27,2022-06-27
ORD-01183,West,Box Truck,Fog,1366,2022-02-24,No,2022-03-01,2022-03-06
ORD-01184,West,Box Truck,Fog,1050,2022-05-11,No,2022-05-15,2022-05-17
ORD-01185,West,Van,Fog,1447,2022-10-13,No,2022-10-18,2022-10-22
ORD-01186,West,Semi-Trailer,Rain,249,2023-01-01,Yes,2023-01-02,2023-01-02
ORD-01187,West,Box Truck,Snow,1319,2022-04-14,No,2022-04-19,2022-04-22
ORD-01188,North,Van,Clear,355,2022-12-04,No,2022-12-06,2022-12-06
ORD-01189,East,Box Truck,Clear,1408,2023-06-30,No,2023-07-05,2023-07-05
ORD-01190,West,Box Truck,Rain,25,2023-02-15,No,2023-02-16,2023-02-16
ORD-01191,East,Box Truck,Rain,596,2022-06-26,No,2022-06-28,2022-06-28
ORD-01192,East,Van,Fog,959,2023-05-24,No,2023-05-28,2023-06-02
ORD-01193,North,Box Truck,Clear,269,2023-06-23,No,2023-06-24,2023-06-24
ORD-01194,West,Van,Clear,370,2023-09-29,No,2023-10-01,2023-10-01
ORD-01195,South,Semi-Trailer,Rain,1432,2023-08-22,No,2023-08-27,2023-08-27
ORD-01196,North,Box Truck,Fog,469,2023-02-20,Yes,2023-02-22,2023-02-23
ORD-01197,South,Van,Clear,940,2022-10-25,No,2022-10-29,2022-10-29
ORD-01198,East,Box Truck,Clear,1118,2023-04-19,No,2023-04-23,2023-04-23
ORD-01199,East,Semi-Trailer,Clear,1096,2023-06-10,No,2023-06-14,2023-06-15
ORD-01200,North,Semi-Trailer,Clear,109,2022-07-04,No,2022-07-05,2022-07-05
ORD-01201,North,Van,Clear,764,2023-08-20,No,2023-08-23,2023-08-23
ORD-01202,South,Van,Clear,304,2022-07-22,No,2022-07-24,2022-07-24
ORD-01203,West,Box Truck,Snow,1195,2022-04-05,No,2022-04-09,2022-04-13
ORD-01204,South,Van,Clear,938,2023-01-15,No,2023-01-19,2023-01-19
ORD-01205,North,Semi-Trailer,Clear,1211,2023-10-12,No,2023-10-17,2023-10-17
ORD-01206,South,Van,Rain,1477,2022-09-13,No,2022-09-18,2022-09-18
ORD-01207,North,Van,Fog,337,2022-05-08,No,2022-05-10,2022-05-14
ORD-01208,South,Van,Fog,1361,2023-05-16,No,2023-05-21,2023-05-22
ORD-01209,North,Van,Clear,773,2022-02-23,No,2022-02-26,2022-02-26
ORD-01210,North,Box Truck,Fog,1075,2022-03-01,No,2022-03-05,2022-03-09
ORD-01211,North,Van,Clear,251,2022-02-20,Yes,2022-02-21,2022-02-21
ORD-01212,West,Van,Rain,1375,2023-03-30,,2023-04-04,2023-04-04
ORD-01213,South,Van,Rain,1124,2023-10-09,No,2023-10-13,2023-10-13
ORD-01214,South,Box Truck,Clear,1061,2023-07-18,No,2023-07-22,2023-07-22
ORD-01215,South,Van,Clear,468,2022-04-13,No,2022-04-15,2022-04-15
ORD-01216,North,Box Truck,Clear,676,2023-04-03,No,2023-04-06,2023-04-06
ORD-01217,South,Box Truck,Snow,1418,2023-02-22,No,2023-02-27,2023-03-03
ORD-01218,South,Box Truck,Clear,229,2023-01-19,No,2023-01-20,2023-01-20
ORD-01219,North,Semi-Trailer,Rain,868,2022-07-12,No,2022-07-15,2022-07-15
ORD-01220,East,Semi-Trailer,Clear,273,2022-05-07,No,2022-05-08,2022-05-08
ORD-01221,North,Semi-Trailer,Clear,130,2023-06-19,No,2023-06-20,2023-06-20
ORD-01222,South,Van,Fog,1079,2022-02-27,No,2022-03-03,2022-03-07
ORD-01223,North,Van,Rain,1313,2023-03-07,No,2023-03-12,2023-03-12
ORD-01224,East,Van,Fog,1148,2023-12-07,No,2023-12-11,2023-12-13
ORD-01225,North,Semi-Trailer,Clear,1201,2023-12-09,No,2023-12-14,2023-12-15
ORD-01226,South,Semi-Trailer,Clear,444,2022-03-25,No,2022-03-27,2022-03-29
ORD-01227,East,Semi-Trailer,Clear,1279,2022-01-26,No,2022-01-31,2022-02-01
ORD-01228,West,Van,Clear,493,2022-04-07,No,2022-04-09,2022-04-12
ORD-01229,South,Semi-Trailer,Clear,1408,2023-02-03,No,2023-02-08,2023-02-09
ORD-01230,East,Van,Rain,289,2022-01-26,No,2022-01-27,2022-01-28
ORD-01231,East,Van,Clear,1055,2023-05-05,No,2023-05-09,2023-05-09
ORD-01232,West,Van,Clear,723,2022-07-21,No,2022-07-24,2022-07-24
ORD-01233,North,Van,Clear,77,2023-06-27,No,2023-06-28,2023-06-29
ORD-01234,North,Box Truck,Clear,752,2023-09-03,No,2023-09-06,2023-09-06
ORD-01235,South,Van,Rain,1091,2023-11-24,No,2023-11-28,2023-11-30
ORD-01236,West,Van,Clear,1297,2022-10-05,,2022-10-10,2022-10-11
ORD-01237,North,Box Truck,Clear,1456,2022-11-03,No,2022-11-08,2022-11-09
ORD-01238,West,Semi-Trailer,Clear,1031,2023-01-02,No,2023-01-06,2023-01-06
ORD-01239,North,Box Truck,Fog,300,2023-09-13,No,2023-09-15,2023-09-16
ORD-01240,East,Van,Fog,178,2023-02-23,No,2023-02-24,2023-02-28
ORD-01241,North,Semi-Trailer,Rain,1495,2022-03-08,No,2022-03-13,2022-03-13
ORD-01242,West,Semi-Trailer,Clear,565,2022-02-01,No,2022-02-03,2022-02-05
ORD-01243,East,Van,Clear,362,2023-08-18,No,2023-08-20,2023-08-21
ORD-01244,East,Box Truck,Rain,1273,2022-03-21,No,2022-03-26,2022-03-28
ORD-01245,East,Van,Fog,292,2023-09-29,No,2023-09-30,2023-10-03
ORD-01246,West,Van,Fog,1482,2023-05-14,No,2023-05-19,2023-05-21
ORD-01247,South,Box Truck,Snow,1099,2023-08-20,No,2023-08-24,2023-08-26
ORD-01248,South,Semi-Trailer,Clear,1360,2023-03-15,No,2023-03-20,2023-03-20
ORD-01249,South,Van,Fog,465,2022-07-11,No,2022-07-13,2022-07-16
ORD-01250,West,Semi-Trailer,Rain,968,2023-02-14,No,2023-02-18,2023-02-18
ORD-01251,East,Semi-Trailer,Snow,1014,2023-12-15,Yes,2023-12-19,2023-12-20
ORD-01252,South,Semi-Trailer,Clear,486,2023-07-27,No,2023-07-29,2023-07-30
ORD-01253,West,Van,Clear,294,2023-03-01,No,2023-03-02,2023-03-02
ORD-01254,South,Semi-Trailer,Clear,40,2023-05-24,No,2023-05-25,2023-05-25
ORD-01255,North,Van,Clear,457,2022-01-15,No,2022-01-17,2022-01-17
ORD-01256,South,Box Truck,Clear,223,2023-10-14,No,2023-10-15,2023-10-15
ORD-01257,South,Van,Snow,1058,2023-02-10,No,2023-02-14,2023-02-16
ORD-01258,East,Van,Clear,1406,2023-06-13,No,2023-06-18,2023-06-18
ORD-01259,West,Box Truck,Clear,406,2023-03-19,No,2023-03-21,2023-03-21
ORD-01260,East,Van,Clear,346,2022-08-19,No,2022-08-21,2022-08-21
ORD-01261,East,Van,Clear,945,2023-12-04,No,2023-12-08,2023-12-08
ORD-01262,East,Van,Fog,977,2022-03-14,No,2022-03-18,2022-03-19
ORD-01263,East,Box Truck,Clear,864,2023-05-31,Yes,2023-06-03,2023-06-03
ORD-01264,East,Van,Clear,912,2023-02-12,No,2023-02-16,2023-02-16
ORD-01265,South,Semi-Trailer,Fog,681,2022-11-20,,2022-11-23,2022-11-24
ORD-01266,East,Van,Snow,1313,2022-03-01,No,2022-03-06,2022-03-09
ORD-01267,East,Van,Clear,778,2022-08-04,No,2022-08-07,2022-08-07
ORD-01268,West,Van,Rain,632,2022-07-17,,2022-07-20,2022-07-20
ORD-01269,North,Van,Rain,568,2022-09-10,No,2022-09-12,2022-09-12
ORD-01270,South,Van,Rain,557,2022-03-30,No,2022-04-01,2022-04-01
ORD-01271,South,Van,Clear,932,2023-04-02,No,2023-04-06,2023-04-06
ORD-01272,South,Semi-Trailer,Fog,1231,2023-02-03,No,2023-02-08,2023-02-10
ORD-01273,East,Box Truck,Clear,563,2022-01-03,No,2022-01-05,2022-01-05
ORD-01274,East,Van,Clear,488,2022-06-03,,2022-06-05,2022-06-05
ORD-01275,East,Van,Clear,853,2023-01-31,No,2023-02-03,2023-02-03
ORD-01276,West,Semi-Trailer,Clear,79,2023-11-22,No,2023-11-23,2023-11-26
ORD-01277,North,Van,Fog,514,2022-12-05,No,2022-12-07,2022-12-11
ORD-01278,East,Van,Clear,119,2022-09-11,No,2022-09-12,2022-09-13
ORD-01279,North,Box Truck,Clear,1415,2023-11-26,No,2023-12-01,2023-12-01
ORD-01280,West,Box Truck,Clear,406,2023-05-20,No,2023-05-22,2023-05-22
ORD-01281,South,Box Truck,Clear,1442,2023-12-23,No,2023-12-28,2023-12-28
ORD-01282,East,Van,Fog,360,2023-06-26,No,2023-06-28,2023-07-01
ORD-01283,North,Van,Clear,1004,2022-07-16,No,2022-07-20,2022-07-20
ORD-01284,North,Box Truck,Rain,798,2022-03-04,No,2022-03-07,2022-03-07
ORD-01285,East,Van,Rain,430,2022-10-08,No,2022-10-10,2022-10-10
ORD-01286,South,Box Truck,Rain,931,2022-01-15,No,2022-01-19,2022-01-19
ORD-01287,South,Box Truck,Rain,120,2023-03-13,No,2023-03-14,2023-03-14
ORD-01288,South,Van,Clear,218,2023-09-28,No,2023-09-29,2023-09-29
ORD-01289,West,Semi-Trailer,Snow,1472,2022-11-09,No,2022-11-14,2022-11-16
ORD-01290,North,Semi-Trailer,Rain,1211,2022-06-13,No,2022-06-18,2022-06-19
ORD-01291,North,Box Truck,Rain,940,2023-01-23,No,2023-01-27,2023-01-27
ORD-01292,North,Van,Fog,434,2023-07-01,No,2023-07-03,2023-07-05
ORD-01293,West,Van,Snow,337,2023-08-14,No,2023-08-16,2023-08-17
ORD-01294,North,Van,Snow,20,2022-03-10,No,2022-03-11,2022-03-15
ORD-01295,West,Van,Fog,1285,2023-12-18,No,2023-12-23,2023-12-29
ORD-01296,South,Semi-Trailer,Clear,865,2022-07-19,No,2022-07-22,2022-07-22
ORD-01297,East,Van,Clear,1268,2022-02-10,No,2022-02-15,2022-02-15
ORD-01298,North,Van,Clear,263,2023-07-23,No,2023-07-24,2023-07-24
ORD-01299,North,Van,Clear,138,2023-09-29,No,2023-09-30,2023-09-30
ORD-01300,South,Box Truck,Snow,109,2022-03-19,No,2022-03-20,2022-03-24
ORD-01301,East,Van,Rain,299,2023-04-19,No,2023-04-20,2023-04-20
ORD-01302,West,Van,Rain,1259,2022-06-18,No,2022-06-23,2022-06-23
ORD-01303,East,Van,Fog,1158,2022-01-26,No,2022-01-30,2022-02-02
ORD-01304,South,Semi-Trailer,Clear,1471,2023-01-25,No,2023-01-30,2023-01-30
ORD-01305,South,Van,Rain,655,2023-03-23,No,2023-03-26,2023-03-26
ORD-01306,East,Semi-Trailer,Clear,674,2022-04-30,No,2022-05-03,2022-05-03
ORD-01307,West,Semi-Trailer,Clear,1380,2023-03-19,Yes,2023-03-24,2023-03-24
ORD-01308,West,Van,Clear,707,2023-11-13,No,2023-11-16,2023-11-16
ORD-01309,North,Box Truck,Snow,192,2023-07-26,No,2023-07-27,2023-07-30
ORD-01310,West,Van,Clear,360,2023-05-26,No,2023-05-28,2023-05-28
ORD-01311,East,Semi-Trailer,Snow,1411,2022-09-29,No,2022-10-04,2022-10-07
ORD-01312,South,Box Truck,Clear,717,2022-11-24,No,2022-11-27,2022-11-27
ORD-01313,North,Van,Clear,1498,2022-06-01,,2022-06-06,2022-06-06
ORD-01314,North,Van,Clear,687,2022-05-09,No,2022-05-12,2022-05-12
ORD-01315,South,Van,Clear,811,2023-03-02,No,2023-03-05,2023-03-08
ORD-01316,West,Semi-Trailer,Fog,349,2023-12-12,No,2023-12-14,2023-12-15
ORD-01317,South,Van,Clear,1174,2022-02-18,No,2022-02-22,2022-02-22
ORD-01318,West,Box Truck,Fog,120,2022-07-17,No,2022-07-18,2022-07-22
ORD-01319,South,Van,Fog,270,2022-03-11,No,2022-03-12,2022-03-13
ORD-01320,East,Semi-Trailer,Fog,1221,2022-06-27,No,2022-07-02,2022-07-06
ORD-01321,West,Van,Clear,380,2023-08-20,No,2023-08-22,2023-08-22
ORD-01322,East,Box Truck,Fog,1391,2022-10-22,No,2022-10-27,2022-10-30
ORD-01323,North,Van,Clear,1306,2023-06-30,No,2023-07-05,2023-07-05
ORD-01324,South,Box Truck,Clear,613,2023-03-18,No,2023-03-21,2023-03-22
ORD-01325,North,Van,Clear,458,2023-03-26,No,2023-03-28,2023-03-28
ORD-01326,North,Van,Fog,1450,2022-09-17,No,2022-09-22,2022-09-23
ORD-01327,North,Van,Clear,870,2022-09-10,No,2022-09-13,2022-09-13
ORD-01328,North,Box Truck,Clear,1421,2022-12-06,No,2022-12-11,2022-12-12
ORD-01329,South,Van,Clear,1371,2022-06-18,No,2022-06-23,2022-06-23
ORD-01330,North,Box Truck,Clear,1344,2022-07-25,No,2022-07-30,2022-08-02
ORD-01331,South,Van,Clear,1362,2023-06-27,No,2023-07-02,2023-07-05
ORD-01332,South,Semi-Trailer,Snow,1080,2023-09-15,Yes,2023-09-19,2023-09-26
ORD-01333,East,Semi-Trailer,Clear,665,2023-03-14,Yes,2023-03-17,2023-03-20
ORD-01334,West,Box Truck,Fog,158,2023-11-14,No,2023-11-15,2023-11-16
ORD-01335,West,Van,Rain,359,2023-05-10,No,2023-05-12,2023-05-12
ORD-01336,South,Van,Fog,332,2023-11-02,No,2023-11-04,2023-11-05
ORD-01337,East,Van,Clear,874,2022-09-03,No,2022-09-06,2022-09-06
ORD-01338,South,Van,Rain,1153,2022-09-30,No,2022-10-04,2022-10-04
ORD-01339,South,Box Truck,Clear,1014,2022-03-15,No,2022-03-19,2022-03-19
ORD-01340,South,Box Truck,Clear,407,2023-10-22,No,2023-10-24,2023-10-26
ORD-01341,East,Semi-Trailer,Snow,655,2023-03-30,No,2023-04-02,2023-04-05
ORD-01342,West,Van,Rain,1230,2023-01-01,,2023-01-06,2023-01-06
ORD-01343,East,Box Truck,Snow,422,2023-11-20,Yes,2023-11-22,2023-11-26
ORD-01344,North,Van,Rain,1472,2022-01-22,No,2022-01-27,2022-01-27
ORD-01345,East,Box Truck,Clear,46,2023-12-09,No,2023-12-10,2023-12-10
ORD-01346,East,Van,Rain,196,2023-04-07,No,2023-04-08,2023-04-08
ORD-01347,East,Van,Clear,429,2023-09-01,No,2023-09-03,2023-09-04
ORD-01348,East,Van,Clear,734,2023-09-03,No,2023-09-06,2023-09-06
ORD-01349,West,Box Truck,Rain,1493,2022-03-04,No,2022-03-09,2022-03-09
ORD-01350,North,Semi-Trailer,Fog,1143,2022-02-03,No,2022-02-07,2022-02-09
ORD-01351,West,Van,Clear,196,2023-08-17,Yes,2023-08-18,2023-08-20
ORD-01352,West,Van,Clear,480,2022-06-03,No,2022-06-05,2022-06-05
ORD-01353,East,Van,Clear,1111,2023-12-20,No,2023-12-24,2023-12-24
ORD-01354,South,Box Truck,Clear,1407,2022-02-22,No,2022-02-27,2022-02-27
ORD-01355,South,Van,Snow,819,2022-08-22,No,2022-08-25,2022-08-26
ORD-01356,West,Box Truck,Snow,339,2023-07-29,No,2023-07-31,2023-08-01
ORD-01357,West,Semi-Trailer,Rain,1158,2022-10-11,No,2022-10-15,2022-10-18
ORD-01358,East,Semi-Trailer,Snow,1349,2023-09-04,No,2023-09-09,2023-09-11
ORD-01359,West,Van,Clear,967,2023-05-21,No,2023-05-25,2023-05-25
ORD-01360,East,Semi-Trailer,Clear,329,2022-02-06,No,2022-02-08,2022-02-09
ORD-01361,South,Box Truck,Clear,484,2022-10-26,No,2022-10-28,2022-10-28
ORD-01362,South,Van,Snow,835,2022-01-17,No,2022-01-20,2022-01-22
ORD-01363,North,Box Truck,Rain,523,2023-02-26,No,2023-02-28,2023-02-28
ORD-01364,South,Semi-Trailer,Rain,343,2022-08-30,No,2022-09-01,2022-09-01
ORD-01365,West,Van,Clear,1104,2022-10-26,No,2022-10-30,2022-10-30
ORD-01366,South,Van,Clear,474,2022-04-04,No,2022-04-06,2022-04-06
ORD-01367,East,Van,Fog,1409,2023-06-22,No,2023-06-27,
ORD-01368,South,Box Truck,Clear,733,2022-11-13,No,2022-11-16,2022-11-16
ORD-01369,North,Van,Rain,17,2022-02-26,No,2022-02-27,2022-02-27
ORD-01370,South,Semi-Trailer,Clear,173,2023-03-27,No,2023-03-28,2023-03-28
ORD-01371,East,Box Truck,Clear,790,2023-10-17,No,2023-10-20,2023-10-23
ORD-01372,East,Box Truck,Rain,1328,2022-08-02,No,2022-08-07,
ORD-01373,West,Van,Clear,367,2023-11-04,No,2023-11-06,2023-11-06
ORD-01374,South,Box Truck,Rain,90,2023-07-29,No,2023-07-30,2023-07-30
ORD-01375,East,Van,Rain,783,2023-03-09,No,2023-03-12,2023-03-12
ORD-01376,North,Van,Clear,1308,2022-01-19,No,2022-01-24,2022-01-24
ORD-01377,West,Box Truck,Rain,930,2023-05-02,No,2023-05-06,2023-05-06
ORD-01378,North,Van,Clear,908,2023-08-19,No,2023-08-23,2023-08-24
ORD-01379,South,Box Truck,Clear,931,2022-05-14,No,2022-05-18,2022-05-20
ORD-01380,South,Van,Rain,1080,2022-08-19,No,2022-08-23,2022-08-23
ORD-01381,South,Van,Clear,1425,2022-02-07,No,2022-02-12,2022-02-12
ORD-01382,West,Van,Clear,834,2022-08-01,No,2022-08-04,2022-08-04
ORD-01383,East,Semi-Trailer,Fog,1027,2022-05-10,No,2022-05-14,2022-05-16
ORD-01384,West,Box Truck,Clear,1112,2022-10-16,No,2022-10-20,2022-10-20
ORD-01385,North,Box Truck,Snow,689,2022-09-04,No,2022-09-07,2022-09-10
ORD-01386,West,Van,Snow,1056,2022-03-11,Yes,2022-03-15,
ORD-01387,North,Van,Clear,1261,2022-10-29,No,2022-11-03,2022-11-05
ORD-01388,West,Semi-Trailer,Clear,447,2023-05-22,No,2023-05-24,2023-05-24
ORD-01389,East,Van,Clear,1331,2022-07-14,No,2022-07-19,2022-07-21
ORD-01390,North,Van,Clear,955,2022-06-05,No,2022-06-09,2022-06-09
ORD-01391,South,Box Truck,Snow,1293,2022-07-28,Yes,2022-08-02,2022-08-06
ORD-01392,South,Van,Rain,785,2022-11-11,No,2022-11-14,2022-11-15
ORD-01393,West,Semi-Trailer,Clear,685,2022-09-27,No,2022-09-30,2022-09-30
ORD-01394,South,Box Truck,Rain,19,2022-09-05,No,2022-09-06,2022-09-06
ORD-01395,North,Van,Fog,167,2022-02-15,No,2022-02-16,2022-02-18
ORD-01396,South,Van,Clear,877,2023-12-11,No,2023-12-14,2023-12-15
ORD-01397,East,Van,Rain,793,2022-03-05,No,2022-03-08,2022-03-08
ORD-01398,East,Semi-Trailer,Rain,1191,2022-11-07,No,2022-11-11,2022-11-13
ORD-01399,West,Box Truck,Clear,329,2023-10-18,Yes,2023-10-20,2023-10-20
ORD-01400,North,Van,Clear,1235,2022-08-02,No,2022-08-07,2022-08-07
ORD-01401,East,Van,Rain,130,2023-01-04,No,2023-01-05,2023-01-05
ORD-01402,East,Box Truck,Clear,148,2023-07-03,No,2023-07-04,2023-07-04
ORD-01403,North,Box Truck,Clear,683,2022-10-29,No,2022-11-01,2022-11-03
ORD-01404,South,Van,Rain,1372,2023-10-01,No,2023-10-06,2023-10-08
ORD-01405,South,Van,Rain,1293,2022-05-16,,2022-05-21,2022-05-21
ORD-01406,West,Van,Clear,1466,2022-12-11,No,2022-12-16,2022-12-19
ORD-01407,South,Box Truck,Clear,53,2022-04-11,No,2022-04-12,2022-04-12
ORD-01408,North,Semi-Trailer,Clear,1192,2022-10-04,No,2022-10-08,2022-10-08
ORD-01409,East,Van,Clear,825,2023-06-14,No,2023-06-17,2023-06-17
ORD-01410,South,Box Truck,Clear,1388,2022-02-18,No,2022-02-23,2022-02-23
ORD-01411,West,Van,Clear,107,2023-12-30,,2023-12-31,2023-12-31
ORD-01412,South,Van,Clear,248,2023-10-15,No,2023-10-16,2023-10-16
ORD-01413,North,Van,Clear,484,2023-05-25,No,2023-05-27,2023-05-27
ORD-01414,West,Semi-Trailer,Clear,533,2023-08-27,No,2023-08-29,2023-09-01
ORD-01415,South,Van,Clear,566,2023-05-10,No,2023-05-12,2023-05-12
ORD-01416,West,Box Truck,Clear,1425,2022-10-12,No,2022-10-17,2022-10-17
ORD-01417,North,Van,Clear,18,2022-08-24,No,2022-08-25,2022-08-25
ORD-01418,East,Van,Fog,1422,2023-04-08,No,2023-04-13,2023-04-16
ORD-01419,North,Van,Clear,1243,2022-01-24,No,2022-01-29,2022-01-29
ORD-01420,North,Box Truck,Rain,1087,2023-06-03,No,2023-06-07,2023-06-07
ORD-01421,North,Van,Fog,625,2022-10-26,No,2022-10-29,2022-10-31
ORD-01422,North,Box Truck,Clear,161,2022-01-06,No,2022-01-07,2022-01-07
ORD-01423,East,Van,Snow,419,2022-02-18,No,2022-02-20,2022-02-23
ORD-01424,East,Van,Clear,19,2022-01-20,No,2022-01-21,2022-01-21
ORD-01425,West,Van,Clear,966,2023-07-19,No,2023-07-23,2023-07-23
ORD-01426,South,Van,Clear,561,2022-06-15,No,2022-06-17,2022-06-17
ORD-01427,East,Van,Clear,565,2023-09-25,No,2023-09-27,2023-09-28
ORD-01428,East,Van,Clear,889,2023-01-08,No,2023-01-11,2023-01-11
ORD-01429,South,Box Truck,Clear,277,2023-02-22,No,2023-02-23,2023-02-24
ORD-01430,East,Box Truck,Rain,1023,2022-07-01,No,2022-07-05,2022-07-08
ORD-01431,North,Van,Fog,676,2023-05-16,No,2023-05-19,2023-05-23
ORD-01432,North,Van,Clear,460,2022-07-09,No,2022-07-11,2022-07-11
ORD-01433,South,Van,Clear,603,2022-06-09,No,2022-06-12,2022-06-13
ORD-01434,West,Van,Clear,1230,2023-01-03,No,2023-01-08,2023-01-09
ORD-01435,West,Van,Clear,407,2023-01-14,No,2023-01-16,2023-01-16
ORD-01436,South,Semi-Trailer,Rain,930,2023-07-20,No,2023-07-24,2023-07-24
ORD-01437,South,Van,Clear,1085,2022-03-16,No,2022-03-20,2022-03-20
ORD-01438,North,Van,Clear,1401,2023-11-09,No,2023-11-14,2023-11-15
ORD-01439,West,Van,Rain,1407,2022-05-04,No,2022-05-09,2022-05-09
ORD-01440,East,Van,Snow,1092,2022-11-24,No,2022-11-28,2022-11-29
ORD-01441,North,Box Truck,Clear,303,2023-04-19,No,2023-04-21,2023-04-21
ORD-01442,South,Van,Clear,797,2023-10-23,No,2023-10-26,2023-10-26
ORD-01443,West,Van,Clear,961,2022-01-05,No,2022-01-09,2022-01-12
ORD-01444,East,Box Truck,Clear,878,2023-07-16,No,2023-07-19,2023-07-19
ORD-01445,East,Van,Clear,119,2023-12-02,Yes,2023-12-03,2023-12-03
ORD-01446,North,Box Truck,Clear,116,2023-09-14,No,2023-09-15,2023-09-15
ORD-01447,West,Box Truck,Fog,1022,2022-10-20,No,2022-10-24,2022-10-30
ORD-01448,West,Van,Clear,306,2022-04-23,No,2022-04-25,2022-04-25
ORD-01449,South,Box Truck,Clear,848,2023-02-12,No,2023-02-15,2023-02-15
ORD-01450,West,Van,Clear,1128,2022-11-24,No,2022-11-28,2022-11-28
ORD-01451,West,Box Truck,Clear,994,2022-08-30,No,2022-09-03,2022-09-03
ORD-01452,North,Van,Rain,854,2023-07-20,No,2023-07-23,
ORD-01453,West,Van,Clear,88,2022-03-27,No,2022-03-28,2022-03-31
ORD-01454,East,Box Truck,Clear,1283,2022-04-21,No,2022-04-26,2022-04-29
ORD-01455,North,Semi-Trailer,Clear,739,2022-05-18,No,2022-05-21,2022-05-21
ORD-01456,North,Semi-Trailer,Clear,348,2022-12-19,No,2022-12-21,2022-12-23
ORD-01457,South,Box Truck,Clear,66,2022-02-12,,2022-02-13,2022-02-13
ORD-01458,West,Van,Clear,929,2022-03-17,No,2022-03-21,2022-03-21
ORD-01459,South,Van,Clear,156,2023-08-24,No,2023-08-25,2023-08-25
ORD-01460,East,Van,Clear,755,2023-01-20,No,2023-01-23,2023-01-23
ORD-01461,North,Van,Clear,1050,2022-07-22,No,2022-07-26,2022-07-26
ORD-01462,North,Van,Rain,377,2023-07-13,No,2023-07-15,2023-07-16
ORD-01463,North,Semi-Trailer,Rain,718,2023-05-04,No,2023-05-07,2023-05-08
ORD-01464,East,Van,Rain,1222,2022-03-25,No,2022-03-30,2022-03-30
ORD-01465,East,Van,Snow,257,2022-08-27,No,2022-08-28,2022-08-29
ORD-01466,South,Van,Clear,159,2023-04-02,No,2023-04-03,2023-04-04
ORD-01467,South,Semi-Trailer,Snow,723,2023-08-19,No,2023-08-22,2023-08-26
ORD-01468,South,Box Truck,Clear,1246,2023-01-13,No,2023-01-18,
ORD-01469,West,Box Truck,Clear,226,2023-09-10,No,2023-09-11,2023-09-12
ORD-01470,North,Van,Clear,1039,2023-09-25,Yes,2023-09-29,2023-09-30
ORD-01471,North,Semi-Trailer,Clear,679,2023-09-10,No,2023-09-13,2023-09-14
ORD-01472,South,Van,Fog,870,2022-05-09,No,2022-05-12,2022-05-15
ORD-01473,North,Semi-Trailer,Clear,1428,2023-12-22,No,2023-12-27,2023-12-29
ORD-01474,South,Box Truck,Clear,313,2022-03-22,No,2022-03-24,2022-03-25
ORD-01475,West,Van,Clear,1444,2022-07-26,No,2022-07-31,2022-07-31
ORD-01476,West,Van,Clear,412,2023-11-03,No,2023-11-05,2023-11-05
ORD-01477,East,Box Truck,Clear,869,2022-03-11,No,2022-03-14,2022-03-14
ORD-01478,West,Van,Clear,389,2023-11-17,No,2023-11-19,2023-11-21
ORD-01479,South,Semi-Trailer,Clear,461,2022-12-13,No,2022-12-15,2022-12-18
ORD-01480,West,Van,Snow,1262,2023-03-06,No,2023-03-11,2023-03-14
ORD-01481,East,Van,Clear,703,2023-04-08,No,2023-04-11,2023-04-11
ORD-01482,North,Van,Clear,154,2022-01-11,No,2022-01-12,2022-01-14
ORD-01483,South,Van,Rain,59,2023-08-03,No,2023-08-04,2023-08-04
ORD-01484,North,Van,Fog,1457,2022-10-13,No,2022-10-18,2022-10-22
ORD-01485,East,Van,Clear,1133,2022-07-30,No,2022-08-03,2022-08-03
ORD-01486,East,Box Truck,Clear,352,2023-07-28,No,2023-07-30,2023-08-01
ORD-01487,East,Van,Fog,891,2022-04-08,No,2022-04-11,2022-04-14
ORD-01488,North,Semi-Trailer,Clear,899,2023-03-01,No,2023-03-04,
ORD-01489,North,Box Truck,Clear,1046,2023-11-15,No,2023-11-19,2023-11-19
ORD-01490,North,Semi-Trailer,Clear,771,2023-07-18,No,2023-07-21,2023-07-21
ORD-01491,North,Van,Fog,857,2023-12-08,No,2023-12-11,2023-12-12
ORD-01492,East,Van,Fog,933,2022-05-09,No,2022-05-13,2022-05-16
ORD-01493,East,Van,Snow,1205,2022-10-15,No,2022-10-20,2022-10-23
ORD-01494,South,Box Truck,Clear,1392,2022-03-04,No,2022-03-09,2022-03-09
ORD-01495,South,Semi-Trailer,Clear,1139,2022-03-19,No,2022-03-23,2022-03-23
ORD-01496,North,Van,Clear,198,2023-06-08,No,2023-06-09,2023-06-09
ORD-01497,West,Van,Snow,1083,2022-06-10,No,2022-06-14,2022-06-19
ORD-01498,West,Semi-Trailer,Fog,1282,2022-05-16,No,2022-05-21,2022-05-22
ORD-01499,East,Van,Clear,419,2023-09-17,No,2023-09-19,2023-09-19
ORD-01500,East,Box Truck,Rain,1424,2022-08-03,No,2022-08-08,2022-08-08
ORD-01501,East,Box Truck,Clear,1412,2022-06-21,No,2022-06-26,2022-06-26
ORD-01502,South,Semi-Trailer,Clear,236,2023-11-10,No,2023-11-11,2023-11-11
ORD-01503,South,Van,Rain,222,2023-09-15,No,2023-09-16,2023-09-16
ORD-01504,East,Van,Clear,1014,2023-07-25,No,2023-07-29,2023-07-29
ORD-01505,East,Box Truck,Clear,1379,2023-01-11,No,2023-01-16,2023-01-16
ORD-01506,East,Semi-Trailer,Clear,428,2022-10-03,No,2022-10-05,2022-10-06
ORD-01507,West,Van,Snow,1117,2022-11-22,No,2022-11-26,2022-11-30
ORD-01508,South,Van,Snow,928,2022-01-06,No,2022-01-10,2022-01-13
ORD-01509,West,Box Truck,Fog,1230,2022-08-19,No,2022-08-24,2022-08-25
ORD-01510,West,Semi-Trailer,Rain,786,2022-11-13,No,2022-11-16,2022-11-16
ORD-01511,East,Semi-Trailer,Clear,230,2022-07-12,No,2022-07-13,2022-07-13
ORD-01512,East,Semi-Trailer,Clear,185,2023-10-28,No,2023-10-29,2023-10-29
ORD-01513,North,Van,Fog,593,2023-08-21,No,2023-08-23,2023-08-25
ORD-01514,North,Van,Clear,1355,2023-04-11,No,2023-04-16,2023-04-19
ORD-01515,West,Box Truck,Rain,544,2022-06-29,No,2022-07-01,2022-07-01
ORD-01516,South,Semi-Trailer,Rain,734,2022-01-06,No,2022-01-09,2022-01-11
ORD-01517,East,Van,Snow,1427,2023-03-24,No,2023-03-29,2023-03-31
ORD-01518,East,Van,Clear,333,2023-03-02,No,2023-03-04,2023-03-04
ORD-01519,West,Box Truck,Clear,94,2022-11-15,No,2022-11-16,2022-11-16
ORD-01520,North,Van,Rain,1029,2023-08-25,No,2023-08-29,2023-08-29
ORD-01521,South,Van,Snow,896,2022-09-01,No,2022-09-04,2022-09-07
ORD-01522,North,Box Truck,Rain,1460,2023-07-09,No,2023-07-14,2023-07-14
ORD-01523,North,Box Truck,Clear,1301,2023-04-28,No,2023-05-03,2023-05-03
ORD-01524,North,Box Truck,Clear,121,2023-02-19,No,2023-02-20,2023-02-20
ORD-01525,North,Van,Rain,637,2023-01-31,No,2023-02-03,2023-02-03
ORD-01526,East,Box Truck,Rain,958,2023-06-05,No,2023-06-09,2023-06-10
ORD-01527,East,Box Truck,Rain,759,2023-05-24,No,2023-05-27,2023-05-27
ORD-01528,North,Box Truck,Clear,1431,2022-04-11,No,2022-04-16,2022-04-16
ORD-01529,South,Box Truck,Fog,61,2023-11-14,No,2023-11-15,
ORD-01530,West,Van,Clear,93,2023-06-04,No,2023-06-05,2023-06-05
ORD-01531,South,Van,Rain,721,2023-07-25,No,2023-07-28,2023-07-28
ORD-01532,South,Van,Clear,740,2022-11-14,No,2022-11-17,2022-11-17
ORD-01533,South,Van,Clear,750,2022-04-26,No,2022-04-29,2022-05-02
ORD-01534,North,Box Truck,Snow,838,2022-09-06,No,2022-09-09,2022-09-11
ORD-01535,East,Semi-Trailer,Clear,434,2023-06-27,No,2023-06-29,2023-06-29
ORD-01536,South,Box Truck,Clear,1054,2023-07-07,No,2023-07-11,2023-07-11
ORD-01537,North,Box Truck,Clear,65,2023-09-01,,2023-09-02,2023-09-02
ORD-01538,South,Van,Rain,1324,2023-08-26,No,2023-08-31,2023-08-31
ORD-01539,South,Van,Clear,821,2023-05-14,No,2023-05-17,2023-05-17
ORD-01540,North,Van,Clear,816,2023-12-11,No,2023-12-14,2023-12-14
ORD-01541,East,Van,Fog,1018,2023-02-24,No,2023-02-28,2023-03-01
ORD-01542,East,Van,Clear,664,2023-10-01,Yes,2023-10-04,
ORD-01543,West,Box Truck,Clear,1016,2022-05-01,No,2022-05-05,2022-05-05
ORD-01544,North,Semi-Trailer,Clear,917,2022-03-11,No,2022-03-15,2022-03-15
ORD-01545,West,Van,Fog,1406,2023-04-03,No,2023-04-08,2023-04-14
ORD-01546,West,Van,Clear,17,2023-07-04,No,2023-07-05,2023-07-05
ORD-01547,West,Box Truck,Rain,133,2023-03-20,No,2023-03-21,2023-03-22
ORD-01548,East,Van,Clear,1134,2023-07-24,No,2023-07-28,2023-07-28
ORD-01549,North,Semi-Trailer,Snow,999,2022-11-15,No,2022-11-19,2022-11-22
ORD-01550,West,Box Truck,Rain,844,2023-01-23,No,2023-01-26,2023-01-29
ORD-01551,North,Semi-Trailer,Clear,1126,2023-04-02,No,2023-04-06,2023-04-06
ORD-01552,North,Van,Clear,1418,2022-03-23,No,2022-03-28,
ORD-01553,East,Box Truck,Snow,775,2022-01-11,No,2022-01-14,2022-01-18
ORD-01554,West,Van,Clear,1113,2023-07-21,No,2023-07-25,2023-07-25
ORD-01555,West,Box Truck,Fog,1331,2022-12-17,No,2022-12-22,2022-12-25
ORD-01556,North,Van,Clear,40,2023-05-17,No,2023-05-18,2023-05-18
ORD-01557,South,Van,Rain,387,2023-09-15,No,2023-09-17,2023-09-17
ORD-01558,East,Box Truck,Clear,339,2023-08-02,No,2023-08-04,2023-08-04
ORD-01559,East,Box Truck,Rain,1332,2022-02-14,No,2022-02-19,2022-02-19
ORD-01560,East,Semi-Trailer,Clear,291,2023-01-13,No,2023-01-14,2023-01-14
ORD-01561,East,Box Truck,Clear,1045,2022-06-17,No,2022-06-21,2022-06-22
ORD-01562,West,Box Truck,Clear,648,2023-07-07,No,2023-07-10,2023-07-10
ORD-01563,West,Van,Clear,881,2022-10-06,No,2022-10-09,2022-10-09
ORD-01564,South,Box Truck,Clear,708,2023-03-27,No,2023-03-30,2023-03-30
ORD-01565,East,Box Truck,Clear,78,2023-05-06,No,2023-05-07,2023-05-07
ORD-01566,East,Semi-Trailer,Snow,850,2022-08-13,No,2022-08-16,2022-08-17
ORD-01567,North,Semi-Trailer,Clear,32,2023-04-03,,2023-04-04,2023-04-04
ORD-01568,West,Van,Rain,346,2023-08-10,No,2023-08-12,2023-08-12
ORD-01569,East,Semi-Trailer,Clear,436,2023-11-03,No,2023-11-05,2023-11-05
ORD-01570,South,Van,Clear,854,2023-01-07,No,2023-01-10,2023-01-10
ORD-01571,South,Van,Clear,218,2023-10-25,No,2023-10-26,2023-10-26
ORD-01572,West,Box Truck,Fog,224,2023-10-02,,2023-10-03,2023-10-09
ORD-01573,South,Van,Snow,644,2022-03-11,No,2022-03-14,2022-03-17
ORD-01574,South,Box Truck,Clear,432,2022-11-11,No,2022-11-13,2022-11-13
ORD-01575,West,Van,Rain,82,2022-09-07,No,2022-09-08,2022-09-08
ORD-01576,East,Van,Clear,832,2023-07-29,No,2023-08-01,2023-08-01
ORD-01577,East,Box Truck,Clear,795,2023-09-20,No,2023-09-23,2023-09-23
ORD-01578,South,Box Truck,Clear,947,2022-06-18,No,2022-06-22,2022-06-24
ORD-01579,South,Semi-Trailer,Clear,1307,2022-01-07,No,2022-01-12,2022-01-12
ORD-01580,East,Box Truck,Clear,1266,2022-04-08,No,2022-04-13,2022-04-13
ORD-01581,West,Box Truck,Rain,1074,2022-09-01,No,2022-09-05,2022-09-08
ORD-01582,South,Van,Clear,298,2023-12-26,No,2023-12-27,2023-12-27
ORD-01583,North,Van,Rain,564,2022-01-02,No,2022-01-04,2022-01-04
ORD-01584,West,Van,Clear,1303,2022-05-22,No,2022-05-27,2022-05-28
ORD-01585,South,Box Truck,Clear,448,2023-09-09,No,2023-09-11,2023-09-11
ORD-01586,South,Box Truck,Rain,1347,2023-10-30,No,2023-11-04,2023-11-04
ORD-01587,North,Van,Snow,1427,2023-12-09,No,2023-12-14,2023-12-16
ORD-01588,North,Box Truck,Fog,37,2022-09-28,No,2022-09-29,2022-10-01
ORD-01589,East,Box Truck,Clear,279,2022-06-01,No,2022-06-02,2022-06-05
ORD-01590,West,Van,Rain,83,2023-11-23,Yes,2023-11-24,2023-11-24
ORD-01591,West,Van,Rain,683,2022-01-13,No,2022-01-16,
ORD-01592,East,Semi-Trailer,Clear,255,2023-03-17,No,2023-03-18,2023-03-21
ORD-01593,West,Box Truck,Clear,419,2022-07-26,No,2022-07-28,2022-07-28
ORD-01594,West,Semi-Trailer,Clear,507,2023-04-25,No,2023-04-27,2023-04-27
ORD-01595,West,Van,Clear,1451,2022-09-15,No,2022-09-20,2022-09-20
ORD-01596,West,Semi-Trailer,Clear,1021,2023-05-04,No,2023-05-08,2023-05-08
ORD-01597,West,Van,Fog,220,2022-06-24,No,2022-06-25,2022-06-28
ORD-01598,North,Van,Clear,801,2022-06-09,No,2022-06-12,2022-06-12
ORD-01599,West,Semi-Trailer,Rain,1256,2022-02-23,No,2022-02-28,2022-02-28
ORD-01600,North,Van,Rain,369,2022-12-12,Yes,2022-12-14,2022-12-15
ORD-01601,West,Box Truck,Clear,591,2023-05-21,No,2023-05-23,2023-05-23
ORD-01602,East,Van,Clear,1053,2022-10-27,,2022-10-31,2022-10-31
ORD-01603,South,Box Truck,Clear,432,2023-01-27,No,2023-01-29,2023-01-29
ORD-01604,North,Semi-Trailer,Rain,130,2022-06-17,No,2022-06-18,2022-06-18
ORD-01605,West,Van,Fog,182,2022-01-11,No,2022-01-12,2022-01-15
ORD-01606,East,Box Truck,Clear,43,2023-08-08,No,2023-08-09,2023-08-10
ORD-01607,South,Van,Snow,927,2023-12-14,No,2023-12-18,2023-12-22
ORD-01608,North,Box Truck,Clear,80,2022-01-18,No,2022-01-19,2022-01-19
ORD-01609,South,Van,Rain,554,2023-09-27,No,2023-09-29,2023-09-29
ORD-01610,East,Van,Clear,783,2022-02-04,No,2022-02-07,2022-02-07
ORD-01611,North,Van,Clear,793,2022-04-11,,2022-04-14,2022-04-14
ORD-01612,South,Van,Clear,977,2022-10-20,,2022-10-24,2022-10-24
ORD-01613,West,Semi-Trailer,Clear,544,2022-10-26,No,2022-10-28,2022-10-29
ORD-01614,North,Van,Clear,23,2022-11-27,No,2022-11-28,2022-11-28
ORD-01615,South,Van,Rain,1339,2023-01-12,No,2023-01-17,2023-01-17
ORD-01616,East,Van,Clear,280,2022-06-07,No,2022-06-08,2022-06-08
ORD-01617,East,Van,Rain,1086,2022-09-19,No,2022-09-23,2022-09-23
ORD-01618,North,Box Truck,Clear,472,2022-06-12,No,2022-06-14,
ORD-01619,South,Semi-Trailer,Rain,532,2023-11-10,No,2023-11-12,2023-11-12
ORD-01620,North,Van,Rain,779,2022-01-12,No,2022-01-15,2022-01-15
ORD-01621,North,Semi-Trailer,Rain,864,2022-03-12,No,2022-03-15,2022-03-16
ORD-01622,South,Box Truck,Clear,801,2023-11-02,No,2023-11-05,2023-11-05
ORD-01623,South,Van,Clear,1357,2022-02-03,No,2022-02-08,2022-02-09
ORD-01624,West,Box Truck,Snow,452,2022-03-29,No,2022-03-31,2022-04-02
ORD-01625,South,Box Truck,Clear,260,2022-12-16,No,2022-12-17,2022-12-17
ORD-01626,East,Box Truck,Clear,169,2023-06-21,No,2023-06-22,2023-06-22
ORD-01627,North,Semi-Trailer,Clear,45,2023-07-06,No,2023-07-07,2023-07-07
ORD-01628,North,Van,Rain,889,2022-05-10,No,2022-05-13,2022-05-13
ORD-01629,East,Semi-Trailer,Rain,1231,2022-12-15,No,2022-12-20,2022-12-20
ORD-01630,South,Box Truck,Rain,1483,2023-08-03,Yes,2023-08-08,2023-08-08
ORD-01631,East,Van,Clear,1411,2023-02-17,No,2023-02-22,2023-02-22
ORD-01632,East,Box Truck,Clear,1279,2022-11-06,No,2022-11-11,2022-11-11
ORD-01633,West,Van,Fog,402,2022-01-09,No,2022-01-11,2022-01-12
ORD-01634,East,Semi-Trailer,Clear,1237,2023-08-30,No,2023-09-04,2023-09-07
ORD-01635,North,Box Truck,Clear,53,2023-03-31,No,2023-04-01,2023-04-01
ORD-01636,East,Van,Clear,324,2023-11-09,No,2023-11-11,2023-11-11
ORD-01637,North,Van,Clear,417,2023-09-22,No,2023-09-24,2023-09-25
ORD-01638,North,Box Truck,Clear,904,2023-08-22,No,2023-08-26,2023-08-26
ORD-01639,North,Van,Clear,215,2023-07-11,No,2023-07-12,2023-07-12
ORD-01640,South,Van,Clear,1274,2022-05-16,Yes,2022-05-21,2022-05-22
ORD-01641,West,Van,Clear,50,2023-12-13,No,2023-12-14,2023-12-14
ORD-01642,North,Van,Snow,597,2022-04-09,No,2022-04-11,2022-04-15
ORD-01643,North,Van,Clear,723,2023-05-04,No,2023-05-07,2023-05-07
ORD-01644,South,Van,Clear,1396,2022-10-27,No,2022-11-01,2022-11-01
ORD-01645,North,Van,Rain,907,2023-07-12,No,2023-07-16,2023-07-16
ORD-01646,East,Box Truck,Fog,104,2022-10-08,Yes,2022-10-09,2022-10-10
ORD-01647,East,Box Truck,Clear,549,2023-05-04,,2023-05-06,2023-05-06
ORD-01648,West,Van,Snow,1177,2023-01-27,No,2023-01-31,2023-02-03
ORD-01649,North,Van,Clear,68,2023-05-23,No,2023-05-24,2023-05-25
ORD-01650,South,Box Truck,Clear,863,2023-10-14,No,2023-10-17,2023-10-17
ORD-01651,East,Van,Clear,518,2022-04-19,No,2022-04-21,2022-04-24
ORD-01652,South,Van,Clear,522,2023-11-21,No,2023-11-23,
ORD-01653,South,Van,Rain,808,2023-10-13,No,2023-10-16,2023-10-19
ORD-01654,East,Semi-Trailer,Clear,1055,2022-03-09,No,2022-03-13,2022-03-13
ORD-01655,South,Box Truck,Clear,747,2022-04-20,No,2022-04-23,2022-04-23
ORD-01656,East,Box Truck,Rain,1237,2022-02-12,No,2022-02-17,2022-02-17
ORD-01657,South,Box Truck,Clear,708,2022-07-06,,2022-07-09,2022-07-09
ORD-01658,East,Box Truck,Snow,896,2023-03-02,No,2023-03-05,2023-03-11
ORD-01659,North,Van,Snow,480,2022-12-11,No,2022-12-13,2022-12-20
ORD-01660,West,Box Truck,Clear,293,2022-02-28,No,2022-03-01,2022-03-01
ORD-01661,East,Van,Fog,381,2023-10-25,No,2023-10-27,2023-10-29
ORD-01662,East,Box Truck,Clear,1365,2022-03-03,No,2022-03-08,2022-03-11
ORD-01663,West,Box Truck,Clear,1060,2023-12-19,No,2023-12-23,2023-12-23
ORD-01664,East,Box Truck,Clear,864,2022-08-10,No,2022-08-13,2022-08-13
ORD-01665,East,Van,Rain,138,2022-12-22,No,2022-12-23,2022-12-23
ORD-01666,South,Van,Rain,1413,2023-06-09,No,2023-06-14,2023-06-14
ORD-01667,West,Box Truck,Clear,516,2022-09-16,No,2022-09-18,2022-09-18
ORD-01668,North,Box Truck,Clear,1128,2023-07-23,No,2023-07-27,2023-07-27
ORD-01669,East,Semi-Trailer,Clear,587,2023-09-21,No,2023-09-23,2023-09-23
ORD-01670,West,Van,Snow,1210,2023-09-29,No,2023-10-04,2023-10-08
ORD-01671,South,Box Truck,Snow,482,2023-01-11,No,2023-01-13,
ORD-01672,North,Box Truck,Rain,1017,2022-01-30,No,2022-02-03,2022-02-03
ORD-01673,West,Semi-Trailer,Rain,1308,2023-08-14,No,2023-08-19,2023-08-20
ORD-01674,North,Box Truck,Clear,677,2023-04-09,No,2023-04-12,2023-04-13
ORD-01675,North,Box Truck,Clear,1456,2023-05-29,No,2023-06-03,2023-06-05
ORD-01676,North,Box Truck,Clear,329,2022-11-21,No,2022-11-23,2022-11-23
ORD-01677,East,Box Truck,Rain,67,2022-12-04,No,2022-12-05,
ORD-01678,East,Semi-Trailer,Clear,282,2022-12-24,,2022-12-25,2022-12-25
ORD-01679,South,Van,Clear,1231,2022-11-03,No,2022-11-08,2022-11-08
ORD-01680,South,Van,Fog,1112,2022-07-19,No,2022-07-23,2022-07-25
ORD-01681,West,Semi-Trailer,Snow,991,2022-02-24,No,2022-02-28,2022-03-04
ORD-01682,South,Box Truck,Clear,50,2022-11-02,No,2022-11-03,2022-11-03
ORD-01683,North,Box Truck,Rain,747,2022-02-25,,2022-02-28,2022-02-28
ORD-01684,North,Van,Fog,1278,2022-02-18,No,2022-02-23,2022-02-26
ORD-01685,East,Van,Clear,1056,2023-07-09,No,2023-07-13,2023-07-16
ORD-01686,North,Box Truck,Clear,718,2022-05-26,No,2022-05-29,2022-06-01
ORD-01687,West,Box Truck,Clear,245,2022-01-30,Yes,2022-01-31,2022-01-31
ORD-01688,North,Van,Clear,135,2022-10-21,No,2022-10-22,2022-10-22
ORD-01689,North,Van,Snow,787,2022-08-29,Yes,2022-09-01,2022-09-05
ORD-01690,West,Semi-Trailer,Clear,845,2022-04-08,No,2022-04-11,2022-04-11
ORD-01691,South,Van,Clear,149,2022-12-04,No,2022-12-05,2022-12-05
ORD-01692,South,Semi-Trailer,Clear,888,2023-03-26,No,2023-03-29,2023-03-29
ORD-01693,West,Van,Clear,403,2022-02-17,No,2022-02-19,2022-02-19
ORD-01694,East,Box Truck,Clear,837,2023-10-11,No,2023-10-14,2023-10-15
ORD-01695,North,Semi-Trailer,Rain,136,2022-10-22,No,2022-10-23,2022-10-23
ORD-01696,West,Box Truck,Clear,1147,2022-09-26,No,2022-09-30,2022-09-30
ORD-01697,North,Van,Rain,846,2023-06-13,No,2023-06-16,2023-06-16
ORD-01698,East,Box Truck,Rain,534,2022-02-07,No,2022-02-09,2022-02-09
ORD-01699,North,Van,Clear,1261,2022-01-30,No,2022-02-04,2022-02-05
ORD-01700,West,Van,Rain,155,2023-03-11,No,2023-03-12,2023-03-12
ORD-01701,North,Semi-Trailer,Rain,1196,2023-11-26,No,2023-11-30,2023-11-30
ORD-01702,South,Box Truck,Clear,744,2022-09-28,,2022-10-01,2022-10-01
ORD-01703,East,Box Truck,Clear,737,2022-02-27,No,2022-03-02,2022-03-02
ORD-01704,East,Van,Rain,178,2023-09-24,No,2023-09-25,2023-09-25
ORD-01705,East,Van,Fog,1158,2023-03-13,No,2023-03-17,2023-03-21
ORD-01706,West,Van,Clear,309,2022-10-18,No,2022-10-20,2022-10-20
ORD-01707,East,Box Truck,Clear,1283,2023-10-27,,2023-11-01,2023-11-03
ORD-01708,South,Box Truck,Clear,947,2023-06-13,No,2023-06-17,2023-06-17
ORD-01709,West,Box Truck,Clear,531,2022-10-25,No,2022-10-27,2022-10-27
ORD-01710,South,Semi-Trailer,Clear,114,2023-03-11,No,2023-03-12,2023-03-12
ORD-01711,North,Van,Clear,627,2022-07-13,,2022-07-16,2022-07-16
ORD-01712,North,Van,Clear,978,2022-09-30,No,2022-10-04,2022-10-04
ORD-01713,North,Van,Clear,515,2022-01-13,No,2022-01-15,2022-01-15
ORD-01714,North,Van,Clear,311,2022-05-10,No,2022-05-12,2022-05-12
ORD-01715,South,Van,Clear,662,2022-04-25,No,2022-04-28,2022-04-28
ORD-01716,West,Semi-Trailer,Clear,1263,2023-06-25,,2023-06-30,2023-07-02
ORD-01717,West,Van,Clear,73,2023-12-03,No,2023-12-04,2023-12-07
ORD-01718,East,Semi-Trailer,Snow,599,2023-11-21,No,2023-11-23,2023-11-26
ORD-01719,South,Van,Fog,241,2023-07-11,No,2023-07-12,
ORD-01720,North,Semi-Trailer,Clear,1216,2023-11-06,No,2023-11-11,2023-11-11
ORD-01721,South,Box Truck,Clear,328,2023-07-10,No,2023-07-12,2023-07-12
ORD-01722,East,Semi-Trailer,Clear,838,2023-10-30,No,2023-11-02,2023-11-02
ORD-01723,East,Van,Clear,101,2023-04-22,No,2023-04-23,2023-04-26
ORD-01724,South,Box Truck,Clear,970,2023-03-27,No,2023-03-31,2023-04-01
ORD-01725,South,Semi-Trailer,Clear,73,2023-04-20,No,2023-04-21,2023-04-21
ORD-01726,South,Van,Rain,853,2023-04-17,No,2023-04-20,2023-04-20
ORD-01727,West,Van,Clear,228,2023-10-22,No,2023-10-23,2023-10-23
ORD-01728,North,Van,Clear,713,2023-05-19,No,2023-05-22,2023-05-22
ORD-01729,South,Semi-Trailer,Rain,628,2022-11-24,No,2022-11-27,2022-11-27
ORD-01730,South,Box Truck,Rain,256,2023-12-24,No,2023-12-25,2023-12-25
ORD-01731,South,Box Truck,Clear,973,2022-05-30,,2022-06-03,2022-06-03
ORD-01732,East,Van,Clear,1023,2022-12-10,No,2022-12-14,2022-12-14
ORD-01733,East,Van,Clear,66,2023-02-08,No,2023-02-09,2023-02-09
ORD-01734,West,Semi-Trailer,Clear,1078,2023-07-10,No,2023-07-14,2023-07-14
ORD-01735,North,Van,Clear,1119,2022-02-04,No,2022-02-08,2022-02-08
ORD-01736,West,Box Truck,Clear,1071,2023-03-27,No,2023-03-31,2023-04-01
ORD-01737,North,Semi-Trailer,Clear,191,2022-11-26,No,2022-11-27,2022-11-27
ORD-01738,East,Van,Rain,173,2022-11-15,No,2022-11-16,2022-11-16
ORD-01739,East,Box Truck,Rain,766,2022-05-28,No,2022-05-31,2022-05-31
ORD-01740,East,Van,Clear,135,2022-08-18,No,2022-08-19,2022-08-19
ORD-01741,West,Box Truck,Clear,1240,2022-09-03,No,2022-09-08,2022-09-08
ORD-01742,South,Van,Clear,276,2023-11-11,No,2023-11-12,2023-11-12
ORD-01743,South,Box Truck,Clear,363,2023-12-18,No,2023-12-20,2023-12-20
ORD-01744,East,Van,Clear,1444,2023-07-28,Yes,2023-08-02,2023-08-05
ORD-01745,South,Van,Snow,1155,2022-10-30,No,2022-11-03,2022-11-04
ORD-01746,South,Box Truck,Rain,619,2023-01-23,No,2023-01-26,2023-01-26
ORD-01747,West,Van,Snow,478,2023-07-11,No,2023-07-13,2023-07-15
ORD-01748,North,Box Truck,Rain,810,2022-01-29,No,2022-02-01,2022-02-01
ORD-01749,East,Van,Fog,142,2022-09-23,No,2022-09-24,2022-09-27
ORD-01750,East,Box Truck,Rain,1412,2023-10-29,No,2023-11-03,2023-11-03
ORD-01751,West,Van,Fog,1021,2023-10-18,No,2023-10-22,2023-10-23
ORD-01752,West,Box Truck,Clear,858,2023-02-06,No,2023-02-09,2023-02-09
ORD-01753,South,Van,Clear,1029,2022-12-29,No,2023-01-02,2023-01-02
ORD-01754,East,Van,Clear,327,2023-04-09,No,2023-04-11,2023-04-13
ORD-01755,North,Van,Fog,720,2023-01-22,No,2023-01-25,2023-01-29
ORD-01756,West,Box Truck,Clear,1158,2023-10-26,No,2023-10-30,2023-10-30
ORD-01757,North,Van,Clear,460,2022-05-18,,2022-05-20,2022-05-20
ORD-01758,North,Semi-Trailer,Clear,1241,2022-06-25,No,2022-06-30,2022-06-30
ORD-01759,East,Semi-Trailer,Rain,1333,2023-08-05,No,2023-08-10,2023-08-10
ORD-01760,East,Van,Clear,642,2022-09-27,No,2022-09-30,2022-09-30
ORD-01761,West,Box Truck,Rain,151,2022-09-03,No,2022-09-04,2022-09-04
ORD-01762,East,Van,Fog,1013,2023-10-02,No,2023-10-06,2023-10-09
ORD-01763,East,Van,Snow,868,2022-06-24,No,2022-06-27,2022-06-29
ORD-01764,East,Box Truck,Clear,578,2022-11-03,No,2022-11-05,2022-11-05
ORD-01765,North,Box Truck,Clear,313,2022-10-27,No,2022-10-29,2022-10-29
ORD-01766,West,Box Truck,Clear,666,2022-10-27,No,2022-10-30,2022-10-30
ORD-01767,South,Van,Clear,653,2022-09-15,No,2022-09-18,2022-09-20
ORD-01768,North,Van,Clear,602,2023-09-18,No,2023-09-21,2023-09-21
ORD-01769,East,Van,Rain,39,2022-01-22,No,2022-01-23,2022-01-23
ORD-01770,North,Box Truck,Clear,1410,2023-01-22,,2023-01-27,2023-01-29
ORD-01771,East,Box Truck,Snow,1374,2022-10-28,,2022-11-02,2022-11-08
ORD-01772,East,Box Truck,Fog,1242,2022-07-24,No,2022-07-29,2022-07-30
ORD-01773,North,Van,Clear,1276,2023-09-24,No,2023-09-29,2023-09-30
ORD-01774,West,Van,Fog,704,2023-04-14,No,2023-04-17,2023-04-22
ORD-01775,East,Van,Rain,167,2022-06-05,No,2022-06-06,2022-06-06
ORD-01776,West,Van,Clear,155,2023-12-19,No,2023-12-20,2023-12-20
ORD-01777,South,Van,Clear,349,2022-02-09,No,2022-02-11,2022-02-11
ORD-01778,East,Semi-Trailer,Clear,875,2022-10-25,Yes,2022-10-28,2022-10-28
ORD-01779,West,Semi-Trailer,Clear,101,2023-11-22,No,2023-11-23,2023-11-23
ORD-01780,West,Box Truck,Rain,338,2022-08-06,No,2022-08-08,2022-08-08
ORD-01781,South,Van,Clear,181,2022-04-08,No,2022-04-09,2022-04-09
ORD-01782,West,Van,Rain,711,2023-03-14,No,2023-03-17,2023-03-17
ORD-01783,West,Semi-Trailer,Clear,1064,2023-10-07,No,2023-10-11,2023-10-12
ORD-01784,South,Van,Clear,630,2022-06-10,No,2022-06-13,2022-06-16
ORD-01785,East,Semi-Trailer,Clear,281,2023-07-12,No,2023-07-13,2023-07-13
ORD-01786,West,Van,Clear,1128,2022-12-04,No,2022-12-08,2022-12-08
ORD-01787,West,Van,Clear,998,2022-05-10,No,2022-05-14,2022-05-14
ORD-01788,West,Semi-Trailer,Clear,86,2023-03-13,No,2023-03-14,2023-03-14
ORD-01789,North,Van,Snow,160,2022-03-09,No,2022-03-10,2022-03-13
ORD-01790,South,Box Truck,Rain,151,2022-04-12,Yes,2022-04-13,2022-04-13
ORD-01791,North,Box Truck,Clear,240,2023-05-28,No,2023-05-29,2023-05-29
ORD-01792,South,Van,Clear,963,2023-09-04,No,2023-09-08,2023-09-08
ORD-01793,East,Van,Clear,137,2022-05-23,No,2022-05-24,2022-05-24
ORD-01794,East,Box Truck,Clear,869,2023-06-23,No,2023-06-26,2023-06-26
ORD-01795,West,Box Truck,Rain,705,2022-09-30,No,2022-10-03,2022-10-05
ORD-01796,South,Van,Snow,506,2023-01-01,No,2023-01-03,2023-01-06
ORD-01797,East,Semi-Trailer,Rain,1313,2023-03-30,No,2023-04-04,2023-04-04
ORD-01798,South,Van,Clear,819,2023-09-05,No,2023-09-08,2023-09-08
ORD-01799,East,Van,Snow,140,2022-05-10,Yes,2022-05-11,2022-05-15
ORD-01800,North,Van,Clear,1494,2022-08-16,No,2022-08-21,2022-08-21
ORD-01801,East,Van,Fog,278,2022-06-26,No,2022-06-27,2022-06-30
ORD-01802,North,Van,Clear,627,2022-06-19,No,2022-06-22,2022-06-23
ORD-01803,East,Semi-Trailer,Clear,971,2022-10-01,No,2022-10-05,2022-10-05
ORD-01804,West,Van,Clear,1293,2022-05-15,No,2022-05-20,2022-05-20
ORD-01805,North,Van,Clear,1084,2023-04-23,No,2023-04-27,2023-04-27
ORD-01806,East,Van,Rain,1166,2023-06-01,No,2023-06-05,2023-06-05
ORD-01807,West,Box Truck,Rain,818,2023-01-16,No,2023-01-19,2023-01-19
ORD-01808,North,Semi-Trailer,Clear,1038,2023-06-13,No,2023-06-17,2023-06-17
ORD-01809,West,Van,Rain,657,2023-10-02,No,2023-10-05,2023-10-05
ORD-01810,South,Van,Clear,747,2023-05-01,No,2023-05-04,2023-05-07
ORD-01811,South,Van,Clear,511,2023-09-21,No,2023-09-23,2023-09-23
ORD-01812,North,Van,Fog,1217,2022-11-18,No,2022-11-23,2022-11-24
ORD-01813,East,Van,Snow,418,2022-05-01,No,2022-05-03,2022-05-07
ORD-01814,North,Van,Clear,1124,2023-10-23,No,2023-10-27,2023-10-27
ORD-01815,West,Van,Clear,1469,2022-05-23,No,2022-05-28,2022-05-28
ORD-01816,East,Box Truck,Clear,829,2023-02-18,No,2023-02-21,2023-02-21
ORD-01817,South,Van,Rain,912,2023-06-10,No,2023-06-14,2023-06-14
ORD-01818,East,Semi-Trailer,Fog,198,2023-10-24,,2023-10-25,2023-10-26
ORD-01819,South,Semi-Trailer,Clear,990,2022-08-01,No,2022-08-05,2022-08-05
ORD-01820,East,Box Truck,Snow,824,2023-07-31,No,2023-08-03,2023-08-04
ORD-01821,East,Van,Clear,392,2023-04-28,No,2023-04-30,2023-04-30
ORD-01822,East,Van,Clear,859,2023-08-05,No,2023-08-08,2023-08-08
ORD-01823,West,Van,Fog,1355,2022-01-27,No,2022-02-01,2022-02-04
ORD-01824,West,Box Truck,Clear,1476,2022-09-05,No,2022-09-10,2022-09-12
ORD-01825,North,Van,Clear,499,2022-11-18,No,2022-11-20,2022-11-20
ORD-01826,North,Semi-Trailer,Rain,1166,2023-05-31,No,2023-06-04,2023-06-04
ORD-01827,South,Semi-Trailer,Clear,435,2022-11-20,No,2022-11-22,2022-11-22
ORD-01828,West,Van,Clear,259,2022-08-14,No,2022-08-15,2022-08-15
ORD-01829,South,Box Truck,Fog,1094,2023-10-22,No,2023-10-26,2023-10-27
ORD-01830,North,Van,Rain,1029,2022-10-28,No,2022-11-01,2022-11-01
ORD-01831,South,Van,Snow,1455,2023-12-14,No,2023-12-19,2023-12-20
ORD-01832,North,Van,Clear,1256,2023-02-02,No,2023-02-07,2023-02-07
ORD-01833,West,Van,Clear,1471,2023-06-07,No,2023-06-12,2023-06-12
ORD-01834,East,Semi-Trailer,Fog,693,2023-08-01,No,2023-08-04,2023-08-08
ORD-01835,West,Van,Clear,1417,2022-08-24,No,2022-08-29,2022-08-29
ORD-01836,South,Van,Clear,328,2023-09-24,Yes,2023-09-26,2023-09-26
ORD-01837,South,Box Truck,Clear,1029,2022-11-10,No,2022-11-14,2022-11-15
ORD-01838,West,Box Truck,Clear,234,2022-11-11,No,2022-11-12,2022-11-12
ORD-01839,West,Van,Clear,432,2022-08-29,Yes,2022-08-31,2022-08-31
ORD-01840,North,Semi-Trailer,Snow,917,2023-03-08,No,2023-03-12,2023-03-16
ORD-01841,South,Box Truck,Fog,1224,2023-06-21,No,2023-06-26,2023-06-28
ORD-01842,South,Van,Clear,88,2023-09-30,No,2023-10-01,2023-10-01
ORD-01843,West,Van,Rain,864,2023-10-28,No,2023-10-31,2023-10-31
ORD-01844,East,Van,Snow,1013,2023-10-28,No,2023-11-01,2023-11-03
ORD-01845,South,Semi-Trailer,Rain,374,2022-12-22,No,2022-12-24,2022-12-24
ORD-01846,East,Box Truck,Clear,31,2023-01-25,No,2023-01-26,2023-01-26
ORD-01847,West,Semi-Trailer,Clear,557,2023-11-05,No,2023-11-07,2023-11-07
ORD-01848,West,Van,Clear,339,2022-09-03,No,2022-09-05,2022-09-05
ORD-01849,North,Van,Clear,1189,2023-09-09,No,2023-09-13,2023-09-13
ORD-01850,South,Van,Clear,65,2023-06-24,No,2023-06-25,2023-06-25
ORD-01851,East,Van,Clear,1281,2022-11-30,No,2022-12-05,2022-12-05
ORD-01852,North,Box Truck,Clear,934,2023-10-30,Yes,2023-11-03,2023-11-06
ORD-01853,South,Box Truck,Clear,270,2022-11-30,,2022-12-01,2022-12-01
ORD-01854,North,Van,Clear,444,2023-05-28,No,2023-05-30,2023-05-30
ORD-01855,West,Van,Clear,547,2022-09-16,No,2022-09-18,
ORD-01856,South,Van,Rain,544,2023-08-07,No,2023-08-09,2023-08-12
ORD-01857,North,Van,Clear,390,2023-04-30,No,2023-05-02,2023-05-02
ORD-01858,North,Van,Snow,112,2022-06-02,Yes,2022-06-03,2022-06-07
ORD-01859,East,Van,Fog,38,2023-03-23,No,2023-03-24,2023-03-28
ORD-01860,North,Van,Rain,1090,2022-05-11,No,2022-05-15,2022-05-15
ORD-01861,South,Van,Rain,1095,2022-06-13,No,2022-06-17,
ORD-01862,South,Van,Fog,964,2022-06-07,No,2022-06-11,2022-06-13
ORD-01863,East,Van,Clear,1081,2022-07-24,No,2022-07-28,2022-07-28
ORD-01864,South,Box Truck,Fog,1400,2023-06-04,No,2023-06-09,2023-06-12
ORD-01865,West,Van,Rain,556,2022-12-14,No,2022-12-16,2022-12-16
ORD-01866,South,Semi-Trailer,Rain,336,2022-12-09,No,2022-12-11,2022-12-11
ORD-01867,South,Van,Clear,275,2023-10-19,No,2023-10-20,2023-10-20
ORD-01868,North,Van,Clear,738,2023-10-21,No,2023-10-24,2023-10-24
ORD-01869,North,Van,Rain,1209,2022-06-24,No,2022-06-29,2022-06-29
ORD-01870,South,Van,Rain,1077,2022-01-11,No,2022-01-15,2022-01-15
ORD-01871,East,Semi-Trailer,Rain,228,2022-04-14,No,2022-04-15,2022-04-18
ORD-01872,North,Van,Clear,135,2023-09-28,,2023-09-29,2023-09-30
ORD-01873,East,Semi-Trailer,Clear,891,2023-03-15,No,2023-03-18,2023-03-18
ORD-01874,South,Semi-Trailer,Clear,1412,2023-12-09,No,2023-12-14,2023-12-14
ORD-01875,South,Box Truck,Clear,328,2023-12-28,No,2023-12-30,2024-01-01
ORD-01876,West,Box Truck,Clear,1338,2023-07-22,No,2023-07-27,2023-07-27
ORD-01877,North,Box Truck,Clear,1233,2022-11-08,No,2022-11-13,2022-11-13
ORD-01878,South,Van,Clear,94,2023-10-26,,2023-10-27,2023-10-27
ORD-01879,West,Box Truck,Clear,1074,2022-03-12,No,2022-03-16,2022-03-16
ORD-01880,North,Van,Clear,732,2023-07-04,No,2023-07-07,2023-07-09
ORD-01881,South,Van,Fog,1396,2022-04-28,,2022-05-03,
ORD-01882,South,Van,Rain,1302,2022-10-29,Yes,2022-11-03,2022-11-03
ORD-01883,North,Box Truck,Rain,371,2023-04-23,No,2023-04-25,2023-04-25
ORD-01884,North,Semi-Trailer,Clear,376,2023-07-15,No,2023-07-17,2023-07-17
ORD-01885,North,Van,Rain,1214,2023-08-05,No,2023-08-10,2023-08-10
ORD-01886,South,Semi-Trailer,Clear,1264,2023-06-19,,2023-06-24,2023-06-24
ORD-01887,South,Van,Fog,997,2022-08-01,No,2022-08-05,2022-08-09
ORD-01888,West,Van,Rain,1103,2022-04-14,No,2022-04-18,2022-04-19
ORD-01889,East,Van,Clear,597,2022-11-26,No,2022-11-28,2022-11-28
ORD-01890,North,Van,Snow,972,2022-08-27,No,2022-08-31,2022-09-02
ORD-01891,South,Van,Clear,498,2023-02-04,No,2023-02-06,2023-02-06
ORD-01892,South,Box Truck,Clear,1267,2022-08-12,No,2022-08-17,2022-08-17
ORD-01893,North,Semi-Trailer,Rain,1462,2022-12-11,No,2022-12-16,2022-12-16
ORD-01894,East,Van,Clear,840,2022-09-26,No,2022-09-29,2022-09-30
ORD-01895,North,Van,Clear,675,2022-11-20,No,2022-11-23,2022-11-25
ORD-01896,East,Semi-Trailer,Rain,1327,2023-05-02,No,2023-05-07,2023-05-07
ORD-01897,South,Box Truck,Clear,1381,2023-02-27,No,2023-03-04,2023-03-04
ORD-01898,East,Van,Rain,1132,2023-06-06,No,2023-06-10,2023-06-11
ORD-01899,West,Van,Fog,885,2023-11-03,No,2023-11-06,2023-11-08
ORD-01900,South,Semi-Trailer,Clear,370,2023-08-07,No,2023-08-09,2023-08-09
ORD-01901,West,Box Truck,Clear,367,2022-11-23,No,2022-11-25,2022-11-25
ORD-01902,North,Van,Clear,1163,2022-01-03,No,2022-01-07,2022-01-07
ORD-01903,North,Van,Clear,1416,2023-02-06,No,2023-02-11,2023-02-11
ORD-01904,North,Semi-Trailer,Clear,745,2022-08-04,No,2022-08-07,2022-08-07
ORD-01905,East,Van,Clear,73,2023-09-20,No,2023-09-21,2023-09-22
ORD-01906,South,Semi-Trailer,Clear,1429,2022-01-03,No,2022-01-08,2022-01-08
ORD-01907,North,Van,Clear,190,2023-08-03,No,2023-08-04,2023-08-06
ORD-01908,North,Box Truck,Rain,596,2022-09-29,No,2022-10-01,2022-10-03
ORD-01909,South,Van,Snow,198,2023-04-15,No,2023-04-16,2023-04-20
ORD-01910,North,Van,Rain,1216,2023-08-07,No,2023-08-12,2023-08-13
ORD-01911,West,Semi-Trailer,Clear,589,2023-10-16,No,2023-10-18,2023-10-18
ORD-01912,South,Van,Clear,179,2022-05-05,Yes,2022-05-06,2022-05-06
ORD-01913,South,Box Truck,Rain,331,2023-03-09,No,2023-03-11,2023-03-11
ORD-01914,South,Van,Clear,1205,2022-11-20,Yes,2022-11-25,2022-11-25
ORD-01915,West,Van,Clear,293,2022-07-03,No,2022-07-04,2022-07-04
ORD-01916,South,Van,Snow,375,2023-04-10,No,2023-04-12,2023-04-15
ORD-01917,West,Box Truck,Clear,120,2023-05-27,No,2023-05-28,2023-05-28
ORD-01918,South,Van,Clear,87,2022-05-05,No,2022-05-06,2022-05-06
ORD-01919,East,Van,Snow,262,2022-01-12,No,2022-01-13,2022-01-15
ORD-01920,North,Van,Fog,245,2022-05-30,No,2022-05-31,2022-06-04
ORD-01921,East,Box Truck,Clear,102,2022-06-21,No,2022-06-22,2022-06-22
ORD-01922,North,Box Truck,Clear,1067,2023-03-18,No,2023-03-22,2023-03-22
ORD-01923,West,Van,Clear,1437,2022-11-21,No,2022-11-26,2022-11-29
ORD-01924,East,Van,Rain,231,2022-03-24,No,2022-03-25,2022-03-26
ORD-01925,South,Semi-Trailer,Clear,905,2023-08-11,No,2023-08-15,2023-08-15
ORD-01926,North,Van,Clear,1373,2022-10-12,No,2022-10-17,2022-10-18
ORD-01927,North,Semi-Trailer,Fog,970,2023-11-08,No,2023-11-12,2023-11-14
ORD-01928,East,Semi-Trailer,Clear,994,2023-09-20,No,2023-09-24,2023-09-24
ORD-01929,West,Box Truck,Fog,852,2023-04-26,No,2023-04-29,2023-05-01
ORD-01930,East,Van,Fog,261,2022-03-25,No,2022-03-26,2022-03-28
ORD-01931,West,Semi-Trailer,Clear,1397,2022-04-17,No,2022-04-22,2022-04-22
ORD-01932,West,Box Truck,Rain,151,2023-04-22,No,2023-04-23,2023-04-23
ORD-01933,North,Box Truck,Clear,320,2022-06-14,No,2022-06-16,2022-06-17
ORD-01934,East,Van,Rain,1418,2022-05-05,No,2022-05-10,2022-05-10
ORD-01935,East,Van,Rain,591,2023-12-15,No,2023-12-17,2023-12-17
ORD-01936,West,Van,Clear,1345,2022-03-25,No,2022-03-30,2022-03-30
ORD-01937,East,Box Truck,Rain,1312,2023-07-31,No,2023-08-05,2023-08-05
ORD-01938,South,Box Truck,Snow,355,2023-07-15,No,2023-07-17,2023-07-20
ORD-01939,South,Van,Clear,1420,2023-06-21,,2023-06-26,2023-06-26
ORD-01940,East,Van,Clear,311,2023-12-27,,2023-12-29,2024-01-01
ORD-01941,East,Van,Clear,516,2022-07-02,No,2022-07-04,2022-07-04
ORD-01942,West,Box Truck,Clear,256,2023-10-27,No,2023-10-28,2023-10-28
ORD-01943,South,Semi-Trailer,Fog,497,2023-08-13,No,2023-08-15,2023-08-17
ORD-01944,South,Van,Snow,1272,2022-12-26,No,2022-12-31,2023-01-03
ORD-01945,North,Van,Clear,937,2023-08-24,No,2023-08-28,2023-08-28
ORD-01946,West,Van,Clear,1382,2023-11-07,No,2023-11-12,2023-11-13
ORD-01947,North,Box Truck,Clear,800,2023-03-02,No,2023-03-05,2023-03-06
ORD-01948,South,Box Truck,Clear,921,2023-08-28,,2023-09-01,2023-09-01
ORD-01949,West,Semi-Trailer,Clear,1385,2022-03-07,No,2022-03-12,2022-03-12
ORD-01950,East,Van,Clear,163,2022-09-24,Yes,2022-09-25,2022-09-25
ORD-01951,West,Semi-Trailer,Clear,1219,2023-12-14,No,2023-12-19,2023-12-19
ORD-01952,East,Van,Fog,953,2023-11-27,No,2023-12-01,2023-12-08
ORD-01953,East,Box Truck,Rain,604,2022-09-14,No,2022-09-17,2022-09-18
ORD-01954,West,Van,Rain,1458,2023-05-19,No,2023-05-24,2023-05-24
ORD-01955,East,Semi-Trailer,Clear,71,2023-05-01,No,2023-05-02,2023-05-02
ORD-01956,North,Box Truck,Fog,1434,2022-06-16,No,2022-06-21,2022-06-22
ORD-01957,South,Box Truck,Rain,879,2023-09-01,No,2023-09-04,2023-09-04
ORD-01958,East,Semi-Trailer,Snow,1092,2022-07-14,No,2022-07-18,2022-07-23
ORD-01959,North,Van,Clear,1175,2022-02-27,,2022-03-03,2022-03-03
ORD-01960,East,Van,Clear,475,2022-06-17,No,2022-06-19,2022-06-20
ORD-01961,South,Semi-Trailer,Clear,1182,2022-05-31,No,2022-06-04,2022-06-07
ORD-01962,North,Van,Clear,1480,2023-07-25,No,2023-07-30,2023-07-30
ORD-01963,South,Van,Rain,1207,2023-12-12,Yes,2023-12-17,2023-12-20
ORD-01964,South,Van,Fog,320,2023-02-27,No,2023-03-01,2023-03-02
ORD-01965,North,Box Truck,Clear,1095,2022-11-05,No,2022-11-09,2022-11-09
ORD-01966,North,Van,Clear,1200,2023-09-16,No,2023-09-21,
ORD-01967,North,Van,Rain,825,2022-02-20,No,2022-02-23,2022-02-23
ORD-01968,West,Van,Clear,112,2022-07-04,No,2022-07-05,2022-07-05
ORD-01969,North,Van,Rain,37,2022-08-24,No,2022-08-25,2022-08-25
ORD-01970,North,Semi-Trailer,Rain,517,2022-04-07,No,2022-04-09,2022-04-09
ORD-01971,North,Semi-Trailer,Clear,143,2023-11-07,No,2023-11-08,2023-11-09
ORD-01972,North,Box Truck,Snow,68,2023-07-10,No,2023-07-11,
ORD-01973,East,Van,Clear,1123,2023-03-23,No,2023-03-27,2023-03-27
ORD-01974,West,Semi-Trailer,Snow,79,2022-01-23,No,2022-01-24,2022-01-26
ORD-01975,South,Box Truck,Rain,194,2022-06-24,No,2022-06-25,2022-06-25
ORD-01976,North,Van,Snow,1471,2023-10-29,No,2023-11-03,2023-11-06
ORD-01977,East,Semi-Trailer,Clear,581,2023-07-11,No,2023-07-13,2023-07-14
ORD-01978,East,Box Truck,Clear,177,2023-10-18,No,2023-10-19,2023-10-22
ORD-01979,East,Box Truck,Clear,587,2022-07-18,No,2022-07-20,2022-07-20
ORD-01980,South,Box Truck,Clear,1157,2023-02-02,No,2023-02-06,2023-02-06
ORD-01981,North,Van,Snow,1246,2023-03-19,No,2023-03-24,2023-03-25
ORD-01982,West,Van,Clear,191,2022-09-06,No,2022-09-07,2022-09-07
ORD-01983,West,Box Truck,Snow,80,2022-10-22,No,2022-10-23,2022-10-27
ORD-01984,East,Van,Clear,565,2022-11-02,No,2022-11-04,2022-11-04
ORD-01985,South,Van,Clear,861,2023-05-01,No,2023-05-04,2023-05-04
ORD-01986,South,Box Truck,Snow,1228,2022-02-18,No,2022-02-23,2022-02-27
ORD-01987,South,Box Truck,Clear,1325,2023-04-30,No,2023-05-05,2023-05-05
ORD-01988,West,Van,Rain,1090,2022-05-05,No,2022-05-09,2022-05-10
ORD-01989,East,Box Truck,Clear,692,2022-08-05,No,2022-08-08,2022-08-11
ORD-01990,North,Semi-Trailer,Fog,1333,2023-06-07,No,2023-06-12,2023-06-16
ORD-01991,West,Box Truck,Clear,327,2023-06-23,No,2023-06-25,2023-06-25
ORD-01992,East,Van,Rain,1404,2022-11-06,No,2022-11-11,2022-11-11
ORD-01993,East,Van,Clear,1116,2023-01-07,No,2023-01-11,
ORD-01994,North,Van,Clear,838,2023-06-01,No,2023-06-04,2023-06-04
ORD-01995,North,Van,Fog,103,2022-01-29,No,2022-01-30,2022-02-03
ORD-01996,North,Van,Snow,276,2023-11-07,No,2023-11-08,2023-11-09
ORD-01997,South,Van,Clear,1409,2022-08-12,No,2022-08-17,2022-08-18
ORD-01998,North,Van,Clear,1194,2022-07-04,Yes,2022-07-08,2022-07-08
ORD-01999,East,Semi-Trailer,Clear,623,2022-03-02,No,2022-03-05,2022-03-05
ORD-02000,North,Van,Clear,511,2023-01-02,No,2023-01-04,2023-01-07
ORD-02001,East,Box Truck,Rain,1410,2022-06-28,No,2022-07-03,2022-07-03
ORD-02002,West,Box Truck,Clear,1145,2023-01-29,,2023-02-02,2023-02-03
ORD-02003,South,Van,Clear,587,2023-11-19,No,2023-11-21,2023-11-21
ORD-02004,West,Semi-Trailer,Rain,641,2022-12-29,No,2023-01-01,2023-01-01
ORD-02005,West,Box Truck,Clear,288,2023-10-24,No,2023-10-25,2023-10-25
ORD-02006,East,Van,Rain,763,2023-08-09,No,2023-08-12,2023-08-12
ORD-02007,West,Box Truck,Fog,1466,2022-06-15,No,2022-06-20,2022-06-25
ORD-02008,East,Van,Clear,251,2023-04-06,No,2023-04-07,2023-04-08
ORD-02009,North,Box Truck,Rain,1255,2023-07-06,No,2023-07-11,2023-07-14
ORD-02010,North,Van,Clear,792,2022-12-10,No,2022-12-13,2022-12-13
ORD-02011,East,Semi-Trailer,Clear,971,2023-09-10,No,2023-09-14,2023-09-14
ORD-02012,North,Van,Clear,1319,2022-07-25,No,2022-07-30,2022-07-30
ORD-02013,South,Box Truck,Clear,994,2022-05-04,No,2022-05-08,2022-05-08
ORD-02014,West,Van,Clear,13,2022-04-07,No,2022-04-08,2022-04-08
ORD-02015,South,Box Truck,Clear,329,2022-07-22,No,2022-07-24,2022-07-24
ORD-02016,West,Box Truck,Snow,1354,2023-10-26,No,2023-10-31,2023-11-01
ORD-02017,North,Van,Rain,1041,2023-06-06,No,2023-06-10,2023-06-11
ORD-02018,South,Box Truck,Fog,1085,2022-08-12,No,2022-08-16,2022-08-18
ORD-02019,North,Van,Clear,1033,2022-03-04,No,2022-03-08,2022-03-08
ORD-02020,West,Semi-Trailer,Clear,1175,2023-02-25,Yes,2023-03-01,2023-03-01
ORD-02021,East,Van,Clear,788,2023-06-19,No,2023-06-22,2023-06-23
ORD-02022,East,Semi-Trailer,Clear,836,2022-05-05,No,2022-05-08,2022-05-11
ORD-02023,South,Semi-Trailer,Clear,289,2022-11-11,No,2022-11-12,2022-11-12
ORD-02024,North,Van,Rain,1121,2023-01-25,No,2023-01-29,2023-02-01
ORD-02025,North,Van,Clear,1193,2022-02-19,No,2022-02-23,2022-02-23
ORD-02026,South,Van,Clear,994,2023-10-26,No,2023-10-30,2023-11-01
ORD-02027,East,Semi-Trailer,Clear,37,2022-07-13,No,2022-07-14,2022-07-14
ORD-02028,West,Van,Clear,819,2023-12-25,No,2023-12-28,2023-12-30
ORD-02029,South,Box Truck,Clear,281,2023-09-14,No,2023-09-15,2023-09-15
ORD-02030,West,Semi-Trailer,Clear,1133,2022-11-30,No,2022-12-04,2022-12-04
ORD-02031,East,Van,Rain,1237,2023-02-09,No,2023-02-14,2023-02-14
ORD-02032,North,Box Truck,Clear,199,2023-07-14,No,2023-07-15,2023-07-15
ORD-02033,East,Van,Rain,555,2023-10-04,Yes,2023-10-06,2023-10-06
ORD-02034,South,Van,Clear,303,2023-12-21,Yes,2023-12-23,2023-12-23
ORD-02035,North,Box Truck,Clear,857,2022-11-07,Yes,2022-11-10,2022-11-10
ORD-02036,South,Van,Snow,1377,2022-04-30,No,2022-05-05,2022-05-06
ORD-02037,South,Van,Clear,780,2023-07-28,No,2023-07-31,2023-07-31
ORD-02038,East,Semi-Trailer,Clear,778,2022-09-12,Yes,2022-09-15,2022-09-17
ORD-02039,South,Van,Snow,62,2023-02-15,No,2023-02-16,2023-02-20
ORD-02040,East,Semi-Trailer,Clear,693,2023-08-23,Yes,2023-08-26,2023-08-29
ORD-02041,North,Semi-Trailer,Clear,1080,2023-08-03,No,2023-08-07,2023-08-07
ORD-02042,East,Van,Rain,1020,2022-09-12,No,2022-09-16,2022-09-18
ORD-02043,North,Van,Rain,1455,2022-11-16,No,2022-11-21,2022-11-21
ORD-02044,East,Box Truck,Clear,712,2022-03-19,No,2022-03-22,2022-03-24
ORD-02045,West,Van,Clear,892,2022-03-15,No,2022-03-18,2022-03-18
ORD-02046,West,Van,Snow,474,2023-06-11,No,2023-06-13,2023-06-20
ORD-02047,South,Box Truck,Clear,562,2022-06-05,No,2022-06-07,2022-06-07
ORD-02048,East,Van,Clear,926,2023-06-08,No,2023-06-12,2023-06-12
ORD-02049,East,Semi-Trailer,Clear,1462,2022-01-26,No,2022-01-31,2022-01-31
ORD-02050,North,Van,Fog,1017,2022-04-12,No,2022-04-16,2022-04-19
ORD-02051,South,Van,Clear,1430,2022-05-04,,2022-05-09,2022-05-09
ORD-02052,East,Van,Rain,203,2023-08-02,No,2023-08-03,2023-08-03
ORD-02053,South,Semi-Trailer,Clear,75,2023-04-20,,2023-04-21,2023-04-21
ORD-02054,West,Box Truck,Clear,564,2022-08-01,No,2022-08-03,2022-08-03
ORD-02055,East,Semi-Trailer,Rain,610,2022-02-14,No,2022-02-17,2022-02-17
ORD-02056,East,Van,Fog,1059,2023-11-10,No,2023-11-14,2023-11-15
ORD-02057,South,Van,Clear,1132,2023-08-12,No,2023-08-16,2023-08-16
ORD-02058,East,Van,Clear,485,2023-04-28,No,2023-04-30,2023-04-30
ORD-02059,South,Van,Fog,582,2022-04-11,No,2022-04-13,2022-04-14
ORD-02060,East,Box Truck,Rain,771,2022-03-08,No,2022-03-11,2022-03-11
ORD-02061,North,Box Truck,Clear,896,2022-06-30,No,2022-07-03,2022-07-04
ORD-02062,South,Van,Clear,839,2023-05-01,No,2023-05-04,2023-05-04
ORD-02063,East,Semi-Trailer,Rain,91,2022-06-24,No,2022-06-25,2022-06-25
ORD-02064,West,Van,Rain,1431,2023-07-26,No,2023-07-31,2023-07-31
ORD-02065,East,Semi-Trailer,Fog,709,2023-03-03,No,2023-03-06,2023-03-08
ORD-02066,West,Van,Clear,1426,2022-02-02,No,2022-02-07,2022-02-07
ORD-02067,West,Van,Clear,53,2022-02-25,Yes,2022-02-26,2022-02-27
ORD-02068,North,Van,Rain,833,2023-01-09,No,2023-01-12,2023-01-12
ORD-02069,South,Van,Clear,619,2023-06-06,No,2023-06-09,2023-06-12
ORD-02070,East,Box Truck,Clear,1124,2022-10-01,No,2022-10-05,2022-10-05
ORD-02071,North,Van,Clear,1362,2023-09-13,No,2023-09-18,2023-09-18
ORD-02072,East,Van,Clear,1447,2022-08-14,No,2022-08-19,2022-08-20
ORD-02073,West,Box Truck,Clear,729,2023-05-23,No,2023-05-26,2023-05-26
ORD-02074,South,Box Truck,Rain,700,2023-09-15,No,2023-09-18,2023-09-18
ORD-02075,East,Semi-Trailer,Rain,708,2022-06-16,No,2022-06-19,2022-06-20
ORD-02076,East,Van,Clear,846,2023-10-07,Yes,2023-10-10,2023-10-12
ORD-02077,West,Box Truck,Clear,119,2022-09-17,,2022-09-18,2022-09-19
ORD-02078,East,Box Truck,Clear,228,2023-01-23,No,2023-01-24,2023-01-24
ORD-02079,East,Van,Rain,472,2023-09-19,No,2023-09-21,2023-09-21
ORD-02080,West,Van,Clear,869,2023-01-19,No,2023-01-22,2023-01-22
ORD-02081,North,Van,Rain,524,2022-11-06,No,2022-11-08,2022-11-09
ORD-02082,West,Van,Clear,646,2023-07-24,No,2023-07-27,2023-07-27
ORD-02083,North,Van,Clear,1290,2022-10-05,No,2022-10-10,2022-10-12
ORD-02084,South,Van,Rain,1226,2022-04-27,No,2022-05-02,2022-05-02
ORD-02085,North,Box Truck,Clear,636,2023-07-25,No,2023-07-28,2023-07-28
ORD-02086,North,Box Truck,Clear,79,2022-02-14,No,2022-02-15,2022-02-15
ORD-02087,South,Semi-Trailer,Clear,468,2023-02-06,No,2023-02-08,2023-02-08
ORD-02088,North,Box Truck,Clear,1415,2023-02-24,No,2023-03-01,2023-03-01
ORD-02089,West,Van,Clear,106,2022-12-25,No,2022-12-26,2022-12-26
ORD-02090,North,Semi-Trailer,Clear,233,2022-10-11,No,2022-10-12,2022-10-12
ORD-02091,South,Semi-Trailer,Rain,840,2023-01-16,No,2023-01-19,2023-01-19
ORD-02092,West,Van,Rain,1314,2023-12-06,No,2023-12-11,2023-12-12
ORD-02093,South,Box Truck,Rain,1366,2023-05-27,No,2023-06-01,2023-06-01
ORD-02094,South,Semi-Trailer,Clear,650,2022-08-12,No,2022-08-15,2022-08-15
ORD-02095,East,Box Truck,Rain,1438,2023-12-08,No,2023-12-13,2023-12-13
ORD-02096,East,Semi-Trailer,Clear,505,2023-11-30,No,2023-12-02,2023-12-02
ORD-02097,South,Van,Clear,1219,2023-04-13,No,2023-04-18,2023-04-20
ORD-02098,South,Van,Clear,1071,2022-02-11,No,2022-02-15,2022-02-15
ORD-02099,South,Van,Fog,778,2022-10-15,No,2022-10-18,2022-10-21
ORD-02100,East,Box Truck,Clear,769,2022-10-04,No,2022-10-07,2022-10-09
ORD-02101,East,Semi-Trailer,Fog,497,2022-06-26,No,2022-06-28,2022-07-02
ORD-02102,North,Semi-Trailer,Clear,565,2022-05-14,No,2022-05-16,2022-05-16
ORD-02103,North,Van,Clear,1001,2022-04-22,,2022-04-26,2022-04-26
ORD-02104,South,Van,Clear,498,2023-12-22,No,2023-12-24,2023-12-24
ORD-02105,West,Semi-Trailer,Rain,66,2022-10-27,No,2022-10-28,2022-10-28
ORD-02106,West,Box Truck,Clear,521,2022-02-21,No,2022-02-23,2022-02-23
ORD-02107,East,Van,Snow,1281,2022-11-11,No,2022-11-16,2022-11-19
ORD-02108,East,Van,Snow,113,2022-11-10,No,2022-11-11,2022-11-14
ORD-02109,East,Box Truck,Rain,566,2022-01-03,No,2022-01-05,2022-01-05
ORD-02110,South,Box Truck,Clear,69,2022-08-23,Yes,2022-08-24,2022-08-24
ORD-02111,West,Van,Fog,744,2022-01-16,No,2022-01-19,2022-01-20
ORD-02112,North,Van,Snow,1271,2022-06-20,No,2022-06-25,2022-06-26
ORD-02113,South,Semi-Trailer,Clear,380,2022-02-09,No,2022-02-11,2022-02-11
ORD-02114,North,Box Truck,Rain,35,2023-09-07,No,2023-09-08,2023-09-10
ORD-02115,North,Van,Clear,402,2022-03-03,No,2022-03-05,2022-03-05
ORD-02116,South,Van,Clear,615,2023-11-22,No,2023-11-25,2023-11-25
ORD-02117,North,Box Truck,Clear,119,2022-08-31,No,2022-09-01,2022-09-01
ORD-02118,West,Van,Clear,1425,2022-03-25,No,2022-03-30,2022-03-30
ORD-02119,North,Van,Clear,782,2023-01-29,No,2023-02-01,2023-02-01
ORD-02120,West,Box Truck,Clear,263,2023-07-15,No,2023-07-16,2023-07-17
ORD-02121,West,Van,Rain,926,2022-06-30,Yes,2022-07-04,2022-07-06
ORD-02122,West,Box Truck,Fog,775,2022-04-07,No,2022-04-10,2022-04-13
ORD-02123,East,Van,Fog,1130,2022-05-21,No,2022-05-25,2022-05-27
ORD-02124,North,Box Truck,Clear,547,2022-05-02,No,2022-05-04,2022-05-04
ORD-02125,South,Van,Rain,1137,2023-01-31,No,2023-02-04,2023-02-04
ORD-02126,South,Van,Clear,624,2023-06-27,No,2023-06-30,2023-06-30
ORD-02127,North,Van,Rain,596,2023-06-22,No,2023-06-24,2023-06-24
ORD-02128,East,Semi-Trailer,Clear,606,2022-11-16,No,2022-11-19,2022-11-19
ORD-02129,East,Semi-Trailer,Clear,1247,2022-01-13,No,2022-01-18,2022-01-19
ORD-02130,West,Van,Rain,122,2023-07-31,No,2023-08-01,2023-08-01
ORD-02131,North,Box Truck,Clear,1345,2023-03-20,Yes,2023-03-25,2023-03-25
ORD-02132,North,Box Truck,Clear,578,2023-01-21,No,2023-01-23,2023-01-23
ORD-02133,South,Semi-Trailer,Snow,964,2022-10-29,No,2022-11-02,2022-11-04
ORD-02134,North,Van,Clear,905,2023-12-03,No,2023-12-07,2023-12-07
ORD-02135,East,Box Truck,Clear,1134,2023-03-16,No,2023-03-20,2023-03-21
ORD-02136,North,Van,Clear,771,2022-05-09,No,2022-05-12,2022-05-12
ORD-02137,South,Van,Clear,947,2022-06-11,No,2022-06-15,2022-06-15
ORD-02138,West,Semi-Trailer,Clear,662,2022-11-21,No,2022-11-24,2022-11-24
ORD-02139,South,Box Truck,Rain,93,2022-05-07,No,2022-05-08,2022-05-08
ORD-02140,South,Van,Clear,728,2023-12-03,No,2023-12-06,2023-12-06
ORD-02141,West,Van,Snow,877,2023-11-28,No,2023-12-01,2023-12-03
ORD-02142,South,Box Truck,Clear,958,2023-08-20,No,2023-08-24,2023-08-24
ORD-02143,South,Box Truck,Clear,311,2022-04-19,Yes,2022-04-21,2022-04-21
ORD-02144,North,Van,Rain,1250,2023-08-15,No,2023-08-20,2023-08-22
ORD-02145,North,Semi-Trailer,Rain,577,2023-09-10,No,2023-09-12,2023-09-13
ORD-02146,West,Van,Rain,550,2022-05-27,No,2022-05-29,2022-05-29
ORD-02147,North,Van,Fog,101,2023-03-12,No,2023-03-13,2023-03-15
ORD-02148,North,Semi-Trailer,Clear,663,2023-08-21,No,2023-08-24,2023-08-24
ORD-02149,South,Van,Clear,1485,2022-11-20,No,2022-11-25,2022-11-25
ORD-02150,East,Van,Snow,623,2023-06-11,No,2023-06-14,2023-06-15
ORD-02151,North,Box Truck,Clear,80,2023-12-24,,2023-12-25,2023-12-25
ORD-02152,East,Semi-Trailer,Clear,1434,2022-02-22,Yes,2022-02-27,2022-02-27
ORD-02153,North,Van,Clear,678,2022-01-26,No,2022-01-29,2022-01-29
ORD-02154,North,Semi-Trailer,Rain,90,2023-07-01,No,2023-07-02,2023-07-02
ORD-02155,West,Box Truck,Clear,1133,2022-05-16,No,2022-05-20,2022-05-22
ORD-02156,West,Van,Clear,604,2022-01-20,No,2022-01-23,2022-01-23
ORD-02157,West,Box Truck,Clear,227,2023-06-11,No,2023-06-12,2023-06-12
ORD-02158,East,Van,Rain,893,2023-09-18,No,2023-09-21,2023-09-21
ORD-02159,South,Van,Clear,758,2023-03-18,No,2023-03-21,2023-03-21
ORD-02160,North,Box Truck,Clear,134,2022-04-24,No,2022-04-25,2022-04-25
ORD-02161,North,Semi-Trailer,Rain,210,2022-08-05,No,2022-08-06,2022-08-06
ORD-02162,North,Van,Fog,1035,2023-11-14,No,2023-11-18,2023-11-22
ORD-02163,East,Van,Rain,583,2023-09-14,No,2023-09-16,2023-09-16
ORD-02164,West,Van,Rain,1053,2022-08-20,No,2022-08-24,2022-08-25
ORD-02165,South,Van,Clear,992,2022-05-27,No,2022-05-31,2022-05-31
ORD-02166,East,Van,Clear,731,2023-05-20,No,2023-05-23,2023-05-23
ORD-02167,West,Van,Clear,961,2023-03-30,No,2023-04-03,2023-04-03
ORD-02168,East,Box Truck,Snow,189,2022-07-18,,2022-07-19,2022-07-23
ORD-02169,South,Van,Clear,1442,2023-08-09,No,2023-08-14,2023-08-14
ORD-02170,West,Van,Snow,1095,2023-09-01,No,2023-09-05,2023-09-08
ORD-02171,East,Semi-Trailer,Fog,282,2022-06-10,No,2022-06-11,2022-06-14
ORD-02172,South,Semi-Trailer,Clear,816,2023-08-15,No,2023-08-18,2023-08-18
ORD-02173,North,Van,Clear,772,2023-05-18,No,2023-05-21,2023-05-21
ORD-02174,South,Van,Clear,1043,2023-05-29,No,2023-06-02,2023-06-02
ORD-02175,North,Box Truck,Clear,708,2022-01-25,No,2022-01-28,2022-01-28
ORD-02176,East,Van,Clear,930,2022-01-15,No,2022-01-19,2022-01-19
ORD-02177,West,Van,Snow,631,2022-04-23,No,2022-04-26,2022-04-28
ORD-02178,West,Box Truck,Clear,549,2022-03-18,No,2022-03-20,2022-03-21
ORD-02179,East,Van,Clear,995,2023-02-26,No,2023-03-02,2023-03-02
ORD-02180,West,Van,Clear,469,2023-02-01,No,2023-02-03,2023-02-03
ORD-02181,West,Van,Fog,1094,2023-03-02,No,2023-03-06,2023-03-10
ORD-02182,North,Van,Rain,1091,2023-01-31,No,2023-02-04,2023-02-04
ORD-02183,East,Van,Fog,309,2022-10-20,No,2022-10-22,2022-10-26
ORD-02184,South,Semi-Trailer,Fog,506,2022-08-03,No,2022-08-05,2022-08-06
ORD-02185,North,Van,Clear,1372,2022-12-14,No,2022-12-19,2022-12-19
ORD-02186,East,Van,Clear,1285,2022-09-16,No,2022-09-21,2022-09-21
ORD-02187,North,Van,Clear,1440,2023-01-27,No,2023-02-01,2023-02-01
ORD-02188,South,Semi-Trailer,Clear,1289,2022-11-11,No,2022-11-16,
ORD-02189,South,Box Truck,Rain,1414,2022-11-30,No,2022-12-05,2022-12-05
ORD-02190,East,Van,Clear,1178,2022-08-04,No,2022-08-08,2022-08-08
ORD-02191,South,Semi-Trailer,Clear,600,2023-10-10,No,2023-10-13,2023-10-13
ORD-02192,North,Van,Rain,350,2022-10-27,No,2022-10-29,2022-10-29
ORD-02193,South,Van,Rain,412,2023-08-03,No,2023-08-05,2023-08-05
ORD-02194,North,Van,Rain,297,2023-06-03,,2023-06-04,2023-06-04
ORD-02195,North,Van,Clear,998,2022-11-10,No,2022-11-14,2022-11-14
ORD-02196,South,Van,Snow,223,2023-09-20,No,2023-09-21,2023-09-25
ORD-02197,East,Box Truck,Clear,541,2023-01-05,Yes,2023-01-07,2023-01-07
ORD-02198,West,Van,Clear,879,2022-10-07,No,2022-10-10,2022-10-10
ORD-02199,South,Box Truck,Rain,751,2022-05-19,No,2022-05-22,2022-05-22
ORD-02200,North,Van,Fog,220,2023-12-04,No,2023-12-05,2023-12-08
ORD-02201,North,Van,Clear,180,2023-11-08,Yes,2023-11-09,2023-11-09
ORD-02202,South,Van,Clear,547,2023-04-02,No,2023-04-04,2023-04-04
ORD-02203,East,Semi-Trailer,Clear,1296,2023-02-19,No,2023-02-24,2023-02-24
ORD-02204,East,Van,Clear,811,2022-10-15,No,2022-10-18,2022-10-18
ORD-02205,North,Box Truck,Snow,685,2022-08-08,No,2022-08-11,2022-08-12
ORD-02206,North,Van,Clear,399,2023-06-03,No,2023-06-05,2023-06-05
ORD-02207,East,Van,Rain,430,2022-01-05,No,2022-01-07,2022-01-09
ORD-02208,West,Van,Rain,71,2023-06-04,No,2023-06-05,2023-06-07
ORD-02209,South,Van,Clear,95,2023-07-23,No,2023-07-24,2023-07-24
ORD-02210,North,Van,Clear,1022,2022-10-25,No,2022-10-29,2022-10-29
ORD-02211,North,Van,Clear,500,2023-10-19,No,2023-10-21,2023-10-21
ORD-02212,East,Box Truck,Clear,905,2022-07-05,No,2022-07-09,2022-07-09
ORD-02213,South,Van,Clear,69,2023-09-21,No,2023-09-22,2023-09-23
ORD-02214,East,Box Truck,Clear,486,2022-12-14,No,2022-12-16,2022-12-16
ORD-02215,South,Van,Snow,329,2023-10-11,,2023-10-13,2023-10-16
ORD-02216,South,Box Truck,Clear,699,2022-02-04,No,2022-02-07,2022-02-07
ORD-02217,South,Box Truck,Rain,61,2023-03-10,No,2023-03-11,2023-03-11
ORD-02218,North,Van,Clear,666,2022-11-05,No,2022-11-08,2022-11-08
ORD-02219,West,Van,Rain,837,2023-08-09,No,2023-08-12,2023-08-12
ORD-02220,East,Box Truck,Fog,1110,2022-07-27,No,2022-07-31,2022-08-01
ORD-02221,West,Semi-Trailer,Clear,128,2022-02-20,No,2022-02-21,2022-02-21
ORD-02222,East,Van,Snow,730,2023-11-23,No,2023-11-26,2023-11-29
ORD-02223,South,Van,Rain,1215,2023-04-27,No,2023-05-02,2023-05-03
ORD-02224,North,Semi-Trailer,Snow,515,2022-05-23,,2022-05-25,2022-05-26
ORD-02225,West,Van,Rain,646,2022-03-24,No,2022-03-27,2022-03-27
ORD-02226,North,Box Truck,Clear,162,2022-02-14,No,2022-02-15,2022-02-15
ORD-02227,East,Van,Clear,1051,2023-02-15,,2023-02-19,2023-02-19
ORD-02228,North,Van,Clear,1097,2022-03-21,No,2022-03-25,2022-03-25
ORD-02229,North,Box Truck,Clear,506,2022-06-27,No,2022-06-29,2022-06-29
ORD-02230,West,Box Truck,Fog,88,2022-11-11,,2022-11-12,2022-11-16
ORD-02231,South,Van,Rain,68,2022-04-28,No,2022-04-29,2022-05-02
ORD-02232,North,Van,Clear,1444,2023-11-05,No,2023-11-10,2023-11-10
ORD-02233,South,Box Truck,Snow,772,2023-06-23,No,2023-06-26,2023-06-28
ORD-02234,East,Box Truck,Rain,835,2022-12-14,No,2022-12-17,2022-12-18
ORD-02235,North,Van,Clear,1094,2022-08-26,No,2022-08-30,2022-08-30
ORD-02236,West,Box Truck,Clear,1112,2022-02-13,No,2022-02-17,2022-02-17
ORD-02237,East,Box Truck,Clear,253,2022-11-17,Yes,2022-11-18,2022-11-18
ORD-02238,East,Box Truck,Snow,217,2023-12-04,No,2023-12-05,2023-12-07
ORD-02239,West,Box Truck,Snow,865,2023-11-03,No,2023-11-06,2023-11-08
ORD-02240,North,Van,Clear,1120,2022-12-01,No,2022-12-05,2022-12-05
ORD-02241,North,Box Truck,Clear,609,2022-02-11,No,2022-02-14,2022-02-14
ORD-02242,East,Box Truck,Rain,654,2022-01-28,No,2022-01-31,2022-01-31
ORD-02243,North,Van,Fog,48,2022-08-06,No,2022-08-07,2022-08-08
ORD-02244,South,Van,Rain,1209,2022-09-13,No,2022-09-18,2022-09-18
ORD-02245,West,Van,Rain,487,2023-03-14,No,2023-03-16,2023-03-16
ORD-02246,South,Box Truck,Clear,29,2022-01-17,,2022-01-18,2022-01-18
ORD-02247,North,Van,Clear,230,2023-11-18,No,2023-11-19,2023-11-19
ORD-02248,East,Box Truck,Clear,284,2023-10-14,No,2023-10-15,2023-10-15
ORD-02249,West,Semi-Trailer,Snow,1187,2023-10-12,No,2023-10-16,2023-10-17
ORD-02250,North,Box Truck,Clear,472,2023-09-23,No,2023-09-25,2023-09-25
ORD-02251,North,Semi-Trailer,Snow,1442,2022-10-17,No,2022-10-22,2022-10-25
ORD-02252,East,Semi-Trailer,Clear,260,2022-04-12,No,2022-04-13,2022-04-13
ORD-02253,East,Van,Snow,221,2022-10-27,No,2022-10-28,2022-11-01
ORD-02254,South,Box Truck,Clear,696,2022-03-14,No,2022-03-17,
ORD-02255,West,Van,Clear,428,2022-05-22,No,2022-05-24,2022-05-24
ORD-02256,West,Semi-Trailer,Rain,1205,2023-04-21,No,2023-04-26,2023-04-26
ORD-02257,East,Van,Clear,516,2022-06-15,No,2022-06-17,2022-06-17
ORD-02258,South,Semi-Trailer,Fog,655,2023-05-17,No,2023-05-20,2023-05-24
ORD-02259,West,Box Truck,Clear,878,2023-10-15,No,2023-10-18,2023-10-18
ORD-02260,East,Box Truck,Clear,1236,2023-05-04,No,2023-05-09,2023-05-09
ORD-02261,North,Van,Snow,501,2022-03-01,No,2022-03-03,2022-03-07
ORD-02262,West,Van,Snow,304,2023-02-27,No,2023-03-01,2023-03-04
ORD-02263,South,Box Truck,Clear,466,2023-07-18,No,2023-07-20,2023-07-20
ORD-02264,South,Van,Fog,1179,2023-03-20,No,2023-03-24,2023-03-28
ORD-02265,South,Semi-Trailer,Clear,1271,2023-12-07,No,2023-12-12,2023-12-12
ORD-02266,North,Van,Clear,749,2022-02-13,No,2022-02-16,2022-02-16
ORD-02267,West,Box Truck,Clear,433,2023-02-09,No,2023-02-11,2023-02-11
ORD-02268,West,Van,Clear,1017,2022-06-05,No,2022-06-09,2022-06-09
ORD-02269,North,Box Truck,Clear,301,2022-05-26,No,2022-05-28,2022-05-28
ORD-02270,West,Box Truck,Clear,165,2022-06-28,No,2022-06-29,2022-06-29
ORD-02271,North,Van,Clear,359,2023-06-12,No,2023-06-14,2023-06-14
ORD-02272,North,Van,Snow,1475,2022-08-15,No,2022-08-20,2022-08-24
ORD-02273,North,Van,Clear,252,2023-10-28,No,2023-10-29,
ORD-02274,South,Box Truck,Fog,1240,2022-01-22,No,2022-01-27,2022-01-30
ORD-02275,West,Box Truck,Rain,1461,2023-10-10,No,2023-10-15,2023-10-15
ORD-02276,North,Box Truck,Clear,981,2023-05-04,No,2023-05-08,2023-05-11
ORD-02277,West,Box Truck,Clear,267,2022-10-01,No,2022-10-02,2022-10-05
ORD-02278,South,Van,Clear,594,2023-08-28,No,2023-08-30,2023-08-30
ORD-02279,North,Van,Snow,44,2023-10-26,No,2023-10-27,2023-10-31
ORD-02280,East,Van,Clear,1162,2022-11-23,No,2022-11-27,2022-11-27
ORD-02281,South,Van,Clear,439,2022-06-15,No,2022-06-17,2022-06-17
ORD-02282,East,Semi-Trailer,Fog,1352,2023-06-11,No,2023-06-16,2023-06-19
ORD-02283,West,Semi-Trailer,Rain,104,2023-11-14,No,2023-11-15,2023-11-15
ORD-02284,West,Van,Clear,229,2022-11-14,No,2022-11-15,2022-11-17
ORD-02285,South,Box Truck,Clear,310,2022-04-06,No,2022-04-08,2022-04-08
ORD-02286,West,Semi-Trailer,Snow,1218,2023-05-07,No,2023-05-12,2023-05-15
ORD-02287,East,Van,Snow,1070,2023-11-22,No,2023-11-26,
ORD-02288,North,Van,Clear,784,2022-01-22,No,2022-01-25,2022-01-25
ORD-02289,North,Van,Clear,409,2022-04-27,No,2022-04-29,2022-04-29
ORD-02290,North,Box Truck,Snow,699,2022-08-06,No,2022-08-09,2022-08-12
ORD-02291,South,Semi-Trailer,Rain,1175,2023-10-20,No,2023-10-24,2023-10-24
ORD-02292,West,Box Truck,Snow,1002,2023-03-20,No,2023-03-24,2023-03-28
ORD-02293,East,Van,Clear,143,2022-10-03,No,2022-10-04,2022-10-04
ORD-02294,West,Van,Fog,1478,2023-11-30,No,2023-12-05,2023-12-06
ORD-02295,West,Box Truck,Clear,670,2023-01-09,No,2023-01-12,2023-01-12
ORD-02296,West,Semi-Trailer,Clear,1321,2023-09-01,No,2023-09-06,2023-09-06
ORD-02297,North,Box Truck,Rain,267,2022-10-24,No,2022-10-25,
ORD-02298,East,Box Truck,Clear,1072,2023-03-31,No,2023-04-04,2023-04-04
ORD-02299,East,Van,Snow,314,2023-01-24,No,2023-01-26,2023-01-28
ORD-02300,West,Semi-Trailer,Clear,1316,2022-05-23,No,2022-05-28,2022-05-28
ORD-02301,North,Box Truck,Snow,535,2022-09-10,No,2022-09-12,2022-09-14
ORD-02302,North,Van,Clear,416,2023-05-26,No,2023-05-28,2023-05-29
ORD-02303,East,Box Truck,Rain,1392,2022-09-29,No,2022-10-04,2022-10-04
ORD-02304,North,Van,Clear,895,2022-06-27,No,2022-06-30,2022-06-30
ORD-02305,North,Van,Rain,387,2023-06-28,No,2023-06-30,2023-06-30
ORD-02306,North,Van,Rain,478,2022-09-02,,2022-09-04,2022-09-04
ORD-02307,South,Van,Clear,882,2023-05-07,Yes,2023-05-10,2023-05-10
ORD-02308,West,Van,Clear,999,2023-11-25,No,2023-11-29,2023-11-30
ORD-02309,East,Van,Clear,1314,2023-12-19,No,2023-12-24,2023-12-27
ORD-02310,East,Box Truck,Snow,20,2022-09-22,No,2022-09-23,2022-09-26
ORD-02311,South,Van,Clear,684,2022-08-21,No,2022-08-24,2022-08-24
ORD-02312,West,Van,Clear,704,2023-10-02,No,2023-10-05,2023-10-05
ORD-02313,East,Van,Clear,1219,2022-01-04,No,2022-01-09,2022-01-09
ORD-02314,North,Box Truck,Fog,982,2022-04-27,No,2022-05-01,2022-05-05
ORD-02315,East,Van,Clear,18,2022-02-11,No,2022-02-12,2022-02-12
ORD-02316,North,Van,Clear,37,2023-01-14,No,2023-01-15,2023-01-15
ORD-02317,South,Semi-Trailer,Rain,832,2023-08-14,No,2023-08-17,2023-08-18
ORD-02318,North,Box Truck,Rain,695,2022-01-24,No,2022-01-27,2022-01-27
ORD-02319,East,Semi-Trailer,Clear,1497,2022-03-17,No,2022-03-22,2022-03-22
ORD-02320,East,Van,Fog,520,2023-10-29,No,2023-10-31,2023-11-04
ORD-02321,East,Van,Rain,511,2022-08-08,No,2022-08-10,2022-08-10
ORD-02322,South,Box Truck,Clear,591,2022-06-26,No,2022-06-28,2022-06-28
ORD-02323,South,Van,Clear,787,2023-03-08,No,2023-03-11,2023-03-11
ORD-02324,West,Van,Snow,670,2023-09-29,No,2023-10-02,2023-10-03
ORD-02325,East,Van,Clear,1251,2023-10-01,No,2023-10-06,2023-10-07
ORD-02326,North,Semi-Trailer,Clear,1462,2022-05-24,No,2022-05-29,2022-05-29
ORD-02327,South,Van,Clear,12,2022-02-18,No,2022-02-19,2022-02-22
ORD-02328,East,Semi-Trailer,Rain,1220,2023-11-09,No,2023-11-14,2023-11-15
ORD-02329,East,Semi-Trailer,Clear,52,2023-05-15,No,2023-05-16,2023-05-19
ORD-02330,South,Van,Rain,784,2022-04-07,Yes,2022-04-10,2022-04-11
ORD-02331,West,Box Truck,Clear,1444,2023-02-11,No,2023-02-16,2023-02-16
ORD-02332,South,Box Truck,Rain,1223,2023-04-04,No,2023-04-09,2023-04-09
ORD-02333,South,Semi-Trailer,Rain,51,2022-05-05,No,2022-05-06,2022-05-08
ORD-02334,North,Van,Clear,1130,2022-08-21,Yes,2022-08-25,2022-08-25
ORD-02335,North,Box Truck,Snow,739,2022-07-09,,2022-07-12,2022-07-16
ORD-02336,West,Van,Clear,657,2023-11-27,,2023-11-30,2023-11-30
ORD-02337,East,Semi-Trailer,Rain,666,2023-08-26,No,2023-08-29,2023-08-29
ORD-02338,South,Van,Clear,890,2023-01-11,No,2023-01-14,2023-01-16
ORD-02339,West,Van,Clear,1169,2022-06-20,No,2022-06-24,2022-06-24
ORD-02340,North,Box Truck,Fog,519,2023-03-16,No,2023-03-18,2023-03-22
ORD-02341,South,Semi-Trailer,Fog,46,2023-07-19,No,2023-07-20,2023-07-21
ORD-02342,East,Box Truck,Clear,832,2022-05-05,No,2022-05-08,2022-05-08
ORD-02343,North,Van,Clear,588,2023-03-15,No,2023-03-17,2023-03-17
ORD-02344,North,Van,Clear,846,2022-06-29,No,2022-07-02,2022-07-05
ORD-02345,North,Semi-Trailer,Snow,526,2022-06-21,,2022-06-23,2022-06-27
ORD-02346,West,Box Truck,Clear,794,2023-03-21,No,2023-03-24,2023-03-24
ORD-02347,East,Semi-Trailer,Clear,1030,2023-01-22,No,2023-01-26,2023-01-26
ORD-02348,South,Van,Clear,888,2022-01-29,,2022-02-01,2022-02-04
ORD-02349,West,Van,Fog,1091,2022-12-24,No,2022-12-28,2023-01-01
ORD-02350,West,Box Truck,Clear,968,2023-09-08,No,2023-09-12,2023-09-12
ORD-02351,West,Semi-Trailer,Clear,164,2023-03-09,No,2023-03-10,
ORD-02352,North,Van,Clear,122,2022-12-22,No,2022-12-23,2022-12-23
ORD-02353,East,Semi-Trailer,Clear,1493,2023-07-20,No,2023-07-25,2023-07-25
ORD-02354,West,Box Truck,Rain,845,2022-05-28,Yes,2022-05-31,2022-05-31
ORD-02355,South,Van,Fog,610,2023-03-29,No,2023-04-01,2023-04-05
ORD-02356,East,Van,Snow,451,2023-07-23,No,2023-07-25,2023-07-31
ORD-02357,South,Van,Clear,237,2022-06-13,No,2022-06-14,2022-06-14
ORD-02358,East,Box Truck,Snow,883,2022-08-22,No,2022-08-25,2022-08-26
ORD-02359,South,Van,Clear,1155,2022-05-03,No,2022-05-07,2022-05-07
ORD-02360,North,Van,Clear,680,2023-01-22,No,2023-01-25,2023-01-25
ORD-02361,West,Semi-Trailer,Fog,1390,2023-03-16,No,2023-03-21,2023-03-23
ORD-02362,South,Van,Clear,1301,2023-04-03,No,2023-04-08,2023-04-08
ORD-02363,East,Van,Clear,704,2022-08-09,No,2022-08-12,2022-08-13
ORD-02364,West,Van,Fog,878,2023-02-10,Yes,2023-02-13,2023-02-17
ORD-02365,West,Box Truck,Clear,1037,2023-05-29,No,2023-06-02,2023-06-02
ORD-02366,East,Box Truck,Rain,130,2022-07-29,No,2022-07-30,2022-07-31
ORD-02367,South,Van,Fog,751,2023-01-01,No,2023-01-04,2023-01-05
ORD-02368,North,Box Truck,Clear,1252,2022-08-31,No,2022-09-05,2022-09-05
ORD-02369,North,Box Truck,Clear,703,2022-05-15,No,2022-05-18,2022-05-19
ORD-02370,South,Van,Clear,1311,2022-08-01,No,2022-08-06,2022-08-06
ORD-02371,West,Van,Clear,266,2023-01-04,No,2023-01-05,2023-01-05
ORD-02372,West,Van,Clear,1337,2022-09-01,No,2022-09-06,2022-09-06
ORD-02373,West,Van,Rain,52,2022-08-02,,2022-08-03,2022-08-03
ORD-02374,West,Box Truck,Clear,879,2023-03-20,No,2023-03-23,2023-03-23
ORD-02375,South,Box Truck,Clear,925,2022-07-07,No,2022-07-11,2022-07-11
ORD-02376,West,Van,Clear,597,2023-10-03,No,2023-10-05,2023-10-05
ORD-02377,East,Van,Clear,922,2022-05-10,No,2022-05-14,2022-05-14
ORD-02378,West,Van,Snow,1183,2022-09-28,No,2022-10-02,2022-10-06
ORD-02379,North,Box Truck,Clear,603,2023-09-18,No,2023-09-21,2023-09-21
ORD-02380,West,Van,Snow,1043,2023-02-26,No,2023-03-02,2023-03-05
ORD-02381,South,Box Truck,Clear,801,2022-07-29,No,2022-08-01,2022-08-03
ORD-02382,North,Van,Clear,221,2023-07-31,No,2023-08-01,2023-08-01
ORD-02383,South,Box Truck,Clear,1293,2022-06-18,No,2022-06-23,2022-06-23
ORD-02384,South,Semi-Trailer,Clear,1415,2022-01-29,,2022-02-03,2022-02-03
ORD-02385,North,Van,Rain,1422,2022-11-02,Yes,2022-11-07,2022-11-07
ORD-02386,South,Van,Clear,931,2023-01-31,No,2023-02-04,2023-02-04
ORD-02387,South,Semi-Trailer,Fog,345,2022-07-17,No,2022-07-19,2022-07-24
ORD-02388,West,Van,Clear,1038,2023-06-16,No,2023-06-20,2023-06-21
ORD-02389,East,Box Truck,Fog,931,2022-07-07,,2022-07-11,2022-07-13
ORD-02390,South,Van,Clear,92,2022-02-28,No,2022-03-01,2022-03-01
ORD-02391,South,Box Truck,Clear,1039,2023-01-20,No,2023-01-24,2023-01-26
ORD-02392,South,Van,Clear,161,2023-01-14,No,2023-01-15,2023-01-15
ORD-02393,West,Semi-Trailer,Clear,1214,2022-05-12,No,2022-05-17,2022-05-17
ORD-02394,East,Box Truck,Snow,1200,2023-06-22,,2023-06-27,2023-06-28
ORD-02395,North,Box Truck,Clear,87,2023-08-13,No,2023-08-14,2023-08-14
ORD-02396,West,Box Truck,Clear,421,2023-12-08,No,2023-12-10,2023-12-10
ORD-02397,West,Box Truck,Clear,390,2023-05-30,No,2023-06-01,2023-06-02
ORD-02398,East,Van,Clear,957,2022-09-11,No,2022-09-15,2022-09-18
ORD-02399,East,Semi-Trailer,Snow,799,2022-06-30,No,2022-07-03,2022-07-05
ORD-02400,West,Semi-Trailer,Rain,322,2022-07-23,No,2022-07-25,2022-07-25
ORD-02401,North,Van,Rain,873,2022-10-30,No,2022-11-02,2022-11-02
ORD-02402,West,Semi-Trailer,Clear,404,2022-05-12,No,2022-05-14,2022-05-14
ORD-02403,East,Box Truck,Fog,552,2023-08-22,No,2023-08-24,2023-08-26
ORD-02404,North,Box Truck,Rain,13,2023-05-17,No,2023-05-18,2023-05-18
ORD-02405,East,Van,Clear,118,2023-01-31,No,2023-02-01,2023-02-02
ORD-02406,North,Van,Clear,927,2023-01-22,No,2023-01-26,2023-01-28
ORD-02407,South,Van,Fog,895,2022-02-01,No,2022-02-04,2022-02-07
ORD-02408,East,Van,Clear,102,2023-05-08,No,2023-05-09,2023-05-09
ORD-02409,East,Box Truck,Rain,1132,2023-07-23,No,2023-07-27,2023-07-30
ORD-02410,West,Van,Clear,201,2023-01-10,No,2023-01-11,2023-01-11
ORD-02411,East,Van,Clear,342,2022-05-15,No,2022-05-17,2022-05-17
ORD-02412,East,Semi-Trailer,Rain,1245,2023-05-15,No,2023-05-20,2023-05-20
ORD-02413,South,Van,Rain,1240,2023-03-04,No,2023-03-09,2023-03-11
ORD-02414,East,Van,Clear,636,2023-09-03,No,2023-09-06,2023-09-06
ORD-02415,South,Van,Rain,995,2023-05-24,No,2023-05-28,2023-05-28
ORD-02416,South,Van,Clear,582,2022-01-27,No,2022-01-29,2022-01-29
ORD-02417,South,Box Truck,Rain,365,2022-10-17,No,2022-10-19,2022-10-19
ORD-02418,South,Box Truck,Fog,1286,2023-04-08,No,2023-04-13,2023-04-18
ORD-02419,North,Box Truck,Snow,600,2023-09-14,No,2023-09-17,2023-09-21
ORD-02420,West,Van,Clear,205,2023-12-06,No,2023-12-07,2023-12-07
ORD-02421,North,Box Truck,Clear,271,2022-01-15,No,2022-01-16,2022-01-16
ORD-02422,East,Van,Snow,331,2022-06-05,No,2022-06-07,2022-06-10
ORD-02423,North,Van,Clear,429,2022-10-20,No,2022-10-22,2022-10-22
ORD-02424,North,Van,Clear,341,2022-12-20,,2022-12-22,2022-12-25
ORD-02425,East,Van,Fog,1329,2023-07-25,No,2023-07-30,2023-08-01
ORD-02426,East,Van,Clear,1269,2022-01-10,Yes,2022-01-15,2022-01-15
ORD-02427,East,Van,Clear,690,2023-10-14,No,2023-10-17,2023-10-17
ORD-02428,North,Semi-Trailer,Clear,16,2022-07-05,No,2022-07-06,2022-07-09
ORD-02429,North,Van,Clear,543,2022-11-30,No,2022-12-02,2022-12-02
ORD-02430,East,Van,Clear,81,2022-08-10,No,2022-08-11,2022-08-12
ORD-02431,West,Van,Fog,627,2023-07-21,No,2023-07-24,2023-07-26
ORD-02432,West,Box Truck,Clear,148,2023-01-14,No,2023-01-15,2023-01-16
ORD-02433,South,Van,Clear,1419,2023-11-22,Yes,2023-11-27,2023-11-27
ORD-02434,East,Semi-Trailer,Snow,551,2022-09-20,No,2022-09-22,2022-09-25
ORD-02435,South,Semi-Trailer,Rain,333,2022-10-24,No,2022-10-26,2022-10-26
ORD-02436,West,Van,Rain,958,2022-07-05,No,2022-07-09,2022-07-09
ORD-02437,South,Van,Clear,610,2022-12-18,No,2022-12-21,2022-12-22
ORD-02438,East,Van,Snow,82,2022-01-11,Yes,2022-01-12,2022-01-13
ORD-02439,East,Box Truck,Clear,849,2022-01-19,Yes,2022-01-22,2022-01-22
ORD-02440,East,Van,Clear,1422,2023-02-10,Yes,2023-02-15,2023-02-15
ORD-02441,North,Van,Clear,1271,2023-08-01,No,2023-08-06,2023-08-06
ORD-02442,South,Van,Clear,997,2022-01-25,,2022-01-29,2022-01-29
ORD-02443,West,Box Truck,Clear,1355,2023-10-25,No,2023-10-30,2023-11-01
ORD-02444,West,Van,Rain,1374,2023-06-24,No,2023-06-29,2023-06-29
ORD-02445,West,Van,Clear,1338,2022-11-15,No,2022-11-20,2022-11-20
ORD-02446,North,Box Truck,Rain,1041,2022-12-01,No,2022-12-05,2022-12-05
ORD-02447,North,Box Truck,Clear,1240,2022-12-21,No,2022-12-26,2022-12-27
ORD-02448,East,Semi-Trailer,Clear,420,2022-04-29,No,2022-05-01,2022-05-04
ORD-02449,West,Van,Clear,267,2022-02-17,No,2022-02-18,2022-02-18
ORD-02450,North,Box Truck,Fog,660,2023-06-30,No,2023-07-03,2023-07-06
ORD-02451,East,Box Truck,Snow,1079,2023-01-17,No,2023-01-21,2023-01-23
ORD-02452,West,Van,Fog,135,2023-05-31,No,2023-06-01,2023-06-05
ORD-02453,South,Box Truck,Rain,1054,2023-07-31,No,2023-08-04,2023-08-04
ORD-02454,East,Van,Rain,1203,2022-05-25,No,2022-05-30,2022-05-30
ORD-02455,North,Semi-Trailer,Rain,553,2023-04-06,No,2023-04-08,2023-04-08
ORD-02456,North,Van,Rain,1449,2023-01-10,Yes,2023-01-15,2023-01-15
ORD-02457,East,Box Truck,Clear,464,2022-02-24,No,2022-02-26,2022-02-26
ORD-02458,East,Van,Clear,671,2022-05-26,No,2022-05-29,2022-05-29
ORD-02459,North,Semi-Trailer,Clear,1239,2022-09-16,No,2022-09-21,2022-09-21
ORD-02460,South,Van,Clear,1366,2023-06-21,No,2023-06-26,2023-06-26
ORD-02461,West,Semi-Trailer,Clear,1054,2023-02-03,No,2023-02-07,2023-02-07
ORD-02462,South,Semi-Trailer,Clear,927,2023-02-07,No,2023-02-11,2023-02-11
ORD-02463,East,Van,Clear,1098,2022-08-29,No,2022-09-02,2022-09-02
ORD-02464,South,Semi-Trailer,Clear,97,2023-05-24,Yes,2023-05-25,2023-05-25
ORD-02465,North,Semi-Trailer,Fog,1076,2023-08-04,No,2023-08-08,2023-08-12
ORD-02466,East,Van,Clear,1174,2022-11-15,No,2022-11-19,2022-11-19
ORD-02467,West,Van,Clear,1407,2022-04-24,No,2022-04-29,2022-04-29
ORD-02468,North,Box Truck,Snow,525,2022-11-26,No,2022-11-28,
ORD-02469,North,Van,Clear,509,2023-07-01,No,2023-07-03,2023-07-03
ORD-02470,West,Van,Clear,1312,2022-11-23,,2022-11-28,2022-11-28
ORD-02471,West,Van,Clear,335,2023-10-13,No,2023-10-15,2023-10-15
ORD-02472,South,Van,Clear,1451,2022-06-24,No,2022-06-29,2022-06-30
ORD-02473,East,Van,Clear,562,2022-06-30,No,2022-07-02,2022-07-03
ORD-02474,West,Van,Clear,897,2023-07-28,,2023-07-31,2023-07-31
ORD-02475,West,Semi-Trailer,Clear,1005,2022-07-27,No,2022-07-31,2022-07-31
ORD-02476,East,Box Truck,Snow,1002,2022-01-24,No,2022-01-28,2022-02-01
ORD-02477,West,Van,Clear,938,2022-12-02,No,2022-12-06,2022-12-06
ORD-02478,West,Box Truck,Rain,930,2023-11-02,No,2023-11-06,2023-11-06
ORD-02479,South,Box Truck,Clear,317,2022-08-22,No,2022-08-24,2022-08-24
ORD-02480,North,Semi-Trailer,Clear,666,2022-12-02,No,2022-12-05,2022-12-05
ORD-02481,North,Van,Snow,1340,2022-09-27,No,2022-10-02,2022-10-06
ORD-02482,North,Van,Clear,479,2022-05-17,No,2022-05-19,2022-05-19
ORD-02483,North,Semi-Trailer,Snow,1217,2023-11-17,No,2023-11-22,2023-11-25
ORD-02484,West,Semi-Trailer,Clear,634,2022-07-21,No,2022-07-24,2022-07-24
ORD-02485,East,Box Truck,Snow,300,2022-08-12,,2022-08-14,2022-08-16
ORD-02486,East,Box Truck,Clear,258,2023-02-07,No,2023-02-08,2023-02-08
ORD-02487,South,Van,Clear,333,2023-03-29,No,2023-03-31,2023-04-01
ORD-02488,South,Box Truck,Rain,1476,2023-06-09,No,2023-06-14,2023-06-17
ORD-02489,West,Van,Rain,613,2022-01-29,No,2022-02-01,2022-02-01
ORD-02490,East,Van,Clear,68,2023-08-26,Yes,2023-08-27,2023-08-27
ORD-02491,East,Semi-Trailer,Fog,1030,2023-05-13,No,2023-05-17,2023-05-19
ORD-02492,North,Van,Clear,278,2023-11-22,No,2023-11-23,2023-11-23
ORD-02493,West,Van,Clear,1351,2023-03-14,No,2023-03-19,2023-03-19
ORD-02494,West,Semi-Trailer,Clear,103,2023-01-18,No,2023-01-19,2023-01-19
ORD-02495,North,Van,Rain,1287,2023-07-20,No,2023-07-25,2023-07-25
ORD-02496,West,Semi-Trailer,Fog,696,2022-08-19,No,2022-08-22,2022-08-23
ORD-02497,West,Semi-Trailer,Clear,1493,2022-12-17,No,2022-12-22,2022-12-22
ORD-02498,South,Box Truck,Clear,524,2023-11-28,No,2023-11-30,2023-11-30
ORD-02499,East,Van,Rain,542,2022-03-27,No,2022-03-29,2022-03-29
ORD-02500,West,Van,Clear,1137,2023-08-04,No,2023-08-08,2023-08-08
ORD-02501,South,Van,Clear,411,2022-10-05,No,2022-10-07,2022-10-07
ORD-02502,East,Van,Clear,976,2022-02-16,No,2022-02-20,2022-02-20
ORD-02503,North,Van,Clear,1366,2022-05-03,No,2022-05-08,2022-05-08
ORD-02504,South,Semi-Trailer,Clear,730,2023-02-09,No,2023-02-12,2023-02-13
ORD-02505,South,Van,Clear,886,2022-02-23,No,2022-02-26,2022-02-26
ORD-02506,East,Box Truck,Rain,617,2023-08-31,No,2023-09-03,2023-09-03
ORD-02507,North,Van,Rain,102,2023-01-01,No,2023-01-02,2023-01-02
ORD-02508,South,Box Truck,Clear,583,2022-10-07,No,2022-10-09,2022-10-10
ORD-02509,West,Semi-Trailer,Clear,980,2022-01-09,Yes,2022-01-13,2022-01-13
ORD-02510,West,Van,Clear,446,2022-06-01,No,2022-06-03,2022-06-03
ORD-02511,West,Van,Clear,1043,2023-09-19,No,2023-09-23,2023-09-23
ORD-02512,North,Box Truck,Rain,465,2022-09-01,No,2022-09-03,2022-09-03
ORD-02513,South,Box Truck,Fog,424,2023-10-12,No,2023-10-14,2023-10-17
ORD-02514,West,Box Truck,Rain,1408,2023-02-20,No,2023-02-25,2023-02-25
ORD-02515,North,Van,Rain,1406,2023-04-23,No,2023-04-28,2023-04-28
ORD-02516,West,Van,Clear,713,2022-03-14,No,2022-03-17,
ORD-02517,East,Semi-Trailer,Clear,891,2023-10-27,No,2023-10-30,2023-10-30
ORD-02518,South,Semi-Trailer,Fog,771,2023-08-09,No,2023-08-12,2023-08-13
ORD-02519,South,Van,Fog,1472,2023-07-16,No,2023-07-21,2023-07-25
ORD-02520,North,Semi-Trailer,Clear,1228,2022-05-06,No,2022-05-11,2022-05-11
ORD-02521,North,Van,Clear,274,2023-05-03,Yes,2023-05-04,2023-05-04
ORD-02522,South,Van,Rain,516,2022-12-03,No,2022-12-05,2022-12-05
ORD-02523,West,Van,Clear,655,2023-07-03,No,2023-07-06,2023-07-06
ORD-02524,West,Van,Rain,906,2023-02-23,No,2023-02-27,2023-02-27
ORD-02525,East,Box Truck,Snow,1459,2023-03-12,No,2023-03-17,2023-03-20
ORD-02526,West,Van,Clear,870,2022-10-11,No,2022-10-14,2022-10-17
ORD-02527,North,Van,Fog,698,2023-07-01,No,2023-07-04,2023-07-08
ORD-02528,North,Box Truck,Fog,876,2022-02-17,No,2022-02-20,2022-02-21
ORD-02529,West,Box Truck,Fog,1132,2023-01-04,No,2023-01-08,2023-01-10
ORD-02530,North,Box Truck,Clear,1063,2022-07-04,No,2022-07-08,2022-07-08
ORD-02531,South,Semi-Trailer,Clear,1324,2023-09-18,No,2023-09-23,2023-09-23
ORD-02532,South,Van,Clear,496,2023-11-27,No,2023-11-29,2023-11-30
ORD-02533,West,Box Truck,Clear,1439,2022-05-30,No,2022-06-04,2022-06-04
ORD-02534,South,Box Truck,Clear,37,2022-06-30,No,2022-07-01,2022-07-01
ORD-02535,South,Box Truck,Clear,1179,2023-09-22,No,2023-09-26,2023-09-26
ORD-02536,East,Van,Rain,297,2023-12-29,No,2023-12-30,2023-12-30
ORD-02537,East,Van,Clear,590,2023-07-30,No,2023-08-01,2023-08-01
ORD-02538,South,Semi-Trailer,Clear,959,2022-09-16,No,2022-09-20,2022-09-20
ORD-02539,West,Van,Clear,261,2023-07-08,,2023-07-09,2023-07-09
ORD-02540,East,Semi-Trailer,Rain,1195,2022-12-23,No,2022-12-27,2022-12-27
ORD-02541,North,Box Truck,Rain,936,2023-07-20,No,2023-07-24,2023-07-24
ORD-02542,North,Box Truck,Clear,119,2023-07-15,No,2023-07-16,2023-07-16
ORD-02543,North,Semi-Trailer,Fog,653,2022-11-04,No,2022-11-07,2022-11-09
ORD-02544,West,Box Truck,Clear,407,2022-08-07,No,2022-08-09,2022-08-09
ORD-02545,South,Van,Clear,1304,2023-09-18,No,2023-09-23,2023-09-23
ORD-02546,North,Box Truck,Rain,1221,2023-11-15,No,2023-11-20,2023-11-20
ORD-02547,West,Semi-Trailer,Rain,285,2022-10-27,No,2022-10-28,2022-10-28
ORD-02548,East,Van,Clear,698,2023-06-18,No,2023-06-21,2023-06-24
ORD-02549,South,Van,Fog,256,2023-03-25,No,2023-03-26,2023-03-29
ORD-02550,East,Van,Fog,1357,2023-07-22,No,2023-07-27,2023-07-28
ORD-02551,West,Semi-Trailer,Clear,1051,2022-06-29,No,2022-07-03,2022-07-03
ORD-02552,North,Van,Clear,417,2022-06-13,No,2022-06-15,2022-06-15
ORD-02553,North,Box Truck,Clear,1444,2023-06-01,No,2023-06-06,2023-06-06
ORD-02554,West,Van,Clear,134,2022-07-07,No,2022-07-08,2022-07-08
ORD-02555,North,Van,Clear,1353,2022-03-25,No,2022-03-30,2022-03-30
ORD-02556,South,Box Truck,Rain,162,2022-07-11,No,2022-07-12,2022-07-12
ORD-02557,West,Van,Clear,667,2022-08-15,No,2022-08-18,2022-08-18
ORD-02558,East,Box Truck,Rain,29,2022-05-25,Yes,2022-05-26,2022-05-27
ORD-02559,West,Box Truck,Clear,256,2023-08-11,No,2023-08-12,2023-08-12
ORD-02560,South,Semi-Trailer,Clear,1423,2022-04-23,No,2022-04-28,2022-04-29
ORD-02561,South,Van,Clear,1380,2022-01-08,No,2022-01-13,2022-01-13
ORD-02562,West,Semi-Trailer,Clear,1236,2022-07-25,No,2022-07-30,2022-07-31
ORD-02563,West,Box Truck,Clear,1042,2023-11-20,No,2023-11-24,2023-11-24
ORD-02564,North,Semi-Trailer,Rain,540,2022-04-16,No,2022-04-18,2022-04-18
ORD-02565,South,Van,Rain,112,2023-10-26,No,2023-10-27,2023-10-27
ORD-02566,West,Box Truck,Clear,1279,2022-09-27,No,2022-10-02,2022-10-02
ORD-02567,West,Semi-Trailer,Rain,606,2022-11-01,Yes,2022-11-04,2022-11-04
ORD-02568,South,Semi-Trailer,Clear,1352,2023-11-18,No,2023-11-23,2023-11-23
ORD-02569,West,Van,Clear,360,2022-04-30,No,2022-05-02,2022-05-02
ORD-02570,North,Van,Clear,243,2023-04-01,No,2023-04-02,2023-04-02
ORD-02571,South,Van,Rain,46,2022-09-25,No,2022-09-26,2022-09-26
ORD-02572,North,Van,Clear,1378,2023-06-05,Yes,2023-06-10,2023-06-10
ORD-02573,North,Van,Clear,301,2023-11-14,No,2023-11-16,2023-11-16
ORD-02574,North,Van,Clear,26,2022-06-28,No,2022-06-29,2022-06-29
ORD-02575,North,Semi-Trailer,Fog,99,2022-11-29,No,2022-11-30,2022-12-02
ORD-02576,South,Van,Rain,1381,2022-05-23,No,2022-05-28,2022-05-31
ORD-02577,North,Box Truck,Rain,686,2023-01-02,No,2023-01-05,2023-01-05
ORD-02578,North,Van,Rain,986,2022-10-22,No,2022-10-26,2022-10-27
ORD-02579,West,Van,Clear,1477,2022-03-17,No,2022-03-22,2022-03-22
ORD-02580,South,Van,Rain,262,2023-07-11,No,2023-07-12,2023-07-12
ORD-02581,South,Van,Snow,826,2022-12-28,No,2022-12-31,2023-01-04
ORD-02582,East,Box Truck,Clear,193,2022-07-15,Yes,2022-07-16,2022-07-16
ORD-02583,South,Semi-Trailer,Clear,299,2022-01-25,No,2022-01-26,2022-01-27
ORD-02584,South,Van,Clear,770,2023-09-25,No,2023-09-28,2023-09-28
ORD-02585,East,Van,Clear,1248,2023-01-28,No,2023-02-02,2023-02-02
ORD-02586,South,Van,Snow,167,2022-08-13,No,2022-08-14,2022-08-16
ORD-02587,South,Semi-Trailer,Clear,932,2023-09-24,No,2023-09-28,2023-09-28
ORD-02588,South,Box Truck,Clear,700,2023-04-25,No,2023-04-28,2023-04-28
ORD-02589,South,Box Truck,Snow,402,2023-04-22,No,2023-04-24,2023-04-26
ORD-02590,East,Box Truck,Clear,1053,2022-03-05,No,2022-03-09,
ORD-02591,South,Semi-Trailer,Clear,440,2022-08-26,No,2022-08-28,2022-08-28
ORD-02592,South,Van,Snow,1006,2023-11-18,No,2023-11-22,2023-11-26
ORD-02593,East,Van,Clear,1014,2022-01-20,No,2022-01-24,2022-01-24
ORD-02594,West,Semi-Trailer,Rain,1101,2023-05-12,No,2023-05-16,2023-05-19
ORD-02595,North,Box Truck,Clear,1110,2022-08-12,No,2022-08-16,2022-08-16
ORD-02596,West,Box Truck,Clear,111,2023-05-22,No,2023-05-23,2023-05-23
ORD-02597,East,Box Truck,Clear,661,2022-02-21,No,2022-02-24,2022-02-24
ORD-02598,North,Van,Clear,902,2023-12-02,No,2023-12-06,2023-12-06
ORD-02599,East,Box Truck,Fog,594,2023-07-16,No,2023-07-18,2023-07-19
ORD-02600,East,Box Truck,Fog,216,2023-04-09,No,2023-04-10,2023-04-13
ORD-02601,South,Van,Snow,222,2023-06-22,No,2023-06-23,
ORD-02602,North,Box Truck,Clear,88,2023-04-05,No,2023-04-06,2023-04-06
ORD-02603,South,Semi-Trailer,Fog,1146,2022-05-17,No,2022-05-21,2022-05-25
ORD-02604,North,Van,Rain,142,2023-06-10,No,2023-06-11,2023-06-11
ORD-02605,East,Van,Clear,1230,2023-06-17,No,2023-06-22,2023-06-22
ORD-02606,East,Van,Rain,1058,2023-02-22,No,2023-02-26,2023-02-26
ORD-02607,West,Box Truck,Clear,481,2022-09-25,No,2022-09-27,2022-09-27
ORD-02608,North,Van,Clear,299,2022-09-03,No,2022-09-04,2022-09-04
ORD-02609,South,Box Truck,Snow,1289,2023-04-05,No,2023-04-10,2023-04-15
ORD-02610,West,Semi-Trailer,Rain,1239,2023-11-27,,2023-12-02,2023-12-02
ORD-02611,West,Van,Clear,1016,2023-06-20,No,2023-06-24,2023-06-24
ORD-02612,West,Semi-Trailer,Clear,1101,2023-01-24,No,2023-01-28,2023-01-28
ORD-02613,South,Semi-Trailer,Fog,1248,2023-04-09,No,2023-04-14,2023-04-18
ORD-02614,West,Van,Rain,643,2023-09-02,No,2023-09-05,2023-09-05
ORD-02615,South,Van,Clear,431,2023-06-14,No,2023-06-16,2023-06-16
ORD-02616,West,Semi-Trailer,Clear,567,2022-08-31,No,2022-09-02,2022-09-02
ORD-02617,South,Semi-Trailer,Clear,590,2023-01-31,No,2023-02-02,2023-02-02
ORD-02618,East,Van,Fog,548,2022-05-20,No,2022-05-22,2022-05-26
ORD-02619,East,Van,Clear,471,2023-09-11,No,2023-09-13,2023-09-13
ORD-02620,East,Van,Clear,1488,2022-11-13,No,2022-11-18,2022-11-18
ORD-02621,East,Semi-Trailer,Clear,1015,2022-10-15,No,2022-10-19,2022-10-19
ORD-02622,East,Van,Snow,310,2022-04-15,No,2022-04-17,2022-04-21
ORD-02623,West,Box Truck,Rain,1321,2022-11-07,No,2022-11-12,2022-11-12
ORD-02624,West,Semi-Trailer,Rain,1035,2022-06-23,No,2022-06-27,2022-06-27
ORD-02625,West,Van,Clear,1053,2023-06-16,No,2023-06-20,2023-06-20
ORD-02626,South,Box Truck,Clear,963,2022-01-15,No,2022-01-19,2022-01-19
ORD-02627,South,Van,Fog,995,2022-07-18,No,2022-07-22,2022-07-24
ORD-02628,South,Semi-Trailer,Fog,815,2023-10-13,No,2023-10-16,2023-10-17
ORD-02629,South,Van,Fog,266,2023-11-15,No,2023-11-16,2023-11-19
ORD-02630,East,Box Truck,Fog,462,2022-03-18,,2022-03-20,2022-03-23
ORD-02631,East,Box Truck,Snow,447,2023-12-01,No,2023-12-03,2023-12-06
ORD-02632,East,Van,Rain,407,2023-04-17,,2023-04-19,2023-04-19
ORD-02633,North,Van,Snow,1186,2022-11-13,No,2022-11-17,2022-11-18
ORD-02634,West,Van,Rain,658,2022-04-08,No,2022-04-11,2022-04-11
ORD-02635,South,Van,Clear,231,2022-08-21,No,2022-08-22,2022-08-22
ORD-02636,South,Semi-Trailer,Clear,1469,2023-02-06,No,2023-02-11,2023-02-12
ORD-02637,East,Semi-Trailer,Fog,145,2022-12-02,No,2022-12-03,2022-12-05
ORD-02638,South,Van,Clear,635,2022-01-20,No,2022-01-23,2022-01-23
ORD-02639,South,Box Truck,Snow,785,2023-06-23,No,2023-06-26,2023-06-28
ORD-02640,West,Box Truck,Clear,1312,2023-07-13,No,2023-07-18,2023-07-18
ORD-02641,East,Semi-Trailer,Clear,594,2022-02-18,No,2022-02-20,2022-02-23
ORD-02642,West,Van,Clear,494,2023-09-12,No,2023-09-14,2023-09-14
ORD-02643,North,Van,Clear,1278,2023-06-04,,2023-06-09,2023-06-09
ORD-02644,North,Van,Clear,1051,2022-07-22,No,2022-07-26,2022-07-26
ORD-02645,North,Box Truck,Clear,886,2023-01-01,,2023-01-04,2023-01-04
ORD-02646,East,Van,Snow,1176,2023-12-23,,2023-12-27,2023-12-28
ORD-02647,South,Van,Clear,510,2023-07-20,No,2023-07-22,2023-07-22
ORD-02648,East,Van,Clear,102,2022-03-06,No,2022-03-07,2022-03-07
ORD-02649,East,Box Truck,Clear,1416,2022-04-21,Yes,2022-04-26,2022-04-26
ORD-02650,South,Van,Rain,288,2023-02-10,No,2023-02-11,2023-02-11
ORD-02651,West,Van,Rain,1482,2022-12-17,No,2022-12-22,2022-12-23
ORD-02652,North,Van,Rain,991,2023-08-16,No,2023-08-20,2023-08-22
ORD-02653,West,Van,Clear,630,2023-09-29,No,2023-10-02,2023-10-02
ORD-02654,North,Box Truck,Clear,1321,2022-12-10,No,2022-12-15,2022-12-16
ORD-02655,East,Van,Rain,485,2023-11-07,No,2023-11-09,2023-11-09
ORD-02656,North,Van,Snow,891,2022-01-12,No,2022-01-15,2022-01-18
ORD-02657,East,Box Truck,Clear,681,2023-08-20,No,2023-08-23,2023-08-24
ORD-02658,West,Van,Clear,810,2023-07-26,,2023-07-29,2023-07-29
ORD-02659,East,Van,Clear,180,2023-03-13,No,2023-03-14,2023-03-14
ORD-02660,West,Semi-Trailer,Clear,381,2023-08-23,No,2023-08-25,2023-08-25
ORD-02661,South,Van,Rain,741,2023-11-11,Yes,2023-11-14,2023-11-14
ORD-02662,South,Van,Clear,1426,2023-05-23,No,2023-05-28,2023-05-30
ORD-02663,South,Van,Clear,194,2023-08-14,No,2023-08-15,2023-08-16
ORD-02664,East,Van,Clear,1465,2023-03-24,No,2023-03-29,2023-03-29
ORD-02665,South,Box Truck,Fog,948,2022-07-12,No,2022-07-16,2022-07-20
ORD-02666,North,Box Truck,Snow,844,2022-02-09,No,2022-02-12,2022-02-14
ORD-02667,West,Box Truck,Snow,218,2022-08-18,No,2022-08-19,2022-08-23
ORD-02668,West,Van,Clear,1003,2023-06-06,No,2023-06-10,2023-06-10
ORD-02669,North,Van,Rain,809,2022-06-27,No,2022-06-30,2022-06-30
ORD-02670,East,Semi-Trailer,Clear,1362,2022-01-25,No,2022-01-30,2022-01-30
ORD-02671,East,Semi-Trailer,Clear,1394,2023-03-17,No,2023-03-22,2023-03-23
ORD-02672,West,Van,Clear,1477,2022-06-21,No,2022-06-26,2022-06-26
ORD-02673,South,Van,Clear,1474,2023-04-25,No,2023-04-30,2023-04-30
ORD-02674,East,Van,Clear,378,2022-08-06,No,2022-08-08,2022-08-08
ORD-02675,East,Van,Snow,1139,2022-03-26,No,2022-03-30,2022-04-01
ORD-02676,North,Van,Clear,733,2022-09-24,No,2022-09-27,2022-09-27
ORD-02677,North,Van,Clear,1358,2023-06-09,No,2023-06-14,2023-06-14
ORD-02678,South,Box Truck,Clear,1265,2023-08-18,No,2023-08-23,2023-08-23
ORD-02679,East,Box Truck,Clear,1014,2023-08-18,No,2023-08-22,2023-08-22
ORD-02680,East,Van,Clear,846,2023-06-09,No,2023-06-12,2023-06-12
ORD-02681,North,Van,Clear,1282,2022-01-23,No,2022-01-28,2022-01-28
ORD-02682,East,Semi-Trailer,Clear,1350,2023-04-29,No,2023-05-04,2023-05-04
ORD-02683,West,Van,Clear,273,2022-08-09,No,2022-08-10,2022-08-10
ORD-02684,North,Box Truck,Clear,1296,2023-09-01,No,2023-09-06,2023-09-08
ORD-02685,South,Van,Clear,691,2023-06-12,No,2023-06-15,2023-06-15
ORD-02686,North,Box Truck,Clear,1449,2023-05-04,No,2023-05-09,2023-05-09
ORD-02687,East,Van,Clear,922,2023-07-06,No,2023-07-10,2023-07-10
ORD-02688,South,Van,Clear,79,2023-02-19,No,2023-02-20,2023-02-20
ORD-02689,North,Van,Snow,1267,2022-08-31,No,2022-09-05,2022-09-06
ORD-02690,West,Van,Clear,441,2023-12-09,No,2023-12-11,2023-12-11
ORD-02691,West,Van,Clear,1087,2023-12-09,No,2023-12-13,2023-12-13
ORD-02692,North,Box Truck,Fog,179,2023-07-25,No,2023-07-26,2023-07-28
ORD-02693,West,Van,Snow,45,2023-08-20,No,2023-08-21,2023-08-28
ORD-02694,West,Van,Fog,268,2022-10-24,No,2022-10-25,2022-10-28
ORD-02695,West,Box Truck,Rain,260,2022-12-26,Yes,2022-12-27,2022-12-27
ORD-02696,South,Box Truck,Clear,22,2023-12-29,No,2023-12-30,2023-12-30
ORD-02697,West,Semi-Trailer,Clear,680,2023-01-26,No,2023-01-29,2023-01-31
ORD-02698,West,Box Truck,Rain,550,2022-10-19,No,2022-10-21,2022-10-21
ORD-02699,West,Van,Fog,66,2022-07-28,,2022-07-29,2022-07-30
ORD-02700,South,Box Truck,Rain,1013,2022-12-25,No,2022-12-29,2022-12-29
ORD-02701,North,Semi-Trailer,Snow,1194,2022-07-05,No,2022-07-09,2022-07-11
ORD-02702,East,Semi-Trailer,Clear,446,2022-06-30,No,2022-07-02,2022-07-02
ORD-02703,West,Van,Clear,787,2023-11-02,No,2023-11-05,2023-11-05
ORD-02704,North,Van,Fog,239,2023-05-21,No,2023-05-22,2023-05-27
ORD-02705,West,Van,Rain,840,2023-10-23,No,2023-10-26,2023-10-28
ORD-02706,South,Box Truck,Fog,850,2022-03-24,No,2022-03-27,2022-03-30
ORD-02707,North,Box Truck,Rain,1226,2023-02-12,,2023-02-17,2023-02-17
ORD-02708,South,Box Truck,Clear,629,2022-04-12,No,2022-04-15,2022-04-15
ORD-02709,West,Van,Clear,366,2023-07-30,No,2023-08-01,2023-08-01
ORD-02710,West,Box Truck,Fog,361,2023-02-13,No,2023-02-15,2023-02-17
ORD-02711,South,Semi-Trailer,Clear,874,2022-04-05,No,2022-04-08,2022-04-08
ORD-02712,East,Van,Clear,1291,2023-09-28,No,2023-10-03,2023-10-03
ORD-02713,South,Box Truck,Clear,631,2023-05-05,No,2023-05-08,2023-05-08
ORD-02714,West,Van,Clear,644,2022-08-13,No,2022-08-16,2022-08-16
ORD-02715,South,Semi-Trailer,Clear,974,2022-04-29,No,2022-05-03,2022-05-03
ORD-02716,East,Semi-Trailer,Rain,637,2023-06-20,No,2023-06-23,2023-06-24
ORD-02717,South,Box Truck,Clear,302,2022-10-13,No,2022-10-15,2022-10-15
ORD-02718,East,Box Truck,Clear,1419,2023-10-02,No,2023-10-07,2023-10-07
ORD-02719,East,Semi-Trailer,Snow,838,2023-11-09,No,2023-11-12,2023-11-13
ORD-02720,South,Van,Clear,243,2022-11-25,No,2022-11-26,2022-11-26
ORD-02721,South,Van,Snow,1329,2022-03-09,No,2022-03-14,2022-03-15
ORD-02722,North,Box Truck,Clear,546,2022-12-19,No,2022-12-21,2022-12-21
ORD-02723,West,Van,Fog,1412,2023-06-29,No,2023-07-04,2023-07-08
ORD-02724,East,Van,Clear,814,2022-12-10,No,2022-12-13,2022-12-13
ORD-02725,North,Semi-Trailer,Clear,1243,2022-10-15,,2022-10-20,2022-10-23
ORD-02726,South,Box Truck,Snow,548,2022-02-19,No,2022-02-21,2022-02-24
ORD-02727,West,Van,Rain,861,2023-08-15,No,2023-08-18,2023-08-18
ORD-02728,North,Van,Clear,187,2023-07-20,No,2023-07-21,2023-07-21
ORD-02729,East,Van,Fog,565,2022-12-05,,2022-12-07,2022-12-11
ORD-02730,North,Van,Clear,1105,2023-07-13,No,2023-07-17,2023-07-17
ORD-02731,East,Van,Fog,1255,2023-08-03,No,2023-08-08,2023-08-10
ORD-02732,South,Box Truck,Clear,957,2022-09-05,No,2022-09-09,2022-09-11
ORD-02733,West,Van,Clear,832,2022-12-20,No,2022-12-23,2022-12-23
ORD-02734,West,Van,Clear,237,2022-01-29,No,2022-01-30,2022-01-30
ORD-02735,West,Van,Clear,1266,2023-04-09,No,2023-04-14,2023-04-14
ORD-02736,South,Semi-Trailer,Clear,1301,2023-02-05,,2023-02-10,2023-02-10
ORD-02737,East,Van,Clear,263,2022-01-05,No,2022-01-06,2022-01-07
ORD-02738,South,Van,Clear,684,2022-09-07,No,2022-09-10,2022-09-10
ORD-02739,West,Van,Clear,15,2023-03-06,No,2023-03-07,2023-03-07
ORD-02740,South,Box Truck,Clear,56,2022-09-26,No,2022-09-27,2022-09-28
ORD-02741,South,Box Truck,Snow,1440,2023-05-24,No,2023-05-29,2023-05-31
ORD-02742,South,Van,Clear,892,2022-09-26,No,2022-09-29,2022-09-29
ORD-02743,East,Van,Rain,589,2023-08-12,No,2023-08-14,2023-08-14
ORD-02744,North,Van,Fog,263,2023-11-07,No,2023-11-08,2023-11-15
ORD-02745,North,Box Truck,Rain,1482,2022-10-10,No,2022-10-15,2022-10-15
ORD-02746,South,Box Truck,Fog,68,2023-09-09,No,2023-09-10,2023-09-15
ORD-02747,North,Van,Clear,1426,2023-05-05,No,2023-05-10,2023-05-10
ORD-02748,North,Van,Clear,569,2022-08-01,No,2022-08-03,2022-08-03
ORD-02749,South,Van,Clear,1024,2022-09-16,No,2022-09-20,2022-09-22
ORD-02750,South,Van,Clear,1224,2022-08-14,No,2022-08-19,2022-08-19
ORD-02751,West,Box Truck,Snow,274,2022-01-13,,2022-01-14,2022-01-17
ORD-02752,North,Van,Clear,1176,2022-09-07,No,2022-09-11,2022-09-11
ORD-02753,East,Van,Clear,255,2022-06-28,No,2022-06-29,2022-06-30
ORD-02754,South,Van,Rain,1249,2022-08-06,No,2022-08-11,2022-08-11
ORD-02755,West,Semi-Trailer,Clear,446,2023-04-18,No,2023-04-20,2023-04-21
ORD-02756,East,Semi-Trailer,Clear,697,2022-01-11,No,2022-01-14,2022-01-14
ORD-02757,North,Van,Clear,485,2023-09-10,No,2023-09-12,2023-09-14
ORD-02758,West,Van,Fog,1417,2022-04-23,Yes,2022-04-28,2022-05-01
ORD-02759,South,Van,Snow,947,2022-10-01,No,2022-10-05,
ORD-02760,East,Van,Clear,887,2022-12-04,No,2022-12-07,2022-12-07
ORD-02761,South,Van,Clear,666,2023-06-14,No,2023-06-17,2023-06-18
ORD-02762,North,Box Truck,Clear,556,2022-06-20,No,2022-06-22,2022-06-22
ORD-02763,East,Box Truck,Clear,424,2023-06-06,No,2023-06-08,2023-06-08
ORD-02764,North,Semi-Trailer,Rain,1165,2022-01-27,No,2022-01-31,2022-02-02
ORD-02765,North,Van,Clear,407,2022-08-08,,2022-08-10,2022-08-10
ORD-02766,West,Semi-Trailer,Clear,1186,2022-08-07,No,2022-08-11,2022-08-11
ORD-02767,South,Box Truck,Fog,177,2022-08-06,No,2022-08-07,2022-08-08
ORD-02768,East,Van,Snow,812,2023-06-22,Yes,2023-06-25,2023-06-27
ORD-02769,North,Van,Rain,239,2022-01-22,No,2022-01-23,2022-01-25
ORD-02770,North,Van,Clear,712,2022-04-25,No,2022-04-28,2022-04-28
ORD-02771,East,Van,Clear,1437,2023-01-03,No,2023-01-08,2023-01-08
ORD-02772,North,Van,Clear,153,2022-10-18,No,2022-10-19,2022-10-22
ORD-02773,West,Box Truck,Rain,77,2022-03-11,No,2022-03-12,2022-03-12
ORD-02774,West,Van,Clear,1027,2022-06-01,No,2022-06-05,2022-06-05
ORD-02775,West,Semi-Trailer,Snow,107,2022-11-17,No,2022-11-18,2022-11-23
ORD-02776,West,Van,Fog,16,2022-02-04,No,2022-02-05,2022-02-06
ORD-02777,North,Semi-Trailer,Clear,824,2022-08-06,No,2022-08-09,2022-08-09
ORD-02778,East,Van,Clear,186,2022-03-17,No,2022-03-18,2022-03-19
ORD-02779,East,Box Truck,Rain,1239,2023-01-24,,2023-01-29,2023-01-31
ORD-02780,East,Van,Fog,308,2023-12-28,Yes,2023-12-30,2024-01-03
ORD-02781,East,Van,Snow,238,2022-03-18,No,2022-03-19,2022-03-21
ORD-02782,South,Semi-Trailer,Clear,905,2022-02-23,No,2022-02-27,2022-02-27
ORD-02783,East,Van,Clear,640,2022-05-04,No,2022-05-07,2022-05-07
ORD-02784,South,Box Truck,Rain,279,2023-10-12,No,2023-10-13,2023-10-13
ORD-02785,South,Box Truck,Rain,90,2022-08-15,No,2022-08-16,2022-08-16
ORD-02786,West,Van,Clear,1221,2022-10-16,No,2022-10-21,2022-10-21
ORD-02787,South,Van,Clear,829,2023-07-29,No,2023-08-01,2023-08-01
ORD-02788,North,Box Truck,Rain,510,2023-08-17,No,2023-08-19,2023-08-19
ORD-02789,South,Van,Clear,715,2023-09-17,Yes,2023-09-20,2023-09-23
ORD-02790,West,Box Truck,Snow,999,2023-06-12,Yes,2023-06-16,2023-06-17
ORD-02791,South,Semi-Trailer,Clear,712,2023-02-22,,2023-02-25,2023-02-25
ORD-02792,North,Van,Rain,1322,2023-02-26,No,2023-03-03,2023-03-03
ORD-02793,North,Van,Rain,115,2022-08-10,No,2022-08-11,2022-08-11
ORD-02794,North,Box Truck,Clear,650,2022-03-14,No,2022-03-17,2022-03-17
ORD-02795,West,Van,Rain,618,2023-11-17,No,2023-11-20,2023-11-20
ORD-02796,West,Van,Rain,1005,2022-09-08,No,2022-09-12,2022-09-12
ORD-02797,East,Van,Fog,1018,2023-10-09,Yes,2023-10-13,2023-10-16
ORD-02798,West,Box Truck,Clear,1256,2023-06-08,No,2023-06-13,2023-06-13
ORD-02799,North,Van,Rain,391,2023-09-23,No,2023-09-25,2023-09-25
ORD-02800,North,Van,Rain,847,2023-01-05,No,2023-01-08,2023-01-09
ORD-02801,West,Box Truck,Clear,113,2023-08-20,No,2023-08-21,2023-08-21
ORD-02802,South,Van,Snow,673,2023-09-15,No,2023-09-18,2023-09-19
ORD-02803,West,Van,Clear,1147,2022-03-25,No,2022-03-29,2022-03-29
ORD-02804,West,Semi-Trailer,Clear,1088,2022-07-30,Yes,2022-08-03,2022-08-03
ORD-02805,North,Box Truck,Clear,130,2023-11-21,,2023-11-22,2023-11-22
ORD-02806,East,Semi-Trailer,Clear,1250,2023-02-15,No,2023-02-20,2023-02-20
ORD-02807,North,Van,Fog,1036,2023-02-25,No,2023-03-01,2023-03-05
ORD-02808,East,Box Truck,Rain,1125,2022-11-27,No,2022-12-01,2022-12-01
ORD-02809,North,Van,Clear,416,2023-12-12,No,2023-12-14,2023-12-14
ORD-02810,West,Van,Snow,685,2023-09-12,No,2023-09-15,2023-09-19
ORD-02811,North,Van,Clear,450,2022-05-03,No,2022-05-05,2022-05-05
ORD-02812,North,Van,Clear,441,2022-08-09,No,2022-08-11,2022-08-11
ORD-02813,North,Semi-Trailer,Clear,918,2023-12-16,No,2023-12-20,2023-12-22
ORD-02814,West,Van,Clear,70,2023-03-06,No,2023-03-07,2023-03-07
ORD-02815,West,Box Truck,Clear,735,2022-05-05,Yes,2022-05-08,2022-05-08
ORD-02816,West,Box Truck,Rain,1280,2023-11-08,No,2023-11-13,2023-11-13
ORD-02817,West,Box Truck,Clear,948,2023-05-26,No,2023-05-30,2023-06-01
ORD-02818,East,Van,Clear,878,2023-01-29,No,2023-02-01,2023-02-01
ORD-02819,East,Box Truck,Clear,1405,2022-04-23,,2022-04-28,2022-04-28
ORD-02820,South,Van,Clear,1322,2023-07-26,No,2023-07-31,2023-07-31
ORD-02821,West,Van,Fog,1057,2023-12-01,No,2023-12-05,2023-12-07
ORD-02822,East,Semi-Trailer,Clear,415,2023-05-01,No,2023-05-03,2023-05-03
ORD-02823,North,Van,Snow,1341,2022-09-06,No,2022-09-11,2022-09-15
ORD-02824,West,Van,Clear,622,2023-04-03,No,2023-04-06,2023-04-06
ORD-02825,South,Semi-Trailer,Rain,1405,2023-09-22,No,2023-09-27,2023-09-27
ORD-02826,South,Van,Clear,224,2022-08-22,No,2022-08-23,2022-08-23
ORD-02827,South,Box Truck,Fog,271,2022-03-07,No,2022-03-08,2022-03-12
ORD-02828,North,Van,Clear,924,2022-08-19,No,2022-08-23,2022-08-26
ORD-02829,East,Van,Clear,1379,2022-07-20,No,2022-07-25,2022-07-25
ORD-02830,North,Van,Fog,1446,2022-03-10,Yes,2022-03-15,2022-03-17
ORD-02831,West,Van,Snow,132,2022-07-08,No,2022-07-09,2022-07-12
ORD-02832,South,Van,Clear,773,2023-12-08,No,2023-12-11,2023-12-11
ORD-02833,North,Box Truck,Fog,329,2022-07-10,No,2022-07-12,2022-07-14
ORD-02834,North,Box Truck,Rain,1370,2022-11-25,No,2022-11-30,2022-11-30
ORD-02835,East,Semi-Trailer,Clear,167,2023-06-12,No,2023-06-13,2023-06-16
ORD-02836,East,Van,Clear,1360,2022-11-26,No,2022-12-01,2022-12-01
ORD-02837,South,Box Truck,Clear,1098,2023-05-02,No,2023-05-06,2023-05-06
ORD-02838,North,Box Truck,Clear,378,2023-06-16,,2023-06-18,2023-06-18
ORD-02839,North,Semi-Trailer,Rain,879,2023-01-04,No,2023-01-07,2023-01-07
ORD-02840,East,Van,Clear,1037,2023-08-02,No,2023-08-06,2023-08-09
ORD-02841,North,Box Truck,Clear,695,2023-08-26,No,2023-08-29,2023-09-01
ORD-02842,North,Semi-Trailer,Snow,923,2023-04-26,No,2023-04-30,2023-05-04
ORD-02843,North,Van,Clear,1093,2023-12-02,No,2023-12-06,2023-12-08
ORD-02844,East,Semi-Trailer,Fog,1078,2023-04-18,Yes,2023-04-22,2023-04-23
ORD-02845,South,Van,Fog,593,2023-07-22,No,2023-07-24,2023-07-28
ORD-02846,West,Box Truck,Fog,552,2022-02-25,No,2022-02-27,2022-03-02
ORD-02847,South,Semi-Trailer,Snow,165,2022-09-28,No,2022-09-29,2022-10-02
ORD-02848,West,Box Truck,Clear,897,2023-05-01,No,2023-05-04,2023-05-07
ORD-02849,North,Van,Clear,761,2023-01-19,No,2023-01-22,2023-01-22
ORD-02850,South,Van,Clear,73,2023-08-26,No,2023-08-27,2023-08-27
ORD-02851,West,Semi-Trailer,Clear,430,2022-09-13,No,2022-09-15,2022-09-16
ORD-02852,East,Van,Rain,332,2023-06-19,No,2023-06-21,2023-06-21
ORD-02853,East,Van,Clear,1142,2022-04-07,No,2022-04-11,2022-04-12
ORD-02854,South,Box Truck,Fog,1496,2022-03-20,No,2022-03-25,2022-03-27
ORD-02855,South,Van,Fog,556,2023-05-24,No,2023-05-26,2023-05-29
ORD-02856,North,Van,Clear,260,2023-03-15,No,2023-03-16,2023-03-16
ORD-02857,South,Van,Clear,875,2022-12-13,No,2022-12-16,2022-12-16
ORD-02858,North,Van,Clear,519,2023-04-13,No,2023-04-15,2023-04-15
ORD-02859,North,Box Truck,Snow,450,2023-08-29,No,2023-08-31,2023-09-04
ORD-02860,East,Box Truck,Rain,463,2023-07-06,No,2023-07-08,2023-07-08
ORD-02861,East,Box Truck,Clear,653,2022-10-25,No,2022-10-28,2022-10-28
ORD-02862,West,Semi-Trailer,Clear,826,2022-06-30,No,2022-07-03,2022-07-03
ORD-02863,East,Semi-Trailer,Clear,688,2023-06-09,No,2023-06-12,2023-06-12
ORD-02864,East,Box Truck,Fog,283,2022-11-06,No,2022-11-07,2022-11-10
ORD-02865,South,Van,Clear,69,2023-03-05,Yes,2023-03-06,2023-03-06
ORD-02866,East,Box Truck,Clear,351,2023-03-15,No,2023-03-17,2023-03-17
ORD-02867,West,Van,Snow,1427,2023-07-10,No,2023-07-15,2023-07-17
ORD-02868,South,Box Truck,Snow,122,2022-08-20,No,2022-08-21,2022-08-25
ORD-02869,West,Box Truck,Snow,1254,2023-04-05,Yes,2023-04-10,2023-04-13
ORD-02870,East,Van,Clear,77,2022-05-08,No,2022-05-09,2022-05-09
ORD-02871,West,Semi-Trailer,Rain,1348,2022-10-10,No,2022-10-15,2022-10-15
ORD-02872,South,Van,Clear,476,2023-07-26,No,2023-07-28,2023-07-28
ORD-02873,North,Box Truck,Clear,867,2023-08-07,No,2023-08-10,2023-08-10
ORD-02874,West,Van,Clear,272,2022-06-05,No,2022-06-06,2022-06-06
ORD-02875,West,Semi-Trailer,Clear,1164,2022-08-05,No,2022-08-09,2022-08-09
ORD-02876,South,Van,Clear,433,2022-10-15,No,2022-10-17,2022-10-17
ORD-02877,South,Van,Fog,1300,2023-01-29,No,2023-02-03,2023-02-05
ORD-02878,West,Van,Clear,729,2023-03-28,Yes,2023-03-31,2023-04-01
ORD-02879,East,Van,Fog,1245,2023-09-27,,2023-10-02,2023-10-06
ORD-02880,West,Van,Clear,572,2022-11-10,No,2022-11-12,2022-11-12
ORD-02881,South,Box Truck,Clear,992,2022-06-11,No,2022-06-15,2022-06-15
ORD-02882,North,Van,Rain,928,2022-04-02,Yes,2022-04-06,2022-04-06
ORD-02883,North,Van,Rain,297,2023-09-20,No,2023-09-21,2023-09-21
ORD-02884,East,Van,Clear,434,2023-05-04,No,2023-05-06,2023-05-06
ORD-02885,West,Semi-Trailer,Snow,563,2022-11-02,No,2022-11-04,2022-11-08
ORD-02886,North,Box Truck,Clear,768,2023-05-01,No,2023-05-04,2023-05-05
ORD-02887,West,Box Truck,Fog,253,2023-02-22,No,2023-02-23,2023-02-24
ORD-02888,South,Box Truck,Clear,1009,2022-05-14,No,2022-05-18,2022-05-18
ORD-02889,North,Van,Snow,1367,2022-05-09,No,2022-05-14,2022-05-15
ORD-02890,East,Van,Clear,337,2022-02-03,No,2022-02-05,2022-02-06
ORD-02891,South,Van,Snow,724,2023-08-06,No,2023-08-09,2023-08-11
ORD-02892,East,Semi-Trailer,Rain,1139,2023-06-28,No,2023-07-02,2023-07-02
ORD-02893,South,Semi-Trailer,Clear,810,2023-08-18,No,2023-08-21,2023-08-21
ORD-02894,North,Van,Fog,1112,2022-12-07,No,2022-12-11,2022-12-12
ORD-02895,East,Van,Clear,1198,2023-12-25,No,2023-12-29,2023-12-29
ORD-02896,East,Van,Clear,640,2022-09-20,No,2022-09-23,2022-09-24
ORD-02897,South,Van,Snow,1090,2022-05-15,No,2022-05-19,2022-05-22
ORD-02898,East,Box Truck,Clear,969,2022-01-17,No,2022-01-21,2022-01-21
ORD-02899,South,Van,Clear,969,2022-12-05,No,2022-12-09,2022-12-12
ORD-02900,South,Semi-Trailer,Clear,1221,2023-11-02,No,2023-11-07,2023-11-10
ORD-02901,South,Van,Snow,1085,2023-01-25,No,2023-01-29,2023-02-02
ORD-02902,South,Semi-Trailer,Clear,1105,2023-06-26,No,2023-06-30,2023-06-30
ORD-02903,North,Box Truck,Clear,762,2023-01-03,No,2023-01-06,2023-01-06
ORD-02904,South,Box Truck,Rain,333,2022-06-12,No,2022-06-14,2022-06-14
ORD-02905,West,Box Truck,Snow,1371,2023-10-13,No,2023-10-18,2023-10-21
ORD-02906,East,Box Truck,Fog,164,2022-07-21,No,2022-07-22,2022-07-26
ORD-02907,West,Box Truck,Rain,68,2023-01-03,No,2023-01-04,2023-01-04
ORD-02908,North,Box Truck,Rain,1308,2022-09-26,No,2022-10-01,2022-10-01
ORD-02909,West,Box Truck,Clear,210,2022-12-15,No,2022-12-16,2022-12-16
ORD-02910,East,Semi-Trailer,Clear,304,2023-10-25,No,2023-10-27,2023-10-27
ORD-02911,West,Box Truck,Rain,1355,2023-04-05,No,2023-04-10,2023-04-10
ORD-02912,North,Box Truck,Fog,1362,2023-07-09,No,2023-07-14,2023-07-18
ORD-02913,South,Semi-Trailer,Rain,1423,2022-05-05,No,2022-05-10,2022-05-10
ORD-02914,West,Van,Clear,1007,2022-03-24,No,2022-03-28,2022-03-28
ORD-02915,North,Van,Clear,1317,2022-03-17,No,2022-03-22,2022-03-22
ORD-02916,North,Van,Rain,1209,2023-03-19,No,2023-03-24,2023-03-24
ORD-02917,East,Box Truck,Rain,619,2023-01-07,No,2023-01-10,2023-01-10
ORD-02918,East,Semi-Trailer,Rain,358,2023-02-20,No,2023-02-22,2023-02-22
ORD-02919,West,Van,Clear,1465,2022-09-23,Yes,2022-09-28,2022-09-28
ORD-02920,South,Box Truck,Clear,972,2022-05-30,No,2022-06-03,2022-06-03
ORD-02921,North,Box Truck,Fog,391,2023-08-05,No,2023-08-07,2023-08-08
ORD-02922,West,Van,Rain,1305,2022-12-02,No,2022-12-07,2022-12-07
ORD-02923,North,Box Truck,Clear,501,2023-11-07,No,2023-11-09,2023-11-10
ORD-02924,North,Semi-Trailer,Clear,340,2022-10-04,No,2022-10-06,2022-10-06
ORD-02925,South,Van,Fog,884,2023-06-01,No,2023-06-04,2023-06-10
ORD-02926,South,Box Truck,Snow,167,2023-05-15,No,2023-05-16,2023-05-18
ORD-02927,West,Box Truck,Clear,441,2023-04-09,No,2023-04-11,2023-04-11
ORD-02928,South,Van,Clear,1358,2022-11-30,No,2022-12-05,2022-12-06
ORD-02929,South,Van,Clear,1149,2022-07-06,No,2022-07-10,2022-07-10
ORD-02930,West,Semi-Trailer,Clear,628,2022-11-02,No,2022-11-05,2022-11-05
ORD-02931,South,Van,Rain,628,2022-09-07,No,2022-09-10,2022-09-10
ORD-02932,East,Van,Clear,635,2023-10-16,No,2023-10-19,2023-10-19
ORD-02933,North,Van,Rain,444,2022-10-24,No,2022-10-26,2022-10-26
ORD-02934,North,Box Truck,Rain,805,2023-08-09,Yes,2023-08-12,2023-08-12
ORD-02935,North,Box Truck,Clear,941,2023-06-19,No,2023-06-23,2023-06-23
ORD-02936,North,Box Truck,Clear,581,2022-01-14,No,2022-01-16,2022-01-16
ORD-02937,West,Van,Clear,275,2023-08-17,No,2023-08-18,2023-08-20
ORD-02938,North,Semi-Trailer,Clear,1431,2023-12-23,No,2023-12-28,2023-12-28
ORD-02939,North,Van,Clear,111,2022-09-23,,2022-09-24,2022-09-24
ORD-02940,North,Van,Rain,1096,2022-01-18,No,2022-01-22,2022-01-22
ORD-02941,North,Van,Snow,1006,2022-07-07,No,2022-07-11,2022-07-15
ORD-02942,East,Van,Rain,718,2023-03-02,No,2023-03-05,2023-03-05
ORD-02943,North,Semi-Trailer,Snow,1024,2022-01-01,No,2022-01-05,2022-01-06
ORD-02944,East,Semi-Trailer,Rain,833,2023-06-08,No,2023-06-11,2023-06-11
ORD-02945,West,Van,Rain,231,2022-02-28,No,2022-03-01,2022-03-01
ORD-02946,South,Semi-Trailer,Clear,924,2022-04-29,Yes,2022-05-03,2022-05-03
ORD-02947,North,Box Truck,Fog,445,2023-01-01,No,2023-01-03,2023-01-06
ORD-02948,South,Semi-Trailer,Clear,1223,2022-06-06,No,2022-06-11,2022-06-12
ORD-02949,South,Van,Clear,649,2022-11-07,No,2022-11-10,2022-11-10
ORD-02950,West,Box Truck,Clear,954,2022-07-25,No,2022-07-29,2022-07-29
ORD-02951,South,Van,Fog,343,2022-11-23,No,2022-11-25,
ORD-02952,East,Semi-Trailer,Fog,916,2022-04-07,No,2022-04-11,2022-04-13
ORD-02953,South,Van,Rain,1334,2023-01-17,Yes,2023-01-22,2023-01-22
ORD-02954,South,Box Truck,Rain,360,2023-11-16,No,2023-11-18,2023-11-18
ORD-02955,South,Van,Clear,579,2022-07-09,No,2022-07-11,2022-07-11
ORD-02956,North,Van,Fog,737,2022-12-12,No,2022-12-15,2022-12-16
ORD-02957,North,Box Truck,Rain,124,2023-11-02,No,2023-11-03,2023-11-03
ORD-02958,East,Semi-Trailer,Fog,918,2022-01-31,No,2022-02-04,
ORD-02959,East,Box Truck,Clear,376,2023-09-10,No,2023-09-12,2023-09-12
ORD-02960,North,Semi-Trailer,Clear,1302,2022-08-24,No,2022-08-29,2022-08-29
ORD-02961,East,Van,Snow,813,2023-05-01,,2023-05-04,2023-05-09
ORD-02962,North,Box Truck,Clear,1119,2022-05-31,No,2022-06-04,2022-06-04
ORD-02963,West,Van,Fog,905,2023-02-11,No,2023-02-15,2023-02-16
ORD-02964,South,Van,Clear,978,2023-01-24,No,2023-01-28,2023-01-28
ORD-02965,South,Box Truck,Fog,387,2023-01-30,No,2023-02-01,2023-02-03
ORD-02966,East,Box Truck,Clear,1180,2022-06-05,No,2022-06-09,2022-06-09
ORD-02967,North,Box Truck,Rain,1021,2022-12-07,No,2022-12-11,2022-12-11
ORD-02968,North,Box Truck,Clear,127,2023-07-02,No,2023-07-03,2023-07-03
ORD-02969,East,Box Truck,Rain,1023,2023-08-05,No,2023-08-09,2023-08-09
ORD-02970,North,Van,Clear,1168,2023-05-27,No,2023-05-31,2023-05-31
ORD-02971,West,Van,Fog,536,2022-06-19,No,2022-06-21,2022-06-24
ORD-02972,South,Box Truck,Rain,823,2022-06-28,Yes,2022-07-01,2022-07-01
ORD-02973,East,Van,Clear,215,2023-08-01,No,2023-08-02,2023-08-04
ORD-02974,East,Van,Fog,1266,2022-04-21,No,2022-04-26,2022-04-29
ORD-02975,North,Van,Clear,825,2022-05-15,No,2022-05-18,2022-05-18
ORD-02976,East,Box Truck,Clear,75,2023-01-29,No,2023-01-30,2023-01-30
ORD-02977,West,Van,Clear,13,2022-02-19,No,2022-02-20,2022-02-20
ORD-02978,North,Box Truck,Snow,12,2022-09-13,No,2022-09-14,2022-09-16
ORD-02979,North,Box Truck,Clear,1292,2023-04-08,No,2023-04-13,2023-04-13
ORD-02980,North,Van,Clear,334,2023-08-31,No,2023-09-02,2023-09-02
ORD-02981,North,Box Truck,Fog,1273,2023-11-29,No,2023-12-04,2023-12-08
ORD-02982,West,Box Truck,Snow,614,2022-07-19,No,2022-07-22,2022-07-25
ORD-02983,North,Box Truck,Clear,805,2022-05-27,No,2022-05-30,2022-05-30
ORD-02984,East,Box Truck,Rain,544,2023-12-22,No,2023-12-24,2023-12-26
ORD-02985,West,Van,Fog,1351,2023-05-13,No,2023-05-18,2023-05-20
ORD-02986,South,Box Truck,Clear,608,2022-08-14,No,2022-08-17,2022-08-17
ORD-02987,South,Van,Snow,1084,2023-11-20,No,2023-11-24,2023-11-25
ORD-02988,East,Semi-Trailer,Clear,841,2023-06-16,No,2023-06-19,2023-06-19
ORD-02989,East,Semi-Trailer,Rain,1076,2023-07-26,No,2023-07-30,2023-08-02
ORD-02990,West,Box Truck,Clear,1237,2022-04-23,No,2022-04-28,2022-04-28
ORD-02991,South,Van,Rain,356,2022-03-28,No,2022-03-30,2022-03-30
ORD-02992,South,Van,Clear,1091,2022-02-11,No,2022-02-15,2022-02-15
ORD-02993,South,Van,Rain,68,2023-05-01,No,2023-05-02,2023-05-02
ORD-02994,South,Van,Clear,689,2023-09-09,No,2023-09-12,2023-09-12
ORD-02995,South,Van,Clear,520,2023-02-03,No,2023-02-05,2023-02-05
ORD-02996,North,Box Truck,Clear,1351,2022-06-27,No,2022-07-02,2022-07-02
ORD-02997,East,Van,Snow,1466,2022-04-15,No,2022-04-20,2022-04-21
ORD-02998,North,Semi-Trailer,Clear,1405,2022-01-16,No,2022-01-21,2022-01-21
ORD-02999,South,Van,Clear,216,2022-01-23,No,2022-01-24,2022-01-24
ORD-03000,West,Semi-Trailer,Clear,120,2023-01-23,No,2023-01-24,2023-01-25
ORD-03001,West,Semi-Trailer,Rain,32,2023-04-27,,2023-04-28,2023-04-28
ORD-03002,South,Box Truck,Clear,1461,2023-04-23,No,2023-04-28,2023-04-28
ORD-03003,South,Box Truck,Rain,796,2023-08-21,No,2023-08-24,2023-08-24
ORD-03004,West,Van,Clear,1044,2023-10-04,No,2023-10-08,2023-10-08
ORD-03005,North,Box Truck,Clear,581,2022-01-02,No,2022-01-04,2022-01-04
ORD-03006,North,Van,Clear,756,2022-12-31,No,2023-01-03,2023-01-03
ORD-03007,South,Van,Fog,524,2022-09-08,No,2022-09-10,2022-09-12
ORD-03008,North,Box Truck,Clear,153,2023-02-13,No,2023-02-14,2023-02-14
ORD-03009,West,Van,Clear,1001,2023-07-23,No,2023-07-27,2023-07-27
ORD-03010,North,Box Truck,Clear,818,2023-12-10,No,2023-12-13,2023-12-13
ORD-03011,South,Van,Rain,303,2022-05-11,No,2022-05-13,
ORD-03012,West,Van,Clear,334,2023-12-12,No,2023-12-14,2023-12-14
ORD-03013,North,Van,Snow,202,2022-12-07,No,2022-12-08,2022-12-11
ORD-03014,East,Van,Clear,1324,2023-10-07,No,2023-10-12,2023-10-12
ORD-03015,West,Van,Clear,1452,2022-03-24,No,2022-03-29,2022-03-29
ORD-03016,West,Van,Clear,469,2022-12-04,No,2022-12-06,2022-12-08
ORD-03017,East,Van,Rain,1081,2022-02-06,No,2022-02-10,2022-02-10
ORD-03018,East,Semi-Trailer,Rain,1140,2023-08-15,,2023-08-19,2023-08-19
ORD-03019,West,Van,Clear,1297,2023-09-04,No,2023-09-09,2023-09-09
ORD-03020,East,Box Truck,Fog,1286,2023-07-08,No,2023-07-13,2023-07-15
ORD-03021,South,Van,Clear,1191,2023-10-06,No,2023-10-10,2023-10-10
ORD-03022,South,Semi-Trailer,Rain,535,2023-07-23,No,2023-07-25,2023-07-25
ORD-03023,South,Van,Clear,928,2022-12-31,No,2023-01-04,2023-01-05
ORD-03024,West,Van,Clear,38,2022-08-31,No,2022-09-01,2022-09-01
ORD-03025,East,Box Truck,Snow,547,2022-07-07,No,2022-07-09,2022-07-10
ORD-03026,East,Van,Snow,152,2022-07-07,No,2022-07-08,2022-07-10
ORD-03027,North,Box Truck,Clear,636,2022-08-29,,2022-09-01,2022-09-01
ORD-03028,North,Van,Clear,850,2022-01-05,No,2022-01-08,2022-01-08
ORD-03029,East,Semi-Trailer,Clear,227,2023-04-29,No,2023-04-30,2023-05-01
ORD-03030,East,Van,Rain,602,2023-12-12,,2023-12-15,2023-12-15
ORD-03031,East,Van,Clear,722,2022-03-01,No,2022-03-04,2022-03-06
ORD-03032,West,Box Truck,Snow,76,2023-02-19,,2023-02-20,2023-02-22
ORD-03033,East,Van,Clear,770,2023-03-24,No,2023-03-27,2023-03-27
ORD-03034,North,Semi-Trailer,Clear,153,2023-08-23,No,2023-08-24,2023-08-24
ORD-03035,West,Van,Clear,1174,2023-11-22,No,2023-11-26,2023-11-26
ORD-03036,East,Box Truck,Clear,1379,2023-10-17,No,2023-10-22,2023-10-22
ORD-03037,North,Van,Clear,474,2022-12-25,No,2022-12-27,2022-12-27
ORD-03038,West,Semi-Trailer,Clear,105,2023-10-14,,2023-10-15,2023-10-15
ORD-03039,East,Box Truck,Rain,417,2022-04-22,No,2022-04-24,2022-04-24
ORD-03040,East,Van,Clear,1151,2022-04-13,Yes,2022-04-17,2022-04-20
ORD-03041,East,Van,Rain,813,2023-12-25,No,2023-12-28,2023-12-28
ORD-03042,West,Van,Clear,1477,2022-12-07,No,2022-12-12,2022-12-12
ORD-03043,North,Semi-Trailer,Fog,766,2022-11-21,No,2022-11-24,2022-11-28
ORD-03044,North,Van,Fog,1413,2023-04-15,No,2023-04-20,2023-04-23
ORD-03045,South,Van,Snow,722,2022-03-17,,2022-03-20,2022-03-21
ORD-03046,East,Van,Rain,287,2023-09-27,No,2023-09-28,2023-09-28
ORD-03047,South,Van,Clear,370,2022-08-14,No,2022-08-16,2022-08-16
ORD-03048,South,Box Truck,Rain,1403,2022-11-05,No,2022-11-10,2022-11-10
ORD-03049,North,Semi-Trailer,Fog,221,2023-05-17,No,2023-05-18,2023-05-19
ORD-03050,West,Box Truck,Clear,1292,2022-08-23,No,2022-08-28,2022-08-30
ORD-03051,West,Semi-Trailer,Clear,1130,2022-07-11,No,2022-07-15,2022-07-15
ORD-03052,North,Box Truck,Clear,1243,2023-10-06,No,2023-10-11,2023-10-11
ORD-03053,West,Van,Clear,787,2023-03-24,No,2023-03-27,2023-03-28
ORD-03054,South,Van,Clear,30,2023-03-06,No,2023-03-07,2023-03-07
ORD-03055,East,Box Truck,Clear,738,2023-06-07,No,2023-06-10,2023-06-10
ORD-03056,North,Semi-Trailer,Clear,1466,2022-07-01,No,2022-07-06,
ORD-03057,East,Semi-Trailer,Fog,625,2022-03-01,No,2022-03-04,2022-03-08
ORD-03058,West,Van,Clear,380,2023-04-04,No,2023-04-06,2023-04-06
ORD-03059,East,Van,Snow,1426,2023-02-24,No,2023-03-01,
ORD-03060,West,Van,Clear,633,2022-05-29,,2022-06-01,2022-06-03
ORD-03061,West,Semi-Trailer,Clear,1252,2022-09-23,No,2022-09-28,2022-09-28
ORD-03062,South,Semi-Trailer,Clear,641,2023-03-17,No,2023-03-20,2023-03-20
ORD-03063,West,Box Truck,Clear,770,2022-09-19,No,2022-09-22,2022-09-22
ORD-03064,South,Van,Clear,856,2023-02-07,No,2023-02-10,
ORD-03065,South,Box Truck,Clear,957,2023-09-25,No,2023-09-29,2023-09-29
ORD-03066,South,Van,Clear,1129,2022-01-13,No,2022-01-17,2022-01-17
ORD-03067,North,Van,Rain,1465,2023-12-11,No,2023-12-16,2023-12-16
ORD-03068,North,Box Truck,Clear,197,2022-01-20,No,2022-01-21,2022-01-21
ORD-03069,West,Van,Clear,510,2022-03-21,No,2022-03-23,2022-03-23
ORD-03070,South,Van,Rain,885,2023-06-28,No,2023-07-01,2023-07-01
ORD-03071,North,Semi-Trailer,Clear,384,2023-01-21,No,2023-01-23,2023-01-24
ORD-03072,South,Box Truck,Clear,443,2023-09-09,No,2023-09-11,2023-09-13
ORD-03073,East,Van,Clear,1456,2023-09-11,No,2023-09-16,2023-09-16
ORD-03074,East,Box Truck,Clear,1177,2022-08-28,No,2022-09-01,2022-09-01
ORD-03075,East,Van,Clear,508,2022-01-07,No,2022-01-09,2022-01-09
ORD-03076,West,Box Truck,Clear,15,2022-01-26,No,2022-01-27,2022-01-27
ORD-03077,South,Box Truck,Clear,1350,2022-06-21,No,2022-06-26,2022-06-26
ORD-03078,East,Box Truck,Rain,1263,2023-09-06,No,2023-09-11,2023-09-11
ORD-03079,North,Box Truck,Clear,1155,2023-08-16,No,2023-08-20,2023-08-20
ORD-03080,East,Van,Clear,626,2023-01-13,No,2023-01-16,2023-01-16
ORD-03081,East,Van,Fog,720,2023-06-30,No,2023-07-03,2023-07-04
ORD-03082,East,Van,Rain,484,2023-03-04,No,2023-03-06,2023-03-08
ORD-03083,West,Van,Clear,583,2023-12-06,No,2023-12-08,2023-12-08
ORD-03084,North,Box Truck,Fog,805,2022-03-01,No,2022-03-04,2022-03-06
ORD-03085,South,Van,Clear,517,2022-01-18,No,2022-01-20,2022-01-20
ORD-03086,North,Van,Clear,601,2022-01-19,No,2022-01-22,2022-01-22
ORD-03087,South,Van,Fog,184,2022-07-31,,2022-08-01,2022-08-06
ORD-03088,West,Semi-Trailer,Snow,701,2022-03-19,No,2022-03-22,2022-03-26
ORD-03089,West,Van,Clear,1304,2023-01-06,No,2023-01-11,2023-01-12
ORD-03090,West,Box Truck,Rain,797,2022-05-20,No,2022-05-23,2022-05-23
ORD-03091,West,Van,Rain,581,2022-03-22,No,2022-03-24,2022-03-25
ORD-03092,South,Van,Clear,195,2022-09-11,No,2022-09-12,2022-09-13
ORD-03093,East,Van,Clear,596,2023-04-22,,2023-04-24,
ORD-03094,South,Box Truck,Clear,1127,2022-01-27,No,2022-01-31,2022-02-01
ORD-03095,North,Box Truck,Fog,523,2023-02-04,No,2023-02-06,2023-02-09
ORD-03096,West,Semi-Trailer,Clear,1211,2023-02-12,No,2023-02-17,2023-02-17
ORD-03097,West,Van,Rain,663,2022-05-10,No,2022-05-13,2022-05-16
ORD-03098,North,Van,Clear,565,2022-03-20,No,2022-03-22,2022-03-22
ORD-03099,South,Semi-Trailer,Clear,304,2022-01-13,No,2022-01-15,2022-01-15
ORD-03100,East,Van,Rain,1264,2023-10-18,No,2023-10-23,2023-10-23
ORD-03101,East,Box Truck,Rain,1269,2023-05-19,No,2023-05-24,2023-05-24
ORD-03102,North,Box Truck,Clear,1126,2023-10-10,No,2023-10-14,2023-10-14
ORD-03103,East,Van,Clear,53,2023-04-20,No,2023-04-21,2023-04-21
ORD-03104,South,Box Truck,Clear,548,2023-08-13,No,2023-08-15,2023-08-15
ORD-03105,South,Van,Clear,48,2022-02-04,No,2022-02-05,2022-02-05
ORD-03106,North,Van,Clear,1418,2022-12-16,Yes,2022-12-21,2022-12-22
ORD-03107,South,Van,Rain,1468,2023-02-11,No,2023-02-16,2023-02-16
ORD-03108,West,Semi-Trailer,Clear,298,2023-08-26,No,2023-08-27,2023-08-27
ORD-03109,North,Van,Clear,257,2022-05-16,No,2022-05-17,2022-05-17
ORD-03110,South,Box Truck,Clear,368,2023-04-26,No,2023-04-28,2023-04-28
ORD-03111,North,Semi-Trailer,Fog,1471,2022-04-03,,2022-04-08,2022-04-11
ORD-03112,East,Box Truck,Clear,218,2023-08-11,No,2023-08-12,2023-08-12
ORD-03113,South,Box Truck,Rain,133,2022-05-31,No,2022-06-01,2022-06-01
ORD-03114,West,Van,Clear,984,2023-04-24,Yes,2023-04-28,2023-04-28
ORD-03115,South,Van,Clear,412,2023-01-10,No,2023-01-12,2023-01-14
ORD-03116,North,Van,Clear,293,2023-06-07,No,2023-06-08,2023-06-08
ORD-03117,North,Box Truck,Clear,672,2022-12-18,No,2022-12-21,2022-12-21
ORD-03118,South,Semi-Trailer,Snow,585,2022-06-07,No,2022-06-09,2022-06-10
ORD-03119,West,Semi-Trailer,Clear,250,2022-06-19,No,2022-06-20,2022-06-20
ORD-03120,West,Semi-Trailer,Rain,176,2023-11-18,No,2023-11-19,2023-11-19
ORD-03121,West,Semi-Trailer,Clear,570,2023-04-26,No,2023-04-28,2023-04-28
ORD-03122,North,Van,Clear,157,2023-03-18,No,2023-03-19,2023-03-19
ORD-03123,South,Box Truck,Clear,710,2022-04-03,No,2022-04-06,2022-04-06
ORD-03124,East,Semi-Trailer,Rain,632,2023-05-14,,2023-05-17,2023-05-18
ORD-03125,North,Van,Snow,274,2022-05-28,No,2022-05-29,
ORD-03126,West,Semi-Trailer,Snow,510,2022-02-26,No,2022-02-28,2022-03-03
ORD-03127,South,Van,Clear,288,2023-01-16,No,2023-01-17,2023-01-17
ORD-03128,West,Box Truck,Rain,758,2022-06-19,No,2022-06-22,2022-06-22
ORD-03129,East,Box Truck,Clear,912,2023-12-03,No,2023-12-07,2023-12-07
ORD-03130,West,Semi-Trailer,Rain,168,2022-01-23,No,2022-01-24,2022-01-26
ORD-03131,West,Van,Fog,1093,2023-09-01,No,2023-09-05,2023-09-09
ORD-03132,East,Box Truck,Clear,508,2023-02-18,No,2023-02-20,2023-02-20
ORD-03133,South,Box Truck,Clear,1350,2023-09-23,No,2023-09-28,2023-09-28
ORD-03134,North,Van,Rain,497,2023-09-09,No,2023-09-11,2023-09-11
ORD-03135,South,Box Truck,Rain,474,2022-07-27,No,2022-07-29,2022-07-29
ORD-03136,East,Box Truck,Clear,237,2023-10-05,No,2023-10-06,2023-10-06
ORD-03137,West,Box Truck,Fog,675,2023-12-17,No,2023-12-20,2023-12-21
ORD-03138,South,Van,Rain,1389,2023-09-09,No,2023-09-14,2023-09-16
ORD-03139,North,Van,Clear,1499,2022-04-12,No,2022-04-17,2022-04-17
ORD-03140,East,Box Truck,Clear,831,2023-12-04,No,2023-12-07,2023-12-07
ORD-03141,South,Van,Rain,808,2023-07-28,No,2023-07-31,2023-07-31
ORD-03142,North,Van,Clear,762,2023-09-17,No,2023-09-20,
ORD-03143,East,Semi-Trailer,Clear,1260,2022-12-12,No,2022-12-17,2022-12-17
ORD-03144,North,Box Truck,Clear,1202,2023-03-12,No,2023-03-17,2023-03-17
ORD-03145,East,Box Truck,Rain,1317,2022-07-22,No,2022-07-27,2022-07-27
ORD-03146,West,Van,Rain,271,2022-07-21,No,2022-07-22,2022-07-22
ORD-03147,South,Van,Clear,869,2022-07-02,No,2022-07-05,2022-07-07
ORD-03148,North,Van,Rain,373,2022-11-28,No,2022-11-30,2022-12-03
ORD-03149,East,Van,Fog,107,2022-02-13,No,2022-02-14,2022-02-17
ORD-03150,North,Box Truck,Clear,1045,2022-02-08,No,2022-02-12,2022-02-12
ORD-03151,North,Box Truck,Rain,793,2023-03-13,Yes,2023-03-16,2023-03-16
ORD-03152,South,Van,Fog,592,2022-06-14,,2022-06-16,2022-06-19
ORD-03153,West,Van,Rain,936,2022-11-04,No,2022-11-08,2022-11-08
ORD-03154,North,Van,Rain,1450,2023-03-03,No,2023-03-08,2023-03-08
ORD-03155,East,Van,Clear,144,2023-09-08,No,2023-09-09,2023-09-09
ORD-03156,East,Van,Clear,268,2022-01-10,No,2022-01-11,2022-01-11
ORD-03157,West,Semi-Trailer,Clear,925,2023-12-19,No,2023-12-23,2023-12-23
ORD-03158,East,Box Truck,Rain,526,2023-06-09,No,2023-06-11,2023-06-11
ORD-03159,West,Box Truck,Fog,1327,2022-12-08,No,2022-12-13,2022-12-16
ORD-03160,East,Van,Clear,1473,2023-04-08,No,2023-04-13,2023-04-13
ORD-03161,South,Semi-Trailer,Clear,160,2023-02-03,No,2023-02-04,2023-02-04
ORD-03162,North,Box Truck,Clear,1291,2022-11-12,No,2022-11-17,2022-11-17
ORD-03163,South,Box Truck,Rain,877,2022-10-24,No,2022-10-27,2022-10-27
ORD-03164,North,Van,Clear,1182,2023-08-08,No,2023-08-12,2023-08-15
ORD-03165,North,Semi-Trailer,Rain,983,2022-05-22,No,2022-05-26,
ORD-03166,North,Semi-Trailer,Clear,151,2022-02-16,No,2022-02-17,2022-02-17
ORD-03167,South,Semi-Trailer,Clear,260,2023-05-05,No,2023-05-06,2023-05-07
ORD-03168,North,Van,Clear,967,2023-11-20,No,2023-11-24,2023-11-24
ORD-03169,South,Van,Snow,916,2023-09-07,No,2023-09-11,2023-09-15
ORD-03170,West,Van,Clear,653,2023-03-14,No,2023-03-17,2023-03-17
ORD-03171,East,Van,Fog,1080,2023-05-10,No,2023-05-14,2023-05-15
ORD-03172,East,Semi-Trailer,Clear,1405,2023-04-02,No,2023-04-07,2023-04-07
ORD-03173,North,Van,Clear,103,2023-03-26,No,2023-03-27,2023-03-27
ORD-03174,South,Van,Clear,770,2022-07-08,No,2022-07-11,2022-07-11
ORD-03175,East,Van,Fog,365,2023-10-19,No,2023-10-21,2023-10-24
ORD-03176,South,Van,Rain,541,2023-12-24,No,2023-12-26,2023-12-26
ORD-03177,South,Van,Clear,701,2023-06-13,No,2023-06-16,2023-06-16
ORD-03178,North,Box Truck,Rain,1305,2022-04-01,No,2022-04-06,2022-04-06
ORD-03179,East,Box Truck,Clear,1462,2023-11-06,No,2023-11-11,2023-11-12
ORD-03180,North,Van,Clear,657,2023-03-18,No,2023-03-21,2023-03-21
ORD-03181,North,Van,Clear,711,2022-04-05,No,2022-04-08,2022-04-08
ORD-03182,East,Van,Snow,733,2022-03-19,No,2022-03-22,2022-03-24
ORD-03183,East,Van,Clear,926,2022-05-01,No,2022-05-05,2022-05-05
ORD-03184,West,Box Truck,Clear,73,2023-11-07,No,2023-11-08,2023-11-08
ORD-03185,West,Box Truck,Clear,935,2022-12-10,No,2022-12-14,2022-12-14
ORD-03186,South,Box Truck,Clear,1197,2022-05-20,No,2022-05-24,2022-05-25
ORD-03187,East,Box Truck,Clear,1422,2023-07-01,No,2023-07-06,2023-07-09
ORD-03188,West,Van,Clear,736,2023-04-18,,2023-04-21,
ORD-03189,South,Semi-Trailer,Clear,775,2023-10-23,No,2023-10-26,2023-10-26
ORD-03190,South,Semi-Trailer,Fog,932,2022-11-28,No,2022-12-02,2022-12-05
ORD-03191,South,Semi-Trailer,Clear,662,2022-08-15,No,2022-08-18,2022-08-18
ORD-03192,West,Van,Clear,914,2023-07-13,,2023-07-17,2023-07-20
ORD-03193,East,Semi-Trailer,Clear,1050,2023-10-10,No,2023-10-14,2023-10-14
ORD-03194,North,Semi-Trailer,Clear,616,2023-04-30,No,2023-05-03,2023-05-03
ORD-03195,South,Semi-Trailer,Snow,755,2022-01-14,No,2022-01-17,2022-01-19
ORD-03196,West,Van,Clear,949,2023-07-09,,2023-07-13,2023-07-13
ORD-03197,West,Box Truck,Snow,1334,2022-02-16,No,2022-02-21,2022-02-22
ORD-03198,North,Semi-Trailer,Rain,97,2023-10-17,No,2023-10-18,2023-10-18
ORD-03199,North,Box Truck,Rain,572,2023-08-19,No,2023-08-21,2023-08-21
ORD-03200,West,Box Truck,Clear,1278,2023-10-30,,2023-11-04,2023-11-04
ORD-03201,East,Semi-Trailer,Clear,1475,2022-05-30,No,2022-06-04,2022-06-04
ORD-03202,North,Van,Clear,1146,2022-09-18,No,2022-09-22,
ORD-03203,West,Box Truck,Snow,451,2023-12-28,No,2023-12-30,2024-01-02
ORD-03204,North,Van,Clear,1041,2022-04-15,No,2022-04-19,2022-04-19
ORD-03205,East,Semi-Trailer,Clear,568,2023-04-01,No,2023-04-03,2023-04-03
ORD-03206,South,Van,Clear,1133,2023-12-02,No,2023-12-06,2023-12-06
ORD-03207,North,Box Truck,Rain,1378,2023-09-09,No,2023-09-14,2023-09-14
ORD-03208,East,Box Truck,Rain,762,2022-10-30,No,2022-11-02,2022-11-02
ORD-03209,West,Box Truck,Clear,910,2022-05-05,No,2022-05-09,2022-05-09
ORD-03210,North,Box Truck,Clear,490,2022-07-17,No,2022-07-19,2022-07-19
ORD-03211,North,Semi-Trailer,Clear,712,2023-12-29,No,2024-01-01,2024-01-03
ORD-03212,West,Semi-Trailer,Clear,1375,2022-05-26,,2022-05-31,2022-05-31
ORD-03213,South,Van,Rain,952,2023-05-13,No,2023-05-17,2023-05-17
ORD-03214,West,Van,Snow,1267,2022-11-25,No,2022-11-30,2022-12-02
ORD-03215,North,Van,Rain,802,2022-10-11,No,2022-10-14,2022-10-14
ORD-03216,West,Van,Clear,1268,2022-06-05,No,2022-06-10,2022-06-10
ORD-03217,East,Box Truck,Rain,135,2023-08-06,No,2023-08-07,2023-08-07
ORD-03218,West,Semi-Trailer,Fog,699,2022-08-30,No,2022-09-02,2022-09-03
ORD-03219,North,Semi-Trailer,Fog,486,2023-03-13,Yes,2023-03-15,2023-03-19
ORD-03220,West,Van,Snow,694,2022-06-30,No,2022-07-03,2022-07-06
ORD-03221,South,Van,Clear,381,2022-02-24,No,2022-02-26,2022-02-26
ORD-03222,West,Box Truck,Rain,1153,2023-05-03,Yes,2023-05-07,
ORD-03223,South,Box Truck,Snow,551,2023-10-13,No,2023-10-15,2023-10-16
ORD-03224,East,Van,Rain,569,2023-04-02,No,2023-04-04,2023-04-04
ORD-03225,South,Semi-Trailer,Clear,188,2023-03-11,No,2023-03-12,2023-03-14
ORD-03226,West,Semi-Trailer,Fog,1127,2023-04-19,No,2023-04-23,2023-04-24
ORD-03227,North,Van,Clear,576,2022-06-27,No,2022-06-29,2022-06-30
ORD-03228,South,Semi-Trailer,Clear,757,2022-07-13,,2022-07-16,2022-07-16
ORD-03229,East,Van,Clear,960,2022-07-19,No,2022-07-23,2022-07-23
ORD-03230,South,Box Truck,Rain,311,2022-01-27,No,2022-01-29,2022-01-29
ORD-03231,South,Van,Clear,1451,2022-06-23,Yes,2022-06-28,2022-06-28
ORD-03232,South,Van,Clear,595,2023-11-07,No,2023-11-09,2023-11-09
ORD-03233,East,Semi-Trailer,Rain,1485,2022-05-14,No,2022-05-19,2022-05-19
ORD-03234,West,Van,Rain,1450,2023-09-01,No,2023-09-06,2023-09-06
ORD-03235,South,Box Truck,Rain,1155,2023-11-27,No,2023-12-01,2023-12-01
ORD-03236,South,Van,Clear,66,2022-11-03,No,2022-11-04,2022-11-04
ORD-03237,North,Van,Rain,1033,2022-01-05,No,2022-01-09,2022-01-09
ORD-03238,East,Van,Clear,1172,2022-03-22,No,2022-03-26,2022-03-26
ORD-03239,South,Van,Clear,1232,2023-08-20,No,2023-08-25,2023-08-26
ORD-03240,East,Box Truck,Clear,730,2023-11-22,No,2023-11-25,2023-11-25
ORD-03241,South,Van,Snow,1394,2022-11-15,No,2022-11-20,2022-11-22
ORD-03242,West,Box Truck,Clear,419,2023-03-01,No,2023-03-03,2023-03-03
ORD-03243,West,Box Truck,Clear,655,2022-06-10,No,2022-06-13,2022-06-14
ORD-03244,South,Box Truck,Clear,1276,2023-06-06,No,2023-06-11,2023-06-11
ORD-03245,West,Van,Clear,1123,2022-02-11,No,2022-02-15,2022-02-15
ORD-03246,South,Semi-Trailer,Fog,71,2023-12-04,No,2023-12-05,2023-12-07
ORD-03247,West,Van,Fog,1245,2022-02-04,No,2022-02-09,2022-02-10
ORD-03248,North,Van,Clear,257,2022-03-17,Yes,2022-03-18,2022-03-18
ORD-03249,North,Van,Clear,506,2022-11-30,No,2022-12-02,2022-12-02
ORD-03250,North,Van,Clear,65,2022-06-27,No,2022-06-28,2022-06-29
ORD-03251,East,Van,Rain,468,2023-02-14,No,2023-02-16,2023-02-16
ORD-03252,East,Box Truck,Clear,928,2023-04-19,No,2023-04-23,2023-04-23
ORD-03253,North,Van,Clear,1322,2022-10-19,No,2022-10-24,2022-10-24
ORD-03254,East,Van,Clear,1422,2022-03-18,No,2022-03-23,2022-03-23
ORD-03255,West,Box Truck,Clear,1454,2023-04-25,No,2023-04-30,2023-04-30
ORD-03256,South,Van,Clear,566,2022-04-15,No,2022-04-17,2022-04-19
ORD-03257,South,Van,Clear,973,2022-06-12,No,2022-06-16,2022-06-16
ORD-03258,South,Van,Clear,1114,2023-10-06,,2023-10-10,2023-10-10
ORD-03259,North,Box Truck,Clear,453,2022-08-31,No,2022-09-02,2022-09-02
ORD-03260,East,Van,Fog,801,2023-12-03,No,2023-12-06,2023-12-11
ORD-03261,West,Van,Clear,1320,2022-02-06,No,2022-02-11,2022-02-11
ORD-03262,West,Box Truck,Clear,1317,2023-09-27,No,2023-10-02,2023-10-02
ORD-03263,North,Box Truck,Fog,500,2023-04-23,No,2023-04-25,2023-04-29
ORD-03264,West,Box Truck,Snow,1421,2022-09-12,No,2022-09-17,2022-09-20
ORD-03265,West,Semi-Trailer,Clear,604,2023-02-05,No,2023-02-08,2023-02-11
ORD-03266,West,Van,Rain,417,2022-03-28,No,2022-03-30,2022-03-30
ORD-03267,West,Van,Clear,336,2023-08-29,No,2023-08-31,2023-08-31
ORD-03268,East,Van,Rain,951,2022-03-12,No,2022-03-16,2022-03-16
ORD-03269,West,Van,Fog,958,2023-03-23,No,2023-03-27,2023-03-30
ORD-03270,South,Van,Clear,1209,2022-04-03,No,2022-04-08,2022-04-08
ORD-03271,North,Van,Clear,392,2023-04-05,No,2023-04-07,2023-04-07
ORD-03272,East,Box Truck,Clear,1023,2023-12-23,No,2023-12-27,2023-12-27
ORD-03273,West,Box Truck,Rain,1291,2022-10-24,No,2022-10-29,2022-10-29
ORD-03274,East,Van,Clear,356,2022-09-28,No,2022-09-30,2022-10-02
ORD-03275,West,Box Truck,Rain,281,2022-01-01,No,2022-01-02,2022-01-02
ORD-03276,South,Van,Clear,1294,2022-02-12,No,2022-02-17,2022-02-17
ORD-03277,North,Van,Clear,405,2023-03-26,No,2023-03-28,2023-03-28
ORD-03278,West,Box Truck,Clear,163,2023-02-10,No,2023-02-11,2023-02-11
ORD-03279,West,Van,Clear,1100,2022-04-14,,2022-04-18,2022-04-20
ORD-03280,West,Van,Clear,850,2022-06-01,No,2022-06-04,2022-06-04
ORD-03281,West,Van,Clear,357,2022-03-18,No,2022-03-20,2022-03-20
ORD-03282,North,Semi-Trailer,Rain,1096,2023-07-07,No,2023-07-11,
ORD-03283,North,Box Truck,Rain,365,2022-03-31,,2022-04-02,2022-04-02
ORD-03284,South,Van,Snow,1314,2023-08-06,No,2023-08-11,2023-08-14
ORD-03285,North,Semi-Trailer,Clear,1074,2022-08-12,,2022-08-16,2022-08-16
ORD-03286,West,Box Truck,Fog,376,2022-05-03,No,2022-05-05,2022-05-08
ORD-03287,South,Box Truck,Rain,1024,2022-03-04,No,2022-03-08,2022-03-08
ORD-03288,South,Semi-Trailer,Clear,286,2023-06-26,No,2023-06-27,2023-06-27
ORD-03289,South,Van,Clear,230,2023-05-18,Yes,2023-05-19,2023-05-19
ORD-03290,West,Van,Clear,70,2022-09-29,No,2022-09-30,2022-10-01
ORD-03291,East,Box Truck,Fog,1136,2022-01-17,No,2022-01-21,2022-01-24
ORD-03292,West,Box Truck,Clear,1218,2023-02-24,No,2023-03-01,2023-03-01
ORD-03293,North,Box Truck,Clear,1180,2022-04-10,No,2022-04-14,2022-04-14
ORD-03294,North,Box Truck,Clear,84,2023-09-26,No,2023-09-27,2023-09-27
ORD-03295,West,Semi-Trailer,Snow,482,2023-07-24,No,2023-07-26,2023-07-27
ORD-03296,West,Semi-Trailer,Clear,1034,2023-07-04,No,2023-07-08,2023-07-09
ORD-03297,South,Semi-Trailer,Clear,425,2023-09-07,Yes,2023-09-09,2023-09-09
ORD-03298,West,Semi-Trailer,Clear,1398,2023-04-09,No,2023-04-14,2023-04-15
ORD-03299,South,Semi-Trailer,Clear,26,2023-11-29,No,2023-11-30,2023-11-30
ORD-03300,North,Van,Clear,1472,2022-02-01,No,2022-02-06,2022-02-06
ORD-03301,South,Van,Clear,1092,2022-06-06,No,2022-06-10,2022-06-10
ORD-03302,West,Van,Snow,1148,2023-07-29,No,2023-08-02,2023-08-05
ORD-03303,North,Semi-Trailer,Snow,212,2023-04-16,No,2023-04-17,2023-04-19
ORD-03304,East,Box Truck,Rain,1227,2022-07-21,No,2022-07-26,2022-07-26
ORD-03305,South,Box Truck,Clear,481,2022-02-27,No,2022-03-01,2022-03-01
ORD-03306,North,Van,Rain,1139,2023-11-06,Yes,2023-11-10,2023-11-10
ORD-03307,South,Van,Clear,888,2023-11-08,No,2023-11-11,2023-11-11
ORD-03308,North,Box Truck,Clear,974,2023-02-23,No,2023-02-27,2023-02-27
ORD-03309,North,Van,Fog,827,2022-04-16,No,2022-04-19,2022-04-20
ORD-03310,South,Van,Snow,1159,2022-11-25,No,2022-11-29,2022-11-30
ORD-03311,East,Van,Clear,423,2023-04-07,No,2023-04-09,2023-04-09
ORD-03312,North,Van,Snow,510,2023-06-07,No,2023-06-09,2023-06-10
ORD-03313,North,Box Truck,Fog,130,2022-08-25,No,2022-08-26,2022-08-28
ORD-03314,North,Van,Rain,616,2023-06-17,No,2023-06-20,2023-06-20
ORD-03315,East,Box Truck,Rain,1241,2022-02-10,No,2022-02-15,2022-02-15
ORD-03316,East,Van,Rain,359,2022-11-19,No,2022-11-21,2022-11-21
ORD-03317,West,Semi-Trailer,Clear,829,2023-06-30,No,2023-07-03,2023-07-03
ORD-03318,South,Van,Clear,1226,2022-09-28,No,2022-10-03,2022-10-03
ORD-03319,East,Box Truck,Rain,663,2022-09-21,No,2022-09-24,2022-09-26
ORD-03320,South,Box Truck,Clear,793,2023-06-19,No,2023-06-22,2023-06-23
ORD-03321,West,Van,Clear,1426,2022-03-29,No,2022-04-03,2022-04-03
ORD-03322,South,Semi-Trailer,Clear,506,2022-01-11,No,2022-01-13,2022-01-13
ORD-03323,East,Box Truck,Clear,401,2022-05-09,No,2022-05-11,2022-05-12
ORD-03324,South,Van,Fog,1142,2023-10-19,No,2023-10-23,2023-10-27
ORD-03325,East,Van,Rain,938,2022-04-04,No,2022-04-08,2022-04-08
ORD-03326,South,Semi-Trailer,Clear,479,2023-02-10,No,2023-02-12,2023-02-12
ORD-03327,East,Box Truck,Fog,359,2023-05-26,No,2023-05-28,2023-06-01
ORD-03328,East,Van,Fog,784,2023-05-29,No,2023-06-01,2023-06-02
ORD-03329,South,Van,Clear,158,2023-01-31,No,2023-02-01,2023-02-01
ORD-03330,West,Semi-Trailer,Fog,265,2022-06-26,No,2022-06-27,2022-06-30
ORD-03331,North,Box Truck,Clear,1422,2023-04-15,No,2023-04-20,2023-04-21
ORD-03332,West,Box Truck,Clear,1232,2023-01-05,No,2023-01-10,2023-01-10
ORD-03333,South,Van,Clear,1476,2022-09-18,No,2022-09-23,2022-09-23
ORD-03334,West,Box Truck,Rain,1219,2022-06-09,No,2022-06-14,2022-06-14
ORD-03335,East,Van,Clear,353,2022-07-07,No,2022-07-09,2022-07-09
ORD-03336,North,Van,Rain,686,2023-03-12,No,2023-03-15,2023-03-15
ORD-03337,South,Box Truck,Rain,117,2022-01-16,No,2022-01-17,2022-01-17
ORD-03338,South,Semi-Trailer,Clear,604,2023-02-14,No,2023-02-17,2023-02-17
ORD-03339,South,Van,Clear,1113,2022-11-23,No,2022-11-27,2022-11-29
ORD-03340,North,Van,Clear,1286,2022-02-04,No,2022-02-09,2022-02-10
ORD-03341,East,Box Truck,Clear,34,2023-03-15,No,2023-03-16,2023-03-19
ORD-03342,South,Box Truck,Rain,292,2023-12-16,No,2023-12-17,2023-12-17
ORD-03343,West,Semi-Trailer,Clear,896,2022-01-09,No,2022-01-12,2022-01-12
ORD-03344,South,Box Truck,Clear,947,2023-10-03,No,2023-10-07,2023-10-08
ORD-03345,South,Van,Clear,629,2022-01-08,No,2022-01-11,2022-01-14
ORD-03346,South,Semi-Trailer,Rain,247,2023-05-12,No,2023-05-13,2023-05-13
ORD-03347,South,Box Truck,Snow,947,2022-12-25,,2022-12-29,2023-01-01
ORD-03348,East,Semi-Trailer,Fog,325,2022-01-03,Yes,2022-01-05,2022-01-09
ORD-03349,West,Box Truck,Snow,849,2023-08-22,No,2023-08-25,2023-08-26
ORD-03350,East,Semi-Trailer,Clear,472,2023-08-19,No,2023-08-21,
ORD-03351,West,Van,Clear,601,2022-04-19,No,2022-04-22,2022-04-22
ORD-03352,South,Van,Rain,849,2022-03-17,No,2022-03-20,2022-03-22
ORD-03353,North,Semi-Trailer,Fog,1005,2023-06-06,No,2023-06-10,2023-06-14
ORD-03354,East,Van,Clear,1415,2022-06-02,No,2022-06-07,2022-06-07
ORD-03355,North,Van,Clear,1498,2023-09-22,No,2023-09-27,2023-09-27
ORD-03356,East,Box Truck,Clear,159,2022-06-01,No,2022-06-02,2022-06-02
ORD-03357,South,Semi-Trailer,Rain,361,2022-08-04,No,2022-08-06,2022-08-08
ORD-03358,East,Van,Clear,451,2023-03-27,No,2023-03-29,2023-03-29
ORD-03359,South,Semi-Trailer,Clear,404,2022-03-02,,2022-03-04,2022-03-04
ORD-03360,East,Box Truck,Snow,1398,2022-12-18,No,2022-12-23,2022-12-27
ORD-03361,South,Box Truck,Clear,15,2022-04-29,No,2022-04-30,2022-04-30
ORD-03362,South,Semi-Trailer,Clear,543,2023-01-09,No,2023-01-11,2023-01-11
ORD-03363,West,Van,Clear,229,2022-05-17,No,2022-05-18,2022-05-18
ORD-03364,South,Van,Clear,880,2023-04-10,No,2023-04-13,2023-04-14
ORD-03365,West,Van,Clear,21,2023-12-02,No,2023-12-03,2023-12-03
ORD-03366,South,Box Truck,Clear,804,2022-06-11,No,2022-06-14,2022-06-15
ORD-03367,North,Box Truck,Clear,1418,2022-10-16,No,2022-10-21,2022-10-22
ORD-03368,South,Semi-Trailer,Rain,713,2023-06-16,No,2023-06-19,2023-06-20
ORD-03369,North,Box Truck,Rain,467,2022-10-06,No,2022-10-08,2022-10-08
ORD-03370,North,Box Truck,Clear,234,2022-11-29,No,2022-11-30,2022-12-02
ORD-03371,South,Box Truck,Clear,345,2022-01-14,No,2022-01-16,2022-01-16
ORD-03372,North,Van,Snow,176,2023-06-07,No,2023-06-08,2023-06-11
ORD-03373,West,Van,Clear,1349,2022-05-11,No,2022-05-16,
ORD-03374,East,Semi-Trailer,Clear,1149,2023-12-29,No,2024-01-02,2024-01-02
ORD-03375,South,Van,Clear,507,2023-03-04,,2023-03-06,2023-03-06
ORD-03376,North,Van,Rain,157,2023-02-11,No,2023-02-12,2023-02-12
ORD-03377,South,Box Truck,Clear,45,2023-01-22,No,2023-01-23,2023-01-23
ORD-03378,West,Van,Rain,1440,2023-01-05,No,2023-01-10,2023-01-10
ORD-03379,South,Semi-Trailer,Rain,1418,2022-02-14,No,2022-02-19,2022-02-19
ORD-03380,South,Van,Fog,999,2022-10-02,No,2022-10-06,2022-10-08
ORD-03381,North,Van,Clear,1444,2022-04-08,No,2022-04-13,2022-04-16
ORD-03382,West,Van,Rain,317,2022-11-07,,2022-11-09,2022-11-09
ORD-03383,East,Box Truck,Clear,651,2022-07-11,,2022-07-14,2022-07-14
ORD-03384,East,Van,Clear,249,2022-07-23,No,2022-07-24,2022-07-24
ORD-03385,North,Box Truck,Clear,926,2023-01-05,No,2023-01-09,2023-01-09
ORD-03386,South,Semi-Trailer,Clear,914,2022-10-29,No,2022-11-02,2022-11-02
ORD-03387,North,Semi-Trailer,Snow,1400,2022-05-16,No,2022-05-21,2022-05-23
ORD-03388,North,Van,Clear,865,2022-08-16,No,2022-08-19,2022-08-19
ORD-03389,North,Van,Clear,313,2022-12-27,No,2022-12-29,2022-12-29
ORD-03390,South,Box Truck,Clear,626,2022-09-18,No,2022-09-21,2022-09-21
ORD-03391,West,Semi-Trailer,Rain,1200,2023-02-12,,2023-02-17,2023-02-17
ORD-03392,North,Semi-Trailer,Clear,563,2023-01-17,Yes,2023-01-19,2023-01-19
ORD-03393,South,Van,Snow,775,2023-11-12,No,2023-11-15,2023-11-21
ORD-03394,West,Box Truck,Snow,1334,2023-01-26,No,2023-01-31,2023-02-01
ORD-03395,North,Van,Snow,907,2022-08-03,No,2022-08-07,2022-08-08
ORD-03396,East,Van,Clear,981,2023-12-08,,2023-12-12,2023-12-12
ORD-03397,West,Van,Rain,1238,2023-01-18,No,2023-01-23,2023-01-23
ORD-03398,North,Van,Clear,204,2023-01-06,No,2023-01-07,2023-01-07
ORD-03399,West,Van,Snow,1204,2023-01-14,No,2023-01-19,2023-01-22
ORD-03400,West,Van,Rain,1435,2022-06-22,No,2022-06-27,2022-06-27
ORD-03401,West,Box Truck,Clear,1072,2023-03-20,No,2023-03-24,2023-03-25
ORD-03402,West,Van,Rain,655,2022-10-01,No,2022-10-04,2022-10-04
ORD-03403,West,Box Truck,Clear,261,2023-07-30,No,2023-07-31,2023-08-02
ORD-03404,West,Van,Clear,1316,2023-07-08,No,2023-07-13,2023-07-13
ORD-03405,North,Van,Clear,216,2023-01-05,No,2023-01-06,2023-01-06
ORD-03406,East,Van,Fog,509,2022-04-04,No,2022-04-06,2022-04-10
ORD-03407,South,Van,Snow,1176,2022-09-24,No,2022-09-28,2022-10-02
ORD-03408,West,Box Truck,Rain,28,2023-08-01,No,2023-08-02,2023-08-02
ORD-03409,South,Van,Fog,828,2023-02-13,No,2023-02-16,2023-02-19
ORD-03410,North,Box Truck,Clear,696,2022-12-16,No,2022-12-19,2022-12-21
ORD-03411,West,Van,Fog,29,2023-10-16,No,2023-10-17,2023-10-23
ORD-03412,East,Box Truck,Clear,457,2023-11-24,No,2023-11-26,2023-11-26
ORD-03413,South,Box Truck,Rain,1259,2023-10-01,No,2023-10-06,2023-10-06
ORD-03414,West,Van,Rain,1134,2023-04-19,No,2023-04-23,2023-04-23
ORD-03415,North,Van,Clear,748,2023-05-03,No,2023-05-06,2023-05-06
ORD-03416,East,Van,Clear,303,2023-08-03,No,2023-08-05,2023-08-06
ORD-03417,South,Box Truck,Clear,74,2022-04-22,No,2022-04-23,2022-04-23
ORD-03418,South,Van,Fog,508,2023-06-08,No,2023-06-10,2023-06-11
ORD-03419,West,Box Truck,Clear,85,2022-06-04,No,2022-06-05,2022-06-05
ORD-03420,East,Box Truck,Clear,910,2022-01-27,No,2022-01-31,2022-02-03
ORD-03421,East,Semi-Trailer,Rain,644,2023-12-04,No,2023-12-07,2023-12-07
ORD-03422,East,Box Truck,Clear,1158,2023-01-12,No,2023-01-16,2023-01-18
ORD-03423,East,Box Truck,Clear,36,2023-12-19,No,2023-12-20,2023-12-21
ORD-03424,North,Van,Rain,1309,2023-11-03,Yes,2023-11-08,2023-11-08
ORD-03425,East,Semi-Trailer,Clear,689,2022-10-12,No,2022-10-15,2022-10-16
ORD-03426,South,Box Truck,Rain,92,2022-01-24,No,2022-01-25,2022-01-25
ORD-03427,South,Van,Clear,495,2022-02-24,No,2022-02-26,2022-02-26
ORD-03428,North,Semi-Trailer,Clear,1496,2022-09-14,Yes,2022-09-19,2022-09-19
ORD-03429,South,Van,Clear,15,2022-06-21,No,2022-06-22,2022-06-22
ORD-03430,South,Semi-Trailer,Clear,978,2023-01-26,No,2023-01-30,2023-01-30
ORD-03431,East,Semi-Trailer,Fog,377,2023-04-09,No,2023-04-11,2023-04-17
ORD-03432,South,Van,Snow,480,2023-12-23,No,2023-12-25,2023-12-28
ORD-03433,North,Box Truck,Clear,1482,2023-09-06,No,2023-09-11,2023-09-13
ORD-03434,East,Van,Clear,698,2022-11-25,No,2022-11-28,2022-12-01
ORD-03435,West,Van,Clear,379,2022-09-19,No,2022-09-21,2022-09-21
ORD-03436,East,Van,Clear,1373,2023-05-10,No,2023-05-15,2023-05-15
ORD-03437,North,Box Truck,Clear,287,2022-11-09,No,2022-11-10,2022-11-10
ORD-03438,East,Van,Snow,349,2023-08-30,No,2023-09-01,2023-09-03
ORD-03439,East,Van,Clear,824,2022-11-30,No,2022-12-03,2022-12-03
ORD-03440,North,Box Truck,Clear,623,2022-07-18,No,2022-07-21,2022-07-21
ORD-03441,East,Van,Clear,1113,2023-12-03,No,2023-12-07,2023-12-07
ORD-03442,North,Van,Clear,802,2023-04-05,No,2023-04-08,2023-04-08
ORD-03443,North,Van,Rain,612,2022-10-14,No,2022-10-17,2022-10-18
ORD-03444,West,Van,Clear,76,2023-07-05,No,2023-07-06,2023-07-06
ORD-03445,South,Van,Clear,224,2022-08-23,No,2022-08-24,2022-08-24
ORD-03446,South,Van,Clear,425,2023-05-23,Yes,2023-05-25,2023-05-26
ORD-03447,East,Semi-Trailer,Fog,1178,2022-03-01,No,2022-03-05,2022-03-09
ORD-03448,East,Box Truck,Clear,561,2023-09-28,No,2023-09-30,2023-09-30
ORD-03449,West,Van,Snow,1319,2023-10-02,No,2023-10-07,2023-10-10
ORD-03450,West,Van,Clear,580,2022-12-03,No,2022-12-05,2022-12-05
ORD-03451,West,Van,Snow,549,2023-05-10,No,2023-05-12,2023-05-13
ORD-03452,North,Box Truck,Rain,1080,2022-07-02,Yes,2022-07-06,2022-07-07
ORD-03453,West,Van,Clear,1270,2023-10-24,No,2023-10-29,2023-10-29
ORD-03454,West,Van,Snow,126,2023-09-05,Yes,2023-09-06,2023-09-07
ORD-03455,East,Semi-Trailer,Rain,160,2023-02-14,Yes,2023-02-15,2023-02-15
ORD-03456,West,Van,Clear,1116,2023-09-10,No,2023-09-14,2023-09-14
ORD-03457,North,Van,Clear,1090,2022-11-25,No,2022-11-29,2022-12-02
ORD-03458,North,Semi-Trailer,Rain,993,2023-08-17,No,2023-08-21,2023-08-21
ORD-03459,East,Box Truck,Rain,1418,2023-06-10,No,2023-06-15,2023-06-16
ORD-03460,West,Van,Rain,1253,2022-11-13,No,2022-11-18,2022-11-18
ORD-03461,West,Box Truck,Rain,1318,2023-05-31,No,2023-06-05,2023-06-05
ORD-03462,North,Van,Rain,1013,2023-02-25,No,2023-03-01,2023-03-01
ORD-03463,West,Box Truck,Rain,443,2023-05-11,No,2023-05-13,2023-05-14
ORD-03464,West,Van,Clear,329,2023-06-17,No,2023-06-19,2023-06-19
ORD-03465,West,Semi-Trailer,Clear,251,2022-02-08,No,2022-02-09,2022-02-09
ORD-03466,South,Semi-Trailer,Fog,474,2022-07-16,Yes,2022-07-18,2022-07-19
ORD-03467,East,Semi-Trailer,Clear,212,2023-08-21,No,2023-08-22,2023-08-22
ORD-03468,South,Semi-Trailer,Clear,558,2023-11-22,No,2023-11-24,2023-11-24
ORD-03469,East,Box Truck,Rain,767,2022-07-17,No,2022-07-20,2022-07-20
ORD-03470,North,Van,Clear,1478,2023-09-27,No,2023-10-02,2023-10-03
ORD-03471,West,Van,Clear,1168,2022-10-23,,2022-10-27,2022-10-30
ORD-03472,East,Box Truck,Clear,867,2022-09-01,No,2022-09-04,2022-09-05
ORD-03473,South,Semi-Trailer,Rain,795,2023-06-16,No,2023-06-19,2023-06-19
ORD-03474,West,Van,Fog,550,2023-10-24,No,2023-10-26,2023-10-29
ORD-03475,North,Semi-Trailer,Clear,496,2023-02-17,No,2023-02-19,
ORD-03476,East,Semi-Trailer,Clear,581,2022-08-23,No,2022-08-25,2022-08-25
ORD-03477,East,Semi-Trailer,Clear,849,2023-04-30,Yes,2023-05-03,2023-05-03
ORD-03478,East,Semi-Trailer,Clear,670,2023-12-16,No,2023-12-19,
ORD-03479,West,Van,Clear,414,2022-01-21,No,2022-01-23,2022-01-23
ORD-03480,South,Van,Clear,1466,2022-12-14,No,2022-12-19,2022-12-19
ORD-03481,South,Van,Clear,666,2022-05-13,No,2022-05-16,2022-05-16
ORD-03482,East,Van,Clear,1283,2023-05-08,No,2023-05-13,2023-05-13
ORD-03483,North,Box Truck,Clear,1113,2023-03-03,No,2023-03-07,2023-03-07
ORD-03484,North,Semi-Trailer,Rain,958,2023-02-10,No,2023-02-14,2023-02-14
ORD-03485,South,Semi-Trailer,Snow,24,2022-05-15,Yes,2022-05-16,2022-05-20
ORD-03486,North,Box Truck,Fog,984,2022-03-24,No,2022-03-28,2022-03-30
ORD-03487,South,Van,Rain,1073,2022-01-18,No,2022-01-22,
ORD-03488,East,Van,Clear,1114,2022-10-28,No,2022-11-01,2022-11-01
ORD-03489,South,Van,Rain,316,2023-01-22,No,2023-01-24,2023-01-27
ORD-03490,South,Van,Clear,714,2023-06-23,No,2023-06-26,2023-06-27
ORD-03491,East,Box Truck,Rain,406,2022-09-14,,2022-09-16,2022-09-16
ORD-03492,North,Van,Rain,687,2023-06-25,Yes,2023-06-28,2023-06-28
ORD-03493,South,Van,Rain,979,2023-06-27,No,2023-07-01,2023-07-01
ORD-03494,South,Van,Fog,874,2023-09-19,Yes,2023-09-22,2023-09-23
ORD-03495,East,Box Truck,Rain,1237,2023-05-22,No,2023-05-27,2023-05-27
ORD-03496,North,Van,Rain,220,2023-06-10,No,2023-06-11,2023-06-11
ORD-03497,South,Van,Clear,408,2023-07-07,No,2023-07-09,2023-07-10
ORD-03498,East,Van,Fog,1406,2023-11-28,No,2023-12-03,2023-12-06
ORD-03499,South,Semi-Trailer,Clear,1422,2022-11-29,No,2022-12-04,2022-12-04
ORD-03500,West,Van,Fog,267,2023-06-29,No,2023-06-30,2023-07-06
ORD-03501,East,Box Truck,Clear,124,2023-10-18,No,2023-10-19,2023-10-19
ORD-03502,North,Box Truck,Clear,343,2023-01-04,No,2023-01-06,2023-01-06
ORD-03503,North,Box Truck,Snow,358,2022-10-01,No,2022-10-03,2022-10-04
ORD-03504,North,Semi-Trailer,Clear,242,2022-05-06,No,2022-05-07,2022-05-07
ORD-03505,North,Van,Snow,458,2023-01-30,No,2023-02-01,2023-02-05
ORD-03506,South,Van,Clear,1110,2022-05-22,No,2022-05-26,2022-05-26
ORD-03507,South,Van,Snow,837,2023-12-06,No,2023-12-09,2023-12-13
ORD-03508,North,Box Truck,Rain,617,2023-10-19,Yes,2023-10-22,2023-10-22
ORD-03509,North,Van,Rain,107,2022-06-01,No,2022-06-02,2022-06-03
ORD-03510,North,Van,Clear,577,2023-08-02,No,2023-08-04,2023-08-04
ORD-03511,South,Box Truck,Clear,471,2023-10-10,No,2023-10-12,2023-10-12
ORD-03512,North,Box Truck,Snow,509,2022-11-07,No,2022-11-09,2022-11-11
ORD-03513,North,Van,Clear,640,2023-01-20,No,2023-01-23,2023-01-23
ORD-03514,West,Box Truck,Clear,1071,2022-07-30,No,2022-08-03,2022-08-03
ORD-03515,West,Box Truck,Rain,1391,2022-05-24,No,2022-05-29,2022-05-29
ORD-03516,North,Van,Clear,1275,2022-03-17,No,2022-03-22,2022-03-22
ORD-03517,East,Van,Clear,1084,2022-02-25,No,2022-03-01,2022-03-02
ORD-03518,North,Box Truck,Clear,1458,2022-10-26,No,2022-10-31,2022-10-31
ORD-03519,West,Box Truck,Clear,136,2023-03-26,No,2023-03-27,2023-03-27
ORD-03520,East,Van,Snow,1136,2022-12-20,No,2022-12-24,2022-12-26
ORD-03521,East,Van,Clear,486,2023-06-16,No,2023-06-18,2023-06-18
ORD-03522,North,Box Truck,Fog,1262,2022-03-26,No,2022-03-31,2022-04-02
ORD-03523,West,Semi-Trailer,Clear,732,2022-08-10,No,2022-08-13,2022-08-13
ORD-03524,West,Box Truck,Clear,445,2022-08-13,No,2022-08-15,2022-08-16
ORD-03525,East,Van,Clear,1418,2023-07-19,No,2023-07-24,2023-07-24
ORD-03526,North,Van,Clear,94,2023-02-07,No,2023-02-08,2023-02-08
ORD-03527,South,Semi-Trailer,Rain,1392,2023-08-30,Yes,2023-09-04,2023-09-04
ORD-03528,South,Van,Snow,795,2023-02-03,No,2023-02-06,2023-02-09
ORD-03529,West,Semi-Trailer,Clear,36,2022-05-20,No,2022-05-21,2022-05-21
ORD-03530,South,Semi-Trailer,Rain,869,2023-01-09,No,2023-01-12,2023-01-12
ORD-03531,West,Van,Clear,81,2023-03-02,No,2023-03-03,2023-03-03
ORD-03532,West,Semi-Trailer,Clear,1128,2022-12-22,No,2022-12-26,2022-12-26
ORD-03533,West,Van,Clear,597,2023-10-02,No,2023-10-04,2023-10-06
ORD-03534,South,Semi-Trailer,Fog,1459,2022-10-07,,2022-10-12,2022-10-15
ORD-03535,West,Van,Clear,1039,2023-12-11,No,2023-12-15,2023-12-16
ORD-03536,East,Van,Snow,1123,2023-12-26,No,2023-12-30,2023-12-31
ORD-03537,North,Box Truck,Clear,1255,2022-05-24,No,2022-05-29,2022-05-29
ORD-03538,North,Box Truck,Clear,161,2023-01-05,No,2023-01-06,2023-01-06
ORD-03539,West,Van,Clear,1245,2022-05-13,Yes,2022-05-18,2022-05-18
ORD-03540,North,Box Truck,Snow,592,2022-11-23,No,2022-11-25,2022-11-29
ORD-03541,South,Van,Rain,1296,2023-07-03,No,2023-07-08,2023-07-11
ORD-03542,South,Van,Clear,1415,2022-06-05,No,2022-06-10,2022-06-12
ORD-03543,North,Van,Snow,66,2022-01-27,No,2022-01-28,2022-01-29
ORD-03544,South,Van,Clear,435,2022-01-10,No,2022-01-12,2022-01-12
ORD-03545,North,Van,Fog,151,2023-12-02,No,2023-12-03,2023-12-05
ORD-03546,North,Van,Snow,577,2022-02-04,,2022-02-06,2022-02-09
ORD-03547,North,Van,Rain,1048,2023-12-18,No,2023-12-22,2023-12-22
ORD-03548,West,Van,Snow,1041,2022-11-08,No,2022-11-12,2022-11-16
ORD-03549,North,Van,Clear,1264,2022-01-27,No,2022-02-01,2022-02-01
ORD-03550,West,Semi-Trailer,Rain,1219,2022-02-02,No,2022-02-07,2022-02-08
ORD-03551,North,Van,Clear,1086,2022-06-03,No,2022-06-07,2022-06-07
ORD-03552,North,Semi-Trailer,Clear,146,2022-01-19,Yes,2022-01-20,2022-01-21
ORD-03553,North,Box Truck,Clear,183,2023-05-31,No,2023-06-01,2023-06-03
ORD-03554,South,Box Truck,Clear,869,2022-04-13,No,2022-04-16,2022-04-16
ORD-03555,West,Box Truck,Clear,228,2023-03-12,No,2023-03-13,2023-03-14
ORD-03556,West,Semi-Trailer,Clear,1296,2022-02-01,No,2022-02-06,2022-02-06
ORD-03557,North,Van,Clear,264,2023-04-25,No,2023-04-26,2023-04-26
ORD-03558,North,Box Truck,Clear,821,2023-02-23,No,2023-02-26,2023-02-26
ORD-03559,South,Box Truck,Snow,279,2023-01-03,No,2023-01-04,2023-01-05
ORD-03560,South,Box Truck,Clear,233,2022-07-27,No,2022-07-28,2022-07-28
ORD-03561,South,Semi-Trailer,Rain,892,2023-07-30,No,2023-08-02,
ORD-03562,West,Van,Clear,613,2023-04-16,No,2023-04-19,2023-04-19
ORD-03563,West,Box Truck,Clear,1167,2022-06-24,No,2022-06-28,2022-06-28
ORD-03564,West,Box Truck,Clear,1196,2023-09-20,No,2023-09-24,2023-09-24
ORD-03565,North,Van,Clear,710,2023-07-01,No,2023-07-04,2023-07-04
ORD-03566,West,Van,Rain,929,2023-01-02,No,2023-01-06,2023-01-07
ORD-03567,East,Box Truck,Rain,82,2022-09-04,No,2022-09-05,2022-09-05
ORD-03568,East,Semi-Trailer,Clear,907,2023-01-10,No,2023-01-14,2023-01-14
ORD-03569,South,Van,Clear,956,2023-11-15,No,2023-11-19,2023-11-20
ORD-03570,West,Semi-Trailer,Snow,552,2022-01-23,No,2022-01-25,2022-01-28
ORD-03571,East,Van,Clear,640,2022-07-12,No,2022-07-15,2022-07-16
ORD-03572,South,Van,Clear,804,2023-07-24,No,2023-07-27,
ORD-03573,West,Van,Rain,887,2022-11-13,No,2022-11-16,2022-11-16
ORD-03574,North,Van,Clear,1288,2022-02-01,No,2022-02-06,2022-02-06
ORD-03575,East,Van,Fog,766,2022-03-15,No,2022-03-18,2022-03-22
ORD-03576,North,Van,Rain,627,2022-11-11,No,2022-11-14,2022-11-14
ORD-03577,West,Box Truck,Clear,207,2023-11-29,No,2023-11-30,2023-11-30
ORD-03578,East,Box Truck,Clear,1460,2022-11-26,No,2022-12-01,2022-12-01
ORD-03579,West,Van,Clear,502,2022-06-04,No,2022-06-06,2022-06-06
ORD-03580,North,Van,Clear,91,2022-04-03,Yes,2022-04-04,2022-04-04
ORD-03581,East,Van,Fog,1341,2022-08-26,No,2022-08-31,2022-09-05
ORD-03582,North,Box Truck,Rain,383,2022-12-11,,2022-12-13,2022-12-13
ORD-03583,West,Van,Clear,1492,2022-10-09,,2022-10-14,2022-10-17
ORD-03584,West,Van,Clear,510,2023-08-25,No,2023-08-27,2023-08-27
ORD-03585,North,Semi-Trailer,Clear,366,2022-08-14,No,2022-08-16,2022-08-16
ORD-03586,East,Semi-Trailer,Clear,1329,2022-12-20,No,2022-12-25,2022-12-25
ORD-03587,North,Van,Rain,589,2023-06-07,No,2023-06-09,2023-06-09
ORD-03588,West,Van,Rain,309,2023-05-22,No,2023-05-24,2023-05-24
ORD-03589,North,Van,Clear,655,2022-07-24,No,2022-07-27,2022-07-27
ORD-03590,West,Box Truck,Clear,1376,2023-05-18,No,2023-05-23,2023-05-23
ORD-03591,North,Box Truck,Rain,129,2022-04-05,No,2022-04-06,2022-04-06
ORD-03592,East,Van,Clear,195,2022-07-04,No,2022-07-05,2022-07-05
ORD-03593,East,Box Truck,Rain,593,2022-06-14,No,2022-06-16,2022-06-16
ORD-03594,North,Van,Clear,1191,2023-01-15,No,2023-01-19,2023-01-19
ORD-03595,North,Van,Rain,1261,2022-01-08,No,2022-01-13,2022-01-14
ORD-03596,East,Van,Snow,317,2022-11-20,No,2022-11-22,2022-11-24
ORD-03597,West,Van,Snow,243,2023-01-21,No,2023-01-22,2023-01-24
ORD-03598,East,Van,Fog,1044,2023-03-13,No,2023-03-17,2023-03-20
ORD-03599,West,Van,Fog,184,2023-12-06,No,2023-12-07,2023-12-12
ORD-03600,North,Van,Rain,782,2022-09-13,No,2022-09-16,2022-09-18
ORD-03601,North,Van,Fog,652,2022-01-26,No,2022-01-29,2022-02-02
ORD-03602,West,Box Truck,Snow,920,2022-04-13,No,2022-04-17,2022-04-18
ORD-03603,North,Van,Rain,1035,2022-07-17,No,2022-07-21,2022-07-24
ORD-03604,West,Van,Clear,770,2023-11-04,No,2023-11-07,2023-11-07
ORD-03605,South,Box Truck,Clear,191,2023-09-11,No,2023-09-12,2023-09-12
ORD-03606,East,Box Truck,Snow,951,2022-05-14,No,2022-05-18,2022-05-22
ORD-03607,South,Semi-Trailer,Clear,359,2023-06-19,No,2023-06-21,2023-06-21
ORD-03608,West,Van,Snow,648,2023-11-02,No,2023-11-05,2023-11-09
ORD-03609,East,Van,Clear,1415,2022-06-11,No,2022-06-16,2022-06-16
ORD-03610,West,Box Truck,Clear,1330,2023-08-27,No,2023-09-01,2023-09-01
ORD-03611,East,Box Truck,Rain,1230,2022-03-28,No,2022-04-02,2022-04-02
ORD-03612,East,Van,Fog,1319,2022-09-28,No,2022-10-03,2022-10-07
ORD-03613,East,Semi-Trailer,Clear,234,2023-08-05,No,2023-08-06,2023-08-08
ORD-03614,East,Van,Snow,295,2023-08-28,No,2023-08-29,2023-09-02
ORD-03615,West,Semi-Trailer,Rain,1364,2023-02-01,No,2023-02-06,2023-02-06
ORD-03616,East,Semi-Trailer,Clear,1196,2022-11-23,No,2022-11-27,2022-11-27
ORD-03617,East,Box Truck,Clear,202,2022-07-20,No,2022-07-21,2022-07-23
ORD-03618,South,Semi-Trailer,Clear,1178,2023-08-28,No,2023-09-01,2023-09-01
ORD-03619,North,Box Truck,Clear,680,2022-11-27,No,2022-11-30,2022-11-30
ORD-03620,North,Van,Clear,701,2022-02-06,No,2022-02-09,2022-02-09
ORD-03621,South,Van,Clear,547,2023-09-04,No,2023-09-06,2023-09-08
ORD-03622,South,Van,Clear,621,2023-07-11,No,2023-07-14,2023-07-17
ORD-03623,West,Van,Snow,910,2022-02-25,No,2022-03-01,2022-03-04
ORD-03624,West,Box Truck,Clear,1303,2022-01-02,No,2022-01-07,2022-01-07
ORD-03625,West,Van,Rain,60,2022-09-26,No,2022-09-27,2022-09-27
ORD-03626,South,Van,Clear,137,2022-10-15,No,2022-10-16,2022-10-16
ORD-03627,South,Box Truck,Snow,1079,2022-10-26,No,2022-10-30,2022-10-31
ORD-03628,East,Semi-Trailer,Snow,243,2022-02-07,No,2022-02-08,
ORD-03629,West,Van,Clear,457,2022-10-24,No,2022-10-26,2022-10-26
ORD-03630,West,Van,Fog,593,2022-09-28,No,2022-09-30,2022-10-01
ORD-03631,West,Van,Snow,1476,2023-03-31,No,2023-04-05,2023-04-08
ORD-03632,North,Box Truck,Rain,512,2023-12-15,No,2023-12-17,2023-12-17
ORD-03633,East,Van,Rain,616,2022-06-28,No,2022-07-01,2022-07-01
ORD-03634,West,Box Truck,Clear,931,2022-10-26,No,2022-10-30,2022-10-30
ORD-03635,West,Van,Clear,294,2023-09-20,No,2023-09-21,2023-09-21
ORD-03636,West,Van,Clear,1165,2022-12-22,,2022-12-26,2022-12-26
ORD-03637,North,Semi-Trailer,Clear,945,2023-07-30,,2023-08-03,2023-08-06
ORD-03638,North,Van,Clear,553,2023-05-19,,2023-05-21,2023-05-21
ORD-03639,South,Van,Snow,365,2022-09-27,No,2022-09-29,2022-09-30
ORD-03640,East,Van,Clear,1070,2022-11-06,No,2022-11-10,2022-11-10
ORD-03641,South,Van,Fog,147,2023-11-24,No,2023-11-25,2023-11-30
ORD-03642,East,Box Truck,Clear,1455,2022-08-07,No,2022-08-12,2022-08-12
ORD-03643,North,Van,Clear,1478,2023-06-04,No,2023-06-09,2023-06-09
ORD-03644,West,Van,Clear,621,2022-01-03,No,2022-01-06,2022-01-06
ORD-03645,South,Van,Clear,1275,2023-10-08,No,2023-10-13,2023-10-15
ORD-03646,West,Box Truck,Fog,1278,2022-12-17,No,2022-12-22,2022-12-26
ORD-03647,South,Box Truck,Snow,1242,2022-02-15,No,2022-02-20,2022-02-23
ORD-03648,North,Box Truck,Clear,466,2022-11-26,No,2022-11-28,2022-11-28
ORD-03649,North,Box Truck,Fog,108,2022-08-08,No,2022-08-09,2022-08-14
ORD-03650,North,Van,Rain,1170,2023-09-19,,2023-09-23,2023-09-25
ORD-03651,South,Van,Clear,1220,2023-04-22,No,2023-04-27,2023-04-27
ORD-03652,East,Van,Rain,45,2022-06-23,No,2022-06-24,2022-06-24
ORD-03653,South,Van,Rain,639,2022-12-26,No,2022-12-29,2022-12-29
ORD-03654,East,Van,Clear,679,2022-01-22,No,2022-01-25,2022-01-25
ORD-03655,South,Box Truck,Rain,796,2022-12-23,No,2022-12-26,2022-12-26
ORD-03656,South,Box Truck,Clear,690,2022-04-17,No,2022-04-20,2022-04-20
ORD-03657,North,Semi-Trailer,Clear,64,2022-12-19,No,2022-12-20,2022-12-20
ORD-03658,West,Van,Clear,1117,2023-07-26,No,2023-07-30,2023-07-30
ORD-03659,West,Box Truck,Fog,1039,2022-11-19,No,2022-11-23,2022-11-27
ORD-03660,East,Semi-Trailer,Rain,900,2023-11-15,No,2023-11-19,2023-11-19
ORD-03661,West,Box Truck,Clear,1396,2023-11-09,No,2023-11-14,2023-11-14
ORD-03662,South,Van,Clear,1016,2023-12-18,No,2023-12-22,2023-12-22
ORD-03663,South,Van,Clear,777,2022-02-27,No,2022-03-02,2022-03-02
ORD-03664,North,Van,Rain,927,2023-07-18,No,2023-07-22,2023-07-22
ORD-03665,North,Van,Clear,673,2022-06-29,No,2022-07-02,2022-07-02
ORD-03666,West,Box Truck,Snow,839,2023-06-14,No,2023-06-17,2023-06-19
ORD-03667,East,Van,Fog,179,2022-10-05,No,2022-10-06,2022-10-08
ORD-03668,West,Van,Rain,258,2022-04-18,Yes,2022-04-19,2022-04-19
ORD-03669,West,Box Truck,Clear,671,2023-08-21,No,2023-08-24,2023-08-24
ORD-03670,West,Box Truck,Clear,219,2023-05-01,No,2023-05-02,2023-05-03
ORD-03671,West,Van,Clear,921,2022-05-13,No,2022-05-17,2022-05-17
ORD-03672,South,Box Truck,Rain,749,2022-07-05,No,2022-07-08,2022-07-08
ORD-03673,East,Van,Rain,1277,2023-09-30,No,2023-10-05,2023-10-05
ORD-03674,South,Van,Clear,150,2023-06-02,No,2023-06-03,2023-06-03
ORD-03675,East,Van,Clear,641,2022-07-14,No,2022-07-17,2022-07-17
ORD-03676,North,Box Truck,Snow,814,2022-02-26,No,2022-03-01,2022-03-04
ORD-03677,West,Semi-Trailer,Clear,189,2022-09-05,No,2022-09-06,2022-09-06
ORD-03678,South,Van,Clear,929,2023-05-06,No,2023-05-10,2023-05-10
ORD-03679,East,Box Truck,Rain,646,2023-05-14,No,2023-05-17,2023-05-19
ORD-03680,North,Van,Clear,763,2022-03-08,No,2022-03-11,2022-03-11
ORD-03681,North,Box Truck,Rain,996,2023-09-23,No,2023-09-27,2023-09-27
ORD-03682,West,Van,Snow,1050,2023-10-27,No,2023-10-31,2023-11-05
ORD-03683,East,Van,Rain,1049,2023-12-19,No,2023-12-23,2023-12-23
ORD-03684,South,Semi-Trailer,Clear,394,2023-10-23,Yes,2023-10-25,2023-10-25
ORD-03685,West,Box Truck,Clear,1374,2023-02-26,No,2023-03-03,2023-03-03
ORD-03686,South,Van,Clear,902,2023-10-23,No,2023-10-27,2023-10-30
ORD-03687,North,Van,Clear,996,2023-08-21,No,2023-08-25,2023-08-25
ORD-03688,South,Van,Fog,778,2022-07-29,No,2022-08-01,2022-08-05
ORD-03689,South,Van,Rain,801,2023-11-29,No,2023-12-02,2023-12-02
ORD-03690,West,Semi-Trailer,Clear,55,2022-12-05,No,2022-12-06,2022-12-06
ORD-03691,South,Semi-Trailer,Fog,513,2022-09-06,No,2022-09-08,2022-09-10
ORD-03692,West,Van,Rain,1176,2023-03-01,No,2023-03-05,2023-03-05
ORD-03693,North,Van,Clear,1318,2022-08-05,No,2022-08-10,
ORD-03694,West,Semi-Trailer,Clear,1388,2022-05-07,No,2022-05-12,2022-05-15
ORD-03695,West,Van,Clear,839,2023-02-05,No,2023-02-08,2023-02-08
ORD-03696,East,Box Truck,Fog,534,2022-08-28,No,2022-08-30,2022-09-04
ORD-03697,South,Van,Clear,988,2022-03-08,No,2022-03-12,2022-03-12
ORD-03698,North,Box Truck,Snow,566,2023-07-04,No,2023-07-06,2023-07-10
ORD-03699,West,Box Truck,Clear,56,2022-05-02,No,2022-05-03,2022-05-03
ORD-03700,North,Semi-Trailer,Snow,537,2023-03-21,No,2023-03-23,2023-03-26
ORD-03701,East,Box Truck,Clear,116,2022-02-02,No,2022-02-03,2022-02-03
ORD-03702,South,Van,Fog,1036,2023-04-04,No,2023-04-08,2023-04-10
ORD-03703,West,Box Truck,Fog,625,2023-07-28,No,2023-07-31,2023-08-04
ORD-03704,South,Semi-Trailer,Clear,975,2022-01-31,No,2022-02-04,2022-02-04
ORD-03705,East,Van,Rain,1128,2022-08-01,,2022-08-05,2022-08-08
ORD-03706,East,Van,Rain,1166,2023-08-04,No,2023-08-08,2023-08-08
ORD-03707,North,Van,Fog,869,2022-06-17,,2022-06-20,2022-06-24
ORD-03708,West,Van,Clear,210,2023-07-03,No,2023-07-04,2023-07-04
ORD-03709,North,Van,Clear,263,2022-03-21,No,2022-03-22,2022-03-23
ORD-03710,East,Box Truck,Snow,192,2023-07-02,No,2023-07-03,2023-07-08
ORD-03711,South,Van,Rain,1183,2022-06-14,No,2022-06-18,2022-06-19
ORD-03712,North,Semi-Trailer,Clear,990,2023-03-26,No,2023-03-30,2023-03-30
ORD-03713,North,Van,Snow,499,2022-06-27,No,2022-06-29,2022-07-05
ORD-03714,South,Van,Clear,514,2022-11-10,No,2022-11-12,2022-11-15
ORD-03715,North,Van,Rain,422,2022-10-08,No,2022-10-10,2022-10-11
ORD-03716,South,Van,Clear,413,2022-07-19,No,2022-07-21,2022-07-21
ORD-03717,West,Van,Clear,245,2022-06-10,No,2022-06-11,2022-06-12
ORD-03718,South,Van,Clear,868,2022-04-29,No,2022-05-02,2022-05-02
ORD-03719,West,Van,Clear,975,2023-07-01,No,2023-07-05,2023-07-05
ORD-03720,South,Box Truck,Clear,642,2022-06-11,No,2022-06-14,2022-06-14
ORD-03721,East,Box Truck,Clear,1467,2023-06-02,No,2023-06-07,2023-06-07
ORD-03722,East,Van,Clear,217,2022-02-12,No,2022-02-13,2022-02-13
ORD-03723,West,Box Truck,Clear,149,2023-07-09,No,2023-07-10,2023-07-10
ORD-03724,West,Box Truck,Rain,597,2022-06-05,No,2022-06-07,2022-06-08
ORD-03725,East,Van,Clear,596,2022-02-22,No,2022-02-24,2022-02-24
ORD-03726,West,Semi-Trailer,Clear,1340,2023-12-06,No,2023-12-11,2023-12-11
ORD-03727,South,Semi-Trailer,Rain,926,2022-09-26,,2022-09-30,2022-09-30
ORD-03728,South,Van,Fog,976,2022-11-03,No,2022-11-07,2022-11-09
ORD-03729,East,Van,Rain,579,2023-05-18,No,2023-05-20,2023-05-20
ORD-03730,North,Van,Clear,1131,2023-04-11,No,2023-04-15,2023-04-18
ORD-03731,South,Van,Snow,134,2023-02-22,No,2023-02-23,2023-02-27
ORD-03732,West,Box Truck,Fog,1382,2022-10-21,No,2022-10-26,2022-10-29
ORD-03733,North,Van,Clear,143,2023-11-19,No,2023-11-20,2023-11-21
ORD-03734,North,Box Truck,Fog,1005,2022-04-01,No,2022-04-05,2022-04-09
ORD-03735,South,Box Truck,Clear,1259,2022-11-02,No,2022-11-07,2022-11-07
ORD-03736,South,Box Truck,Clear,659,2023-09-14,No,2023-09-17,2023-09-17
ORD-03737,North,Box Truck,Clear,715,2022-04-26,No,2022-04-29,2022-04-30
ORD-03738,North,Van,Rain,577,2022-12-28,No,2022-12-30,2022-12-30
ORD-03739,East,Van,Clear,348,2023-10-20,No,2023-10-22,2023-10-22
ORD-03740,West,Box Truck,Clear,848,2023-08-04,No,2023-08-07,2023-08-07
ORD-03741,East,Van,Clear,331,2023-10-04,,2023-10-06,2023-10-06
ORD-03742,South,Van,Clear,1120,2023-10-15,No,2023-10-19,2023-10-21
ORD-03743,East,Semi-Trailer,Clear,104,2023-08-22,No,2023-08-23,2023-08-23
ORD-03744,East,Box Truck,Clear,205,2023-06-22,No,2023-06-23,2023-06-23
ORD-03745,East,Van,Clear,201,2023-10-21,,2023-10-22,2023-10-23
ORD-03746,East,Box Truck,Fog,665,2022-02-12,No,2022-02-15,2022-02-19
ORD-03747,West,Box Truck,Clear,531,2022-09-04,No,2022-09-06,2022-09-06
ORD-03748,West,Van,Clear,762,2022-05-31,No,2022-06-03,2022-06-03
ORD-03749,North,Van,Clear,997,2023-08-22,,2023-08-26,2023-08-26
ORD-03750,South,Semi-Trailer,Clear,1015,2022-04-18,No,2022-04-22,2022-04-23
ORD-03751,East,Van,Clear,22,2022-10-09,No,2022-10-10,2022-10-12
ORD-03752,North,Van,Clear,263,2023-11-27,No,2023-11-28,2023-11-28
ORD-03753,North,Van,Rain,90,2023-03-06,No,2023-03-07,2023-03-07
ORD-03754,North,Box Truck,Clear,382,2023-01-07,No,2023-01-09,2023-01-12
ORD-03755,West,Van,Clear,403,2023-05-20,No,2023-05-22,2023-05-22
ORD-03756,East,Van,Clear,427,2022-12-31,No,2023-01-02,2023-01-02
ORD-03757,East,Van,Snow,1092,2023-10-19,No,2023-10-23,2023-10-28
ORD-03758,South,Semi-Trailer,Rain,137,2023-05-03,No,2023-05-04,2023-05-04
ORD-03759,East,Van,Clear,826,2023-06-23,No,2023-06-26,2023-06-26
ORD-03760,East,Box Truck,Clear,783,2022-07-07,No,2022-07-10,2022-07-10
ORD-03761,North,Semi-Trailer,Fog,1366,2023-10-12,No,2023-10-17,2023-10-21
ORD-03762,South,Van,Clear,901,2022-06-05,No,2022-06-09,2022-06-09
ORD-03763,East,Semi-Trailer,Clear,291,2023-10-18,No,2023-10-19,2023-10-20
ORD-03764,West,Semi-Trailer,Clear,216,2022-12-08,Yes,2022-12-09,2022-12-09
ORD-03765,East,Semi-Trailer,Clear,1305,2023-06-06,Yes,2023-06-11,2023-06-11
ORD-03766,North,Van,Fog,1342,2022-01-17,No,2022-01-22,2022-01-23
ORD-03767,West,Box Truck,Fog,412,2023-12-06,No,2023-12-08,2023-12-12
ORD-03768,North,Box Truck,Rain,1208,2022-05-24,No,2022-05-29,2022-05-29
ORD-03769,East,Semi-Trailer,Clear,227,2022-04-10,No,2022-04-11,2022-04-11
ORD-03770,West,Van,Clear,335,2023-11-16,No,2023-11-18,2023-11-18
ORD-03771,South,Box Truck,Clear,765,2023-12-09,No,2023-12-12,2023-12-12
ORD-03772,South,Van,Fog,1286,2023-01-02,No,2023-01-07,2023-01-10
ORD-03773,West,Van,Rain,1487,2023-04-06,No,2023-04-11,2023-04-14
ORD-03774,West,Van,Clear,1222,2023-10-16,No,2023-10-21,2023-10-21
ORD-03775,North,Box Truck,Clear,1476,2022-09-16,No,2022-09-21,2022-09-21
ORD-03776,West,Van,Clear,1021,2023-03-03,No,2023-03-07,2023-03-07
ORD-03777,North,Box Truck,Fog,139,2023-08-10,Yes,2023-08-11,2023-08-13
ORD-03778,East,Semi-Trailer,Clear,12,2023-06-23,No,2023-06-24,2023-06-25
ORD-03779,North,Van,Clear,1384,2023-12-22,No,2023-12-27,2023-12-27
ORD-03780,West,Box Truck,Clear,564,2023-03-05,No,2023-03-07,2023-03-07
ORD-03781,West,Van,Clear,1166,2022-12-12,No,2022-12-16,2022-12-16
ORD-03782,East,Van,Fog,275,2022-11-05,No,2022-11-06,2022-11-10
ORD-03783,West,Box Truck,Fog,932,2023-06-18,No,2023-06-22,2023-06-26
ORD-03784,West,Semi-Trailer,Fog,33,2023-05-22,No,2023-05-23,2023-05-27
ORD-03785,South,Box Truck,Rain,543,2023-10-04,No,2023-10-06,2023-10-06
ORD-03786,South,Box Truck,Clear,12,2022-04-26,No,2022-04-27,2022-04-27
ORD-03787,East,Van,Clear,889,2022-07-11,,2022-07-14,2022-07-14
ORD-03788,North,Van,Clear,436,2023-01-19,No,2023-01-21,2023-01-21
ORD-03789,South,Box Truck,Rain,13,2022-06-15,No,2022-06-16,2022-06-16
ORD-03790,North,Van,Clear,817,2023-04-10,No,2023-04-13,2023-04-14
ORD-03791,West,Van,Rain,793,2023-12-07,No,2023-12-10,2023-12-10
ORD-03792,South,Box Truck,Clear,512,2023-05-28,No,2023-05-30,2023-05-30
ORD-03793,East,Van,Clear,241,2023-11-09,No,2023-11-10,2023-11-10
ORD-03794,East,Van,Snow,882,2023-06-19,No,2023-06-22,2023-06-24
ORD-03795,East,Box Truck,Fog,759,2022-04-17,No,2022-04-20,2022-04-23
ORD-03796,South,Box Truck,Clear,81,2023-11-01,No,2023-11-02,2023-11-05
ORD-03797,North,Semi-Trailer,Clear,97,2022-01-07,,2022-01-08,2022-01-08
ORD-03798,West,Box Truck,Fog,537,2023-11-07,No,2023-11-09,2023-11-10
ORD-03799,North,Van,Rain,895,2023-03-18,No,2023-03-21,2023-03-21
ORD-03800,North,Semi-Trailer,Clear,612,2022-01-20,No,2022-01-23,2022-01-23
ORD-03801,West,Box Truck,Clear,459,2023-01-29,No,2023-01-31,2023-01-31
ORD-03802,West,Van,Clear,448,2022-04-26,No,2022-04-28,2022-04-28
ORD-03803,South,Van,Clear,1468,2022-02-25,No,2022-03-02,2022-03-02
ORD-03804,South,Box Truck,Snow,1117,2022-04-02,No,2022-04-06,2022-04-07
ORD-03805,South,Box Truck,Clear,1372,2023-03-07,No,2023-03-12,2023-03-12
ORD-03806,South,Box Truck,Clear,135,2022-03-08,No,2022-03-09,2022-03-10
ORD-03807,South,Box Truck,Clear,572,2022-08-18,No,2022-08-20,2022-08-22
ORD-03808,West,Box Truck,Clear,1051,2023-04-14,Yes,2023-04-18,2023-04-21
ORD-03809,North,Semi-Trailer,Clear,858,2022-07-29,No,2022-08-01,2022-08-01
ORD-03810,South,Box Truck,Clear,874,2022-07-20,No,2022-07-23,2022-07-23
ORD-03811,South,Van,Clear,933,2023-10-10,No,2023-10-14,2023-10-14
ORD-03812,North,Semi-Trailer,Clear,354,2022-08-22,No,2022-08-24,2022-08-25
ORD-03813,South,Van,Clear,477,2023-09-05,No,2023-09-07,2023-09-07
ORD-03814,North,Box Truck,Clear,990,2023-04-07,No,2023-04-11,2023-04-11
ORD-03815,North,Semi-Trailer,Rain,150,2023-01-03,No,2023-01-04,2023-01-07
ORD-03816,West,Box Truck,Clear,1039,2022-03-28,No,2022-04-01,2022-04-01
ORD-03817,East,Box Truck,Clear,678,2022-03-22,No,2022-03-25,2022-03-25
ORD-03818,West,Van,Clear,640,2023-05-03,No,2023-05-06,2023-05-06
ORD-03819,East,Van,Fog,1098,2022-05-15,No,2022-05-19,2022-05-20
ORD-03820,East,Van,Fog,1089,2022-04-23,No,2022-04-27,2022-04-29
ORD-03821,East,Box Truck,Clear,807,2023-06-16,No,2023-06-19,2023-06-21
ORD-03822,South,Box Truck,Rain,1129,2023-03-03,No,2023-03-07,2023-03-10
ORD-03823,West,Box Truck,Clear,964,2023-12-25,No,2023-12-29,2023-12-29
ORD-03824,East,Van,Clear,224,2022-01-31,No,2022-02-01,2022-02-01
ORD-03825,North,Van,Clear,752,2023-11-10,Yes,2023-11-13,2023-11-13
ORD-03826,South,Box Truck,Clear,67,2023-10-05,No,2023-10-06,2023-10-06
ORD-03827,West,Van,Clear,915,2023-02-14,No,2023-02-18,2023-02-18
ORD-03828,East,Box Truck,Rain,414,2022-02-07,No,2022-02-09,2022-02-10
ORD-03829,North,Box Truck,Rain,1217,2023-03-06,No,2023-03-11,2023-03-11
ORD-03830,West,Box Truck,Clear,1315,2023-12-19,Yes,2023-12-24,2023-12-27
ORD-03831,West,Van,Clear,730,2023-04-17,No,2023-04-20,2023-04-20
ORD-03832,South,Semi-Trailer,Clear,1196,2022-04-06,No,2022-04-10,2022-04-10
ORD-03833,West,Van,Clear,1122,2022-11-07,No,2022-11-11,2022-11-12
ORD-03834,South,Semi-Trailer,Fog,792,2022-02-06,No,2022-02-09,
ORD-03835,East,Van,Rain,106,2022-11-08,,2022-11-09,2022-11-09
ORD-03836,South,Van,Fog,596,2022-09-13,No,2022-09-15,2022-09-17
ORD-03837,North,Semi-Trailer,Rain,1121,2023-09-16,No,2023-09-20,2023-09-22
ORD-03838,South,Van,Clear,527,2023-10-20,No,2023-10-22,2023-10-22
ORD-03839,North,Box Truck,Clear,677,2022-10-06,No,2022-10-09,2022-10-09
ORD-03840,South,Semi-Trailer,Clear,1096,2023-01-10,No,2023-01-14,2023-01-14
ORD-03841,West,Semi-Trailer,Clear,550,2023-10-20,,2023-10-22,2023-10-22
ORD-03842,East,Semi-Trailer,Snow,825,2023-04-26,No,2023-04-29,2023-05-02
ORD-03843,North,Van,Clear,200,2022-12-31,No,2023-01-01,2023-01-03
ORD-03844,South,Box Truck,Clear,926,2023-04-28,No,2023-05-02,2023-05-03
ORD-03845,South,Van,Rain,725,2023-07-18,No,2023-07-21,2023-07-21
ORD-03846,South,Van,Snow,1311,2022-12-26,No,2022-12-31,2023-01-07
ORD-03847,West,Semi-Trailer,Clear,548,2022-06-04,,2022-06-06,
ORD-03848,West,Van,Rain,94,2023-03-04,No,2023-03-05,2023-03-05
ORD-03849,North,Box Truck,Clear,1368,2022-11-10,No,2022-11-15,2022-11-15
ORD-03850,North,Box Truck,Clear,450,2022-09-09,No,2022-09-11,2022-09-11
ORD-03851,West,Box Truck,Clear,799,2022-01-01,,2022-01-04,2022-01-04
ORD-03852,North,Semi-Trailer,Clear,1205,2023-07-07,No,2023-07-12,2023-07-12
ORD-03853,East,Van,Rain,348,2023-12-27,No,2023-12-29,2023-12-29
ORD-03854,East,Box Truck,Clear,1262,2023-03-15,No,2023-03-20,2023-03-20
ORD-03855,West,Semi-Trailer,Rain,1212,2023-02-09,No,2023-02-14,2023-02-14
ORD-03856,North,Van,Snow,1280,2022-05-26,No,2022-05-31,2022-06-04
ORD-03857,South,Van,Clear,1013,2022-06-13,Yes,2022-06-17,2022-06-17
ORD-03858,East,Box Truck,Rain,683,2022-05-25,,2022-05-28,
ORD-03859,West,Van,Clear,739,2022-01-23,No,2022-01-26,2022-01-27
ORD-03860,North,Van,Clear,326,2023-09-02,No,2023-09-04,2023-09-04
ORD-03861,West,Semi-Trailer,Rain,1319,2022-08-05,No,2022-08-10,2022-08-10
ORD-03862,South,Box Truck,Rain,85,2023-12-08,No,2023-12-09,2023-12-09
ORD-03863,East,Semi-Trailer,Clear,983,2023-12-28,No,2024-01-01,2024-01-04
ORD-03864,West,Semi-Trailer,Fog,1008,2023-10-23,No,2023-10-27,2023-10-31
ORD-03865,West,Box Truck,Clear,1485,2022-10-08,No,2022-10-13,2022-10-13
ORD-03866,West,Van,Fog,213,2022-06-25,Yes,2022-06-26,2022-06-30
ORD-03867,South,Van,Clear,433,2023-09-02,No,2023-09-04,2023-09-04
ORD-03868,West,Van,Clear,202,2022-10-23,No,2022-10-24,2022-10-24
ORD-03869,South,Semi-Trailer,Clear,1326,2022-05-21,No,2022-05-26,2022-05-26
ORD-03870,South,Van,Clear,906,2022-03-23,,2022-03-27,2022-03-27
ORD-03871,South,Van,Clear,790,2023-04-15,No,2023-04-18,2023-04-18
ORD-03872,East,Box Truck,Rain,1446,2023-09-22,No,2023-09-27,2023-09-27
ORD-03873,East,Van,Clear,1472,2022-09-18,No,2022-09-23,2022-09-23
ORD-03874,West,Van,Clear,310,2023-10-06,,2023-10-08,2023-10-08
ORD-03875,West,Box Truck,Clear,269,2023-07-13,No,2023-07-14,2023-07-14
ORD-03876,East,Van,Clear,1225,2023-05-03,No,2023-05-08,2023-05-08
ORD-03877,North,Van,Rain,1304,2022-05-21,No,2022-05-26,
ORD-03878,East,Van,Rain,1013,2023-01-05,No,2023-01-09,2023-01-09
ORD-03879,South,Box Truck,Fog,625,2023-03-05,No,2023-03-08,2023-03-09
ORD-03880,East,Box Truck,Clear,441,2023-06-03,No,2023-06-05,2023-06-05
ORD-03881,South,Van,Clear,725,2023-04-04,No,2023-04-07,2023-04-07
ORD-03882,West,Box Truck,Clear,705,2023-01-04,No,2023-01-07,2023-01-08
ORD-03883,North,Van,Fog,1250,2022-05-20,No,2022-05-25,2022-05-27
ORD-03884,West,Semi-Trailer,Rain,1124,2023-07-08,No,2023-07-12,2023-07-12
ORD-03885,South,Van,Clear,207,2023-12-04,No,2023-12-05,2023-12-05
ORD-03886,South,Box Truck,Clear,992,2022-03-23,No,2022-03-27,2022-03-27
ORD-03887,South,Semi-Trailer,Rain,1432,2022-10-16,,2022-10-21,2022-10-21
ORD-03888,North,Semi-Trailer,Rain,48,2022-07-02,No,2022-07-03,2022-07-04
ORD-03889,East,Van,Snow,718,2022-10-05,Yes,2022-10-08,2022-10-09
ORD-03890,West,Van,Clear,480,2023-08-07,No,2023-08-09,2023-08-09
ORD-03891,West,Box Truck,Fog,88,2022-11-05,No,2022-11-06,2022-11-10
ORD-03892,East,Van,Clear,738,2023-03-22,No,2023-03-25,2023-03-26
ORD-03893,West,Semi-Trailer,Fog,1127,2022-04-19,No,2022-04-23,2022-04-24
ORD-03894,North,Box Truck,Snow,693,2022-10-06,No,2022-10-09,2022-10-10
ORD-03895,West,Box Truck,Rain,52,2023-02-07,No,2023-02-08,2023-02-08
ORD-03896,South,Van,Rain,141,2022-01-07,No,2022-01-08,2022-01-08
ORD-03897,East,Box Truck,Clear,86,2023-03-07,No,2023-03-08,2023-03-08
ORD-03898,North,Box Truck,Clear,1265,2022-12-22,No,2022-12-27,2022-12-27
ORD-03899,East,Semi-Trailer,Clear,48,2022-07-21,Yes,2022-07-22,2022-07-22
ORD-03900,North,Van,Clear,160,2023-04-30,No,2023-05-01,2023-05-01
ORD-03901,South,Van,Clear,985,2022-10-08,No,2022-10-12,2022-10-12
ORD-03902,East,Van,Clear,1452,2023-08-07,No,2023-08-12,2023-08-12
ORD-03903,West,Van,Snow,1219,2022-06-10,No,2022-06-15,2022-06-16
ORD-03904,North,Box Truck,Clear,327,2022-09-27,No,2022-09-29,2022-09-29
ORD-03905,East,Semi-Trailer,Rain,1497,2023-09-27,No,2023-10-02,2023-10-02
ORD-03906,West,Van,Rain,1465,2022-08-31,No,2022-09-05,2022-09-06
ORD-03907,East,Semi-Trailer,Clear,1168,2022-12-16,No,2022-12-20,2022-12-20
ORD-03908,East,Van,Clear,1302,2022-04-08,,2022-04-13,2022-04-13
ORD-03909,East,Van,Clear,446,2022-07-25,No,2022-07-27,2022-07-28
ORD-03910,North,Van,Rain,636,2022-12-15,No,2022-12-18,2022-12-18
ORD-03911,West,Van,Clear,560,2022-04-01,No,2022-04-03,2022-04-04
ORD-03912,South,Semi-Trailer,Clear,349,2023-05-30,,2023-06-01,2023-06-01
ORD-03913,North,Van,Snow,1275,2023-03-13,No,2023-03-18,2023-03-21
ORD-03914,North,Box Truck,Clear,1254,2023-04-17,No,2023-04-22,2023-04-24
ORD-03915,North,Van,Rain,667,2023-09-16,No,2023-09-19,
ORD-03916,South,Semi-Trailer,Clear,927,2022-02-01,No,2022-02-05,2022-02-05
ORD-03917,West,Van,Rain,370,2023-06-16,No,2023-06-18,2023-06-18
ORD-03918,West,Van,Fog,1005,2023-11-06,No,2023-11-10,2023-11-13
ORD-03919,West,Van,Rain,780,2023-04-01,,2023-04-04,2023-04-05
ORD-03920,East,Van,Clear,199,2023-04-01,No,2023-04-02,2023-04-02
ORD-03921,East,Van,Clear,422,2023-01-05,No,2023-01-07,2023-01-07
ORD-03922,East,Semi-Trailer,Snow,338,2023-03-29,No,2023-03-31,2023-04-01
ORD-03923,South,Box Truck,Clear,1255,2023-12-03,No,2023-12-08,2023-12-08
ORD-03924,East,Box Truck,Clear,101,2023-03-10,No,2023-03-11,2023-03-11
ORD-03925,South,Box Truck,Rain,449,2023-06-18,No,2023-06-20,2023-06-21
ORD-03926,West,Van,Clear,1139,2022-01-05,No,2022-01-09,2022-01-09
ORD-03927,East,Van,Clear,254,2023-02-23,No,2023-02-24,2023-02-24
ORD-03928,East,Semi-Trailer,Fog,1338,2022-07-08,No,2022-07-13,2022-07-15
ORD-03929,North,Semi-Trailer,Clear,918,2022-12-21,No,2022-12-25,2022-12-25
ORD-03930,South,Semi-Trailer,Clear,842,2023-05-21,No,2023-05-24,2023-05-24
ORD-03931,West,Semi-Trailer,Rain,106,2022-07-09,No,2022-07-10,2022-07-10
ORD-03932,North,Van,Snow,947,2023-02-16,No,2023-02-20,2023-02-21
ORD-03933,North,Van,Clear,963,2023-03-12,No,2023-03-16,2023-03-17
ORD-03934,West,Van,Rain,1299,2023-05-10,No,2023-05-15,2023-05-15
ORD-03935,North,Van,Rain,584,2023-05-16,No,2023-05-18,2023-05-18
ORD-03936,South,Van,Clear,112,2023-08-23,,2023-08-24,2023-08-25
ORD-03937,South,Van,Clear,1287,2023-12-21,Yes,2023-12-26,2023-12-26
ORD-03938,East,Box Truck,Clear,1488,2022-08-28,No,2022-09-02,2022-09-02
ORD-03939,North,Semi-Trailer,Rain,838,2022-01-20,No,2022-01-23,2022-01-23
ORD-03940,East,Box Truck,Snow,522,2022-10-16,No,2022-10-18,2022-10-20
ORD-03941,North,Semi-Trailer,Clear,675,2022-09-22,No,2022-09-25,2022-09-25
ORD-03942,South,Van,Snow,1294,2022-03-27,No,2022-04-01,2022-04-05
ORD-03943,South,Van,Rain,44,2023-07-20,No,2023-07-21,2023-07-21
ORD-03944,South,Box Truck,Clear,1414,2023-05-06,No,2023-05-11,2023-05-11
ORD-03945,North,Van,Rain,406,2023-01-11,No,2023-01-13,2023-01-13
ORD-03946,South,Van,Clear,36,2022-03-29,No,2022-03-30,2022-03-30
ORD-03947,North,Van,Fog,315,2023-08-26,No,2023-08-28,2023-09-02
ORD-03948,East,Van,Clear,708,2023-06-02,No,2023-06-05,2023-06-05
ORD-03949,North,Box Truck,Rain,590,2022-06-01,No,2022-06-03,2022-06-05
ORD-03950,East,Van,Rain,174,2022-11-22,Yes,2022-11-23,2022-11-23
ORD-03951,North,Box Truck,Clear,1291,2022-04-21,No,2022-04-26,2022-04-27
ORD-03952,East,Box Truck,Snow,111,2022-03-09,No,2022-03-10,2022-03-11
ORD-03953,South,Van,Rain,464,2022-09-16,No,2022-09-18,2022-09-21
ORD-03954,East,Van,Fog,202,2022-01-10,No,2022-01-11,2022-01-13
ORD-03955,South,Van,Clear,925,2022-03-22,No,2022-03-26,2022-03-26
ORD-03956,South,Van,Clear,907,2023-10-20,No,2023-10-24,2023-10-24
ORD-03957,East,Box Truck,Fog,819,2023-12-08,No,2023-12-11,2023-12-14
ORD-03958,North,Box Truck,Rain,308,2023-12-05,Yes,2023-12-07,2023-12-07
ORD-03959,North,Box Truck,Rain,30,2022-05-31,No,2022-06-01,2022-06-01
ORD-03960,West,Van,Fog,54,2022-01-04,No,2022-01-05,2022-01-09
ORD-03961,North,Box Truck,Clear,505,2023-12-30,No,2024-01-01,2024-01-01
ORD-03962,West,Box Truck,Clear,692,2022-08-24,No,2022-08-27,2022-08-27
ORD-03963,North,Van,Clear,232,2022-03-24,Yes,2022-03-25,2022-03-25
ORD-03964,North,Box Truck,Rain,308,2022-02-16,No,2022-02-18,2022-02-18
ORD-03965,South,Van,Snow,1057,2023-02-23,No,2023-02-27,2023-03-03
ORD-03966,West,Box Truck,Fog,1371,2022-07-23,No,2022-07-28,2022-07-30
ORD-03967,North,Box Truck,Clear,1117,2023-10-19,No,2023-10-23,2023-10-23
ORD-03968,West,Van,Rain,1093,2023-02-16,No,2023-02-20,2023-02-20
ORD-03969,South,Box Truck,Fog,297,2022-02-11,No,2022-02-12,2022-02-15
ORD-03970,South,Van,Rain,526,2023-02-17,,2023-02-19,2023-02-21
ORD-03971,West,Van,Clear,907,2022-06-12,No,2022-06-16,2022-06-16
ORD-03972,South,Semi-Trailer,Rain,163,2023-07-27,No,2023-07-28,2023-07-29
ORD-03973,East,Semi-Trailer,Fog,290,2023-06-02,No,2023-06-03,2023-06-05
ORD-03974,East,Van,Fog,443,2023-10-25,No,2023-10-27,2023-10-29
ORD-03975,South,Van,Rain,351,2022-07-14,No,2022-07-16,2022-07-16
ORD-03976,East,Van,Snow,95,2022-12-27,No,2022-12-28,2022-12-29
ORD-03977,North,Van,Clear,788,2022-05-18,No,2022-05-21,2022-05-21
ORD-03978,West,Semi-Trailer,Clear,200,2022-07-26,No,2022-07-27,2022-07-27
ORD-03979,North,Semi-Trailer,Fog,1285,2023-07-09,No,2023-07-14,2023-07-18
ORD-03980,West,Box Truck,Clear,1101,2022-03-08,No,2022-03-12,2022-03-12
ORD-03981,South,Van,Clear,1179,2023-12-17,No,2023-12-21,
ORD-03982,North,Box Truck,Clear,1000,2023-08-15,No,2023-08-19,2023-08-19
ORD-03983,South,Van,Clear,885,2023-11-11,No,2023-11-14,2023-11-14
ORD-03984,South,Semi-Trailer,Rain,671,2023-04-28,No,2023-05-01,2023-05-01
ORD-03985,West,Semi-Trailer,Clear,583,2022-08-17,No,2022-08-19,2022-08-19
ORD-03986,West,Box Truck,Fog,1288,2023-11-15,,2023-11-20,2023-11-26
ORD-03987,West,Van,Fog,140,2022-09-06,No,2022-09-07,2022-09-11
ORD-03988,North,Van,Clear,848,2022-07-18,No,2022-07-21,2022-07-21
ORD-03989,East,Van,Clear,968,2023-08-31,No,2023-09-04,2023-09-04
ORD-03990,West,Semi-Trailer,Rain,1410,2022-06-13,No,2022-06-18,2022-06-20
ORD-03991,West,Van,Rain,1232,2022-05-21,No,2022-05-26,2022-05-26
ORD-03992,North,Van,Clear,848,2022-08-26,No,2022-08-29,2022-08-29
ORD-03993,West,Van,Clear,230,2022-02-10,No,2022-02-11,2022-02-11
ORD-03994,North,Semi-Trailer,Clear,1443,2022-12-12,No,2022-12-17,2022-12-18
ORD-03995,South,Van,Clear,652,2023-11-18,No,2023-11-21,2023-11-21
ORD-03996,West,Semi-Trailer,Clear,1204,2023-08-27,No,2023-09-01,2023-09-01
ORD-03997,West,Semi-Trailer,Rain,1178,2022-06-20,No,2022-06-24,2022-06-24
ORD-03998,South,Semi-Trailer,Rain,497,2022-01-07,No,2022-01-09,2022-01-09
ORD-03999,South,Van,Rain,861,2022-02-26,No,2022-03-01,2022-03-01
ORD-04000,South,Van,Clear,363,2023-09-14,No,2023-09-16,2023-09-16
ORD-04001,West,Van,Rain,1214,2022-03-11,No,2022-03-16,2022-03-16
ORD-04002,East,Van,Clear,957,2023-02-24,No,2023-02-28,2023-02-28
ORD-04003,East,Van,Clear,170,2023-08-11,No,2023-08-12,2023-08-12
ORD-04004,East,Box Truck,Rain,473,2022-04-07,No,2022-04-09,2022-04-09
ORD-04005,West,Van,Rain,1093,2022-07-10,No,2022-07-14,2022-07-15
ORD-04006,South,Semi-Trailer,Clear,224,2023-11-07,No,2023-11-08,2023-11-08
ORD-04007,West,Van,Rain,589,2023-02-26,,2023-02-28,2023-02-28
ORD-04008,South,Box Truck,Fog,1225,2023-08-16,,2023-08-21,2023-08-25
ORD-04009,West,Box Truck,Clear,497,2022-10-10,No,2022-10-12,2022-10-12
ORD-04010,West,Box Truck,Rain,234,2023-11-16,No,2023-11-17,2023-11-17
ORD-04011,South,Semi-Trailer,Fog,1425,2023-08-09,No,2023-08-14,2023-08-16
ORD-04012,East,Box Truck,Rain,718,2022-09-09,No,2022-09-12,2022-09-12
ORD-04013,South,Semi-Trailer,Clear,170,2023-03-13,No,2023-03-14,2023-03-15
ORD-04014,North,Van,Clear,464,2023-02-04,No,2023-02-06,2023-02-09
ORD-04015,North,Box Truck,Clear,1144,2023-03-01,No,2023-03-05,2023-03-05
ORD-04016,South,Van,Clear,1092,2022-06-15,No,2022-06-19,2022-06-19
ORD-04017,West,Van,Rain,554,2022-01-03,No,2022-01-05,
ORD-04018,North,Van,Clear,38,2022-05-20,No,2022-05-21,2022-05-21
ORD-04019,North,Van,Fog,776,2023-07-08,No,2023-07-11,2023-07-12
ORD-04020,West,Van,Clear,194,2023-01-16,No,2023-01-17,2023-01-19
ORD-04021,West,Van,Rain,1257,2023-10-20,No,2023-10-25,2023-10-25
ORD-04022,East,Van,Clear,366,2022-02-25,No,2022-02-27,2022-02-27
ORD-04023,West,Semi-Trailer,Clear,501,2023-08-21,No,2023-08-23,2023-08-23
ORD-04024,South,Van,Snow,742,2022-02-17,No,2022-02-20,2022-02-24
ORD-04025,South,Box Truck,Clear,587,2022-03-12,No,2022-03-14,2022-03-14
ORD-04026,East,Van,Clear,123,2023-02-16,No,2023-02-17,2023-02-17
ORD-04027,North,Semi-Trailer,Clear,387,2023-04-14,No,2023-04-16,2023-04-16
ORD-04028,North,Semi-Trailer,Clear,1318,2023-02-05,No,2023-02-10,2023-02-12
ORD-04029,West,Box Truck,Rain,106,2022-08-02,No,2022-08-03,2022-08-03
ORD-04030,South,Box Truck,Fog,851,2022-11-20,No,2022-11-23,2022-11-30
ORD-04031,North,Van,Clear,133,2023-10-19,No,2023-10-20,2023-10-21
ORD-04032,East,Semi-Trailer,Clear,165,2023-02-16,No,2023-02-17,2023-02-17
ORD-04033,East,Semi-Trailer,Rain,119,2023-12-25,No,2023-12-26,2023-12-26
ORD-04034,South,Semi-Trailer,Fog,62,2023-10-30,No,2023-10-31,2023-11-04
ORD-04035,East,Box Truck,Fog,1207,2023-05-02,No,2023-05-07,2023-05-11
ORD-04036,East,Van,Rain,597,2023-03-16,Yes,2023-03-18,2023-03-18
ORD-04037,South,Semi-Trailer,Clear,1347,2022-02-12,No,2022-02-17,2022-02-17
ORD-04038,West,Van,Clear,735,2022-10-01,No,2022-10-04,2022-10-07
ORD-04039,West,Box Truck,Clear,1423,2022-09-25,No,2022-09-30,2022-10-02
ORD-04040,East,Van,Clear,54,2023-06-13,No,2023-06-14,2023-06-14
ORD-04041,West,Semi-Trailer,Rain,945,2023-02-26,No,2023-03-02,
ORD-04042,West,Van,Rain,1150,2023-07-25,No,2023-07-29,2023-07-30
ORD-04043,East,Van,Rain,131,2022-07-04,No,2022-07-05,2022-07-05
ORD-04044,West,Box Truck,Clear,491,2023-10-22,,2023-10-24,2023-10-24
ORD-04045,East,Box Truck,Rain,1203,2022-07-31,No,2022-08-05,2022-08-05
ORD-04046,North,Box Truck,Clear,687,2022-07-06,No,2022-07-09,2022-07-09
ORD-04047,South,Van,Clear,1433,2023-11-14,No,2023-11-19,2023-11-19
ORD-04048,South,Van,Clear,509,2022-08-03,,2022-08-05,2022-08-05
ORD-04049,West,Box Truck,Snow,83,2022-08-17,No,2022-08-18,2022-08-22
ORD-04050,West,Semi-Trailer,Clear,980,2023-09-16,No,2023-09-20,2023-09-20
ORD-04051,West,Semi-Trailer,Snow,158,2023-09-25,No,2023-09-26,2023-09-30
ORD-04052,South,Van,Clear,901,2023-05-13,No,2023-05-17,2023-05-17
ORD-04053,North,Semi-Trailer,Clear,1094,2022-11-22,No,2022-11-26,2022-11-26
ORD-04054,North,Van,Fog,1087,2023-09-27,No,2023-10-01,2023-10-06
ORD-04055,South,Box Truck,Clear,1256,2022-02-16,No,2022-02-21,2022-02-21
ORD-04056,North,Van,Clear,482,2022-12-03,No,2022-12-05,2022-12-05
ORD-04057,South,Van,Clear,1349,2023-03-07,No,2023-03-12,2023-03-12
ORD-04058,North,Box Truck,Fog,179,2022-03-29,No,2022-03-30,2022-04-01
ORD-04059,East,Box Truck,Clear,710,2023-04-23,No,2023-04-26,2023-04-26
ORD-04060,East,Van,Clear,41,2022-09-09,,2022-09-10,2022-09-10
ORD-04061,South,Van,Clear,62,2022-08-31,No,2022-09-01,2022-09-01
ORD-04062,North,Van,Clear,949,2023-12-17,No,2023-12-21,2023-12-21
ORD-04063,West,Box Truck,Clear,148,2023-11-04,No,2023-11-05,2023-11-05
ORD-04064,North,Van,Rain,1407,2022-06-01,No,2022-06-06,2022-06-06
ORD-04065,East,Van,Rain,1080,2022-11-04,No,2022-11-08,2022-11-08
ORD-04066,East,Box Truck,Clear,99,2023-09-29,No,2023-09-30,2023-09-30
ORD-04067,North,Box Truck,Rain,837,2023-02-24,No,2023-02-27,2023-02-27
ORD-04068,North,Box Truck,Snow,45,2023-04-14,No,2023-04-15,2023-04-18
ORD-04069,West,Box Truck,Fog,1025,2022-08-12,No,2022-08-16,2022-08-19
ORD-04070,West,Semi-Trailer,Clear,938,2022-02-10,No,2022-02-14,2022-02-14
ORD-04071,North,Semi-Trailer,Clear,1258,2023-12-12,No,2023-12-17,2023-12-17
ORD-04072,North,Semi-Trailer,Snow,563,2023-03-27,,2023-03-29,2023-03-31
ORD-04073,North,Box Truck,Clear,749,2023-05-27,No,2023-05-30,2023-05-30
ORD-04074,North,Van,Clear,278,2022-05-16,No,2022-05-17,2022-05-18
ORD-04075,South,Semi-Trailer,Snow,919,2023-07-29,No,2023-08-02,2023-08-03
ORD-04076,North,Van,Clear,195,2022-09-22,No,2022-09-23,2022-09-23
ORD-04077,West,Van,Clear,1404,2022-10-19,No,2022-10-24,2022-10-24
ORD-04078,East,Van,Clear,878,2022-11-29,No,2022-12-02,2022-12-02
ORD-04079,South,Van,Snow,1268,2023-11-20,No,2023-11-25,2023-11-27
ORD-04080,North,Semi-Trailer,Clear,1155,2023-04-09,No,2023-04-13,2023-04-15
ORD-04081,East,Box Truck,Snow,433,2022-01-19,No,2022-01-21,2022-01-25
ORD-04082,South,Box Truck,Rain,842,2022-03-12,No,2022-03-15,2022-03-17
ORD-04083,East,Box Truck,Clear,1422,2022-08-02,,2022-08-07,2022-08-07
ORD-04084,North,Van,Clear,935,2022-06-27,No,2022-07-01,2022-07-01
ORD-04085,North,Van,Clear,1150,2022-09-20,No,2022-09-24,2022-09-24
ORD-04086,West,Box Truck,Rain,1499,2023-06-02,No,2023-06-07,2023-06-08
ORD-04087,North,Box Truck,Clear,1462,2022-07-17,No,2022-07-22,2022-07-22
ORD-04088,North,Van,Fog,878,2022-06-28,No,2022-07-01,2022-07-02
ORD-04089,South,Box Truck,Clear,1025,2022-02-06,No,2022-02-10,2022-02-10
ORD-04090,West,Van,Clear,451,2022-04-11,No,2022-04-13,2022-04-13
ORD-04091,South,Van,Clear,48,2023-06-18,No,2023-06-19,2023-06-19
ORD-04092,East,Van,Rain,917,2023-09-07,No,2023-09-11,2023-09-12
ORD-04093,North,Van,Clear,1195,2022-12-14,No,2022-12-18,2022-12-19
ORD-04094,East,Semi-Trailer,Clear,175,2022-03-30,No,2022-03-31,2022-03-31
ORD-04095,South,Semi-Trailer,Snow,1478,2022-02-14,No,2022-02-19,2022-02-20
ORD-04096,North,Van,Clear,452,2022-11-17,No,2022-11-19,2022-11-20
ORD-04097,North,Box Truck,Clear,340,2022-05-10,No,2022-05-12,2022-05-12
ORD-04098,South,Box Truck,Rain,1002,2023-06-19,No,2023-06-23,2023-06-23
ORD-04099,South,Van,Rain,1368,2022-12-15,No,2022-12-20,2022-12-21
ORD-04100,South,Van,Clear,1145,2022-12-04,No,2022-12-08,2022-12-09
ORD-04101,South,Semi-Trailer,Clear,723,2022-01-06,No,2022-01-09,2022-01-09
ORD-04102,South,Box Truck,Snow,844,2022-12-20,No,2022-12-23,2022-12-26
ORD-04103,North,Semi-Trailer,Clear,148,2023-09-03,No,2023-09-04,2023-09-04
ORD-04104,South,Van,Rain,1199,2022-03-22,No,2022-03-26,2022-03-26
ORD-04105,North,Box Truck,Clear,1447,2022-07-05,No,2022-07-10,2022-07-10
ORD-04106,North,Van,Clear,1202,2022-12-02,No,2022-12-07,2022-12-07
ORD-04107,South,Van,Clear,778,2022-01-12,No,2022-01-15,2022-01-17
ORD-04108,South,Box Truck,Clear,133,2023-01-22,No,2023-01-23,2023-01-23
ORD-04109,West,Van,Rain,891,2022-07-29,No,2022-08-01,2022-08-02
ORD-04110,North,Van,Clear,770,2023-07-31,No,2023-08-03,2023-08-03
ORD-04111,South,Van,Clear,1131,2022-05-11,No,2022-05-15,2022-05-18
ORD-04112,South,Van,Fog,1093,2023-10-27,No,2023-10-31,2023-11-05
ORD-04113,South,Box Truck,Clear,1052,2022-11-03,No,2022-11-07,2022-11-07
ORD-04114,West,Van,Snow,1157,2023-10-13,No,2023-10-17,2023-10-20
ORD-04115,West,Van,Fog,235,2023-07-22,No,2023-07-23,2023-07-27
ORD-04116,East,Van,Fog,621,2023-04-09,No,2023-04-12,2023-04-13
ORD-04117,North,Van,Snow,333,2023-08-11,No,2023-08-13,2023-08-15
ORD-04118,East,Box Truck,Clear,1050,2023-08-11,No,2023-08-15,2023-08-15
ORD-04119,South,Van,Fog,1113,2022-06-13,No,2022-06-17,2022-06-19
ORD-04120,West,Box Truck,Snow,606,2022-10-25,No,2022-10-28,2022-11-01
ORD-04121,West,Van,Snow,1489,2023-08-09,No,2023-08-14,2023-08-15
ORD-04122,East,Van,Clear,550,2022-12-12,No,2022-12-14,2022-12-14
ORD-04123,West,Semi-Trailer,Fog,655,2023-09-20,No,2023-09-23,2023-09-26
ORD-04124,South,Box Truck,Rain,999,2022-10-13,No,2022-10-17,2022-10-17
ORD-04125,West,Van,Rain,715,2022-09-30,No,2022-10-03,2022-10-03
ORD-04126,East,Semi-Trailer,Clear,640,2023-02-17,No,2023-02-20,2023-02-20
ORD-04127,South,Van,Clear,1411,2022-11-30,No,2022-12-05,2022-12-05
ORD-04128,East,Semi-Trailer,Fog,888,2022-06-06,No,2022-06-09,2022-06-13
ORD-04129,West,Box Truck,Clear,200,2022-04-11,No,2022-04-12,2022-04-12
ORD-04130,East,Box Truck,Clear,864,2023-02-20,No,2023-02-23,2023-02-23
ORD-04131,East,Semi-Trailer,Snow,500,2023-07-02,No,2023-07-04,2023-07-08
ORD-04132,North,Van,Clear,414,2023-05-28,No,2023-05-30,2023-05-30
ORD-04133,West,Box Truck,Clear,1305,2023-08-15,No,2023-08-20,2023-08-21
ORD-04134,West,Van,Clear,884,2023-09-05,Yes,2023-09-08,2023-09-08
ORD-04135,East,Van,Clear,439,2022-11-09,No,2022-11-11,2022-11-14
ORD-04136,North,Van,Clear,529,2023-04-22,No,2023-04-24,2023-04-24
ORD-04137,West,Van,Clear,902,2022-12-05,,2022-12-09,2022-12-09
ORD-04138,South,Box Truck,Clear,1417,2023-01-14,No,2023-01-19,2023-01-19
ORD-04139,East,Box Truck,Rain,830,2022-10-04,No,2022-10-07,2022-10-07
ORD-04140,West,Box Truck,Fog,896,2022-10-26,No,2022-10-29,2022-10-31
ORD-04141,South,Van,Clear,1225,2023-01-27,No,2023-02-01,2023-02-01
ORD-04142,West,Van,Clear,444,2022-07-11,No,2022-07-13,2022-07-15
ORD-04143,South,Semi-Trailer,Clear,72,2023-08-30,No,2023-08-31,2023-08-31
ORD-04144,East,Van,Snow,1249,2023-10-30,No,2023-11-04,2023-11-08
ORD-04145,West,Box Truck,Fog,143,2022-06-02,Yes,2022-06-03,2022-06-04
ORD-04146,West,Box Truck,Clear,967,2023-03-19,,2023-03-23,2023-03-23
ORD-04147,North,Box Truck,Clear,628,2022-01-28,No,2022-01-31,2022-02-01
ORD-04148,East,Box Truck,Rain,1194,2023-07-25,No,2023-07-29,2023-07-29
ORD-04149,South,Semi-Trailer,Rain,1291,2023-08-04,No,2023-08-09,2023-08-09
ORD-04150,West,Van,Clear,434,2023-07-16,No,2023-07-18,2023-07-18
ORD-04151,West,Semi-Trailer,Rain,367,2023-08-14,No,2023-08-16,2023-08-16
ORD-04152,South,Van,Rain,1408,2023-10-16,No,2023-10-21,2023-10-21
ORD-04153,East,Van,Fog,1042,2023-12-06,No,2023-12-10,2023-12-14
ORD-04154,North,Van,Clear,1020,2023-01-10,No,2023-01-14,2023-01-14
ORD-04155,North,Box Truck,Fog,206,2022-07-18,No,2022-07-19,2022-07-23
ORD-04156,West,Van,Clear,1150,2023-01-18,No,2023-01-22,2023-01-22
ORD-04157,South,Van,Rain,1043,2023-07-04,No,2023-07-08,2023-07-08
ORD-04158,West,Van,Clear,871,2022-11-05,No,2022-11-08,2022-11-11
ORD-04159,South,Semi-Trailer,Clear,528,2023-05-22,No,2023-05-24,2023-05-24
ORD-04160,North,Semi-Trailer,Rain,358,2022-08-11,No,2022-08-13,2022-08-13
ORD-04161,East,Box Truck,Clear,1437,2022-11-20,Yes,2022-11-25,2022-11-25
ORD-04162,South,Box Truck,Clear,584,2023-11-10,No,2023-11-12,2023-11-12
ORD-04163,North,Van,Clear,1037,2022-01-16,No,2022-01-20,2022-01-22
ORD-04164,West,Van,Clear,337,2022-08-20,No,2022-08-22,2022-08-22
ORD-04165,South,Semi-Trailer,Clear,521,2023-02-27,,2023-03-01,2023-03-01
ORD-04166,East,Van,Fog,940,2023-10-26,No,2023-10-30,2023-11-01
ORD-04167,West,Van,Clear,139,2022-04-07,No,2022-04-08,2022-04-08
ORD-04168,West,Van,Clear,596,2023-01-21,No,2023-01-23,2023-01-23
ORD-04169,North,Van,Clear,493,2023-12-29,No,2023-12-31,
ORD-04170,South,Van,Clear,367,2022-01-27,No,2022-01-29,2022-01-29
ORD-04171,West,Box Truck,Clear,394,2023-08-13,No,2023-08-15,2023-08-15
ORD-04172,East,Van,Clear,263,2022-03-13,No,2022-03-14,2022-03-14
ORD-04173,South,Box Truck,Clear,844,2023-12-24,,2023-12-27,2023-12-30
ORD-04174,East,Van,Clear,1200,2023-08-28,No,2023-09-02,2023-09-02
ORD-04175,West,Van,Rain,805,2023-08-10,No,2023-08-13,2023-08-13
ORD-04176,East,Van,Rain,478,2022-06-18,,2022-06-20,2022-06-20
ORD-04177,North,Box Truck,Clear,502,2022-11-26,No,2022-11-28,2022-11-28
ORD-04178,East,Van,Clear,929,2022-03-05,,2022-03-09,2022-03-09
ORD-04179,South,Box Truck,Snow,1371,2023-12-12,No,2023-12-17,2023-12-19
ORD-04180,East,Box Truck,Clear,60,2022-07-04,No,2022-07-05,2022-07-05
ORD-04181,East,Box Truck,Fog,1089,2023-02-20,No,2023-02-24,2023-02-27
ORD-04182,North,Van,Clear,82,2023-12-13,No,2023-12-14,2023-12-14
ORD-04183,East,Van,Clear,609,2023-01-06,No,2023-01-09,2023-01-09
ORD-04184,East,Van,Rain,61,2023-02-25,No,2023-02-26,2023-02-26
ORD-04185,West,Box Truck,Snow,134,2023-11-09,No,2023-11-10,2023-11-14
ORD-04186,West,Van,Clear,271,2023-08-31,No,2023-09-01,
ORD-04187,South,Semi-Trailer,Clear,964,2022-06-08,No,2022-06-12,2022-06-12
ORD-04188,West,Semi-Trailer,Clear,339,2022-06-25,No,2022-06-27,2022-06-27
ORD-04189,West,Van,Fog,1356,2022-10-23,No,2022-10-28,2022-11-02
ORD-04190,West,Van,Rain,250,2023-12-21,No,2023-12-22,2023-12-25
ORD-04191,West,Box Truck,Clear,1318,2022-06-22,No,2022-06-27,2022-06-27
ORD-04192,North,Van,Clear,1297,2023-12-20,Yes,2023-12-25,2023-12-25
ORD-04193,West,Van,Clear,1332,2023-08-22,No,2023-08-27,2023-08-27
ORD-04194,North,Semi-Trailer,Clear,1238,2022-04-21,No,2022-04-26,2022-04-26
ORD-04195,North,Van,Clear,300,2022-07-16,No,2022-07-18,2022-07-18
ORD-04196,West,Semi-Trailer,Rain,220,2023-10-03,No,2023-10-04,2023-10-04
ORD-04197,East,Box Truck,Clear,1399,2023-12-30,No,2024-01-04,2024-01-04
ORD-04198,North,Box Truck,Clear,1497,2023-02-13,No,2023-02-18,2023-02-18
ORD-04199,East,Van,Rain,728,2023-02-16,No,2023-02-19,2023-02-20
ORD-04200,East,Van,Clear,331,2022-04-02,Yes,2022-04-04,
ORD-04201,West,Box Truck,Clear,367,2023-10-26,No,2023-10-28,2023-10-28
ORD-04202,South,Van,Clear,926,2022-08-16,No,2022-08-20,2022-08-20
ORD-04203,West,Van,Clear,103,2022-10-21,No,2022-10-22,2022-10-22
ORD-04204,South,Van,Snow,720,2023-03-27,No,2023-03-30,2023-04-03
ORD-04205,South,Van,Rain,178,2023-01-19,Yes,2023-01-20,2023-01-20
ORD-04206,West,Van,Clear,1330,2023-05-06,No,2023-05-11,2023-05-11
ORD-04207,West,Box Truck,Clear,525,2022-02-16,No,2022-02-18,2022-02-18
ORD-04208,South,Van,Clear,107,2023-10-15,No,2023-10-16,2023-10-16
ORD-04209,West,Van,Clear,359,2023-08-12,No,2023-08-14,2023-08-14
ORD-04210,South,Box Truck,Clear,745,2022-10-25,No,2022-10-28,2022-10-28
ORD-04211,East,Semi-Trailer,Clear,588,2022-10-03,No,2022-10-05,2022-10-08
ORD-04212,West,Van,Clear,850,2023-11-14,No,2023-11-17,2023-11-17
ORD-04213,East,Van,Clear,410,2023-08-23,No,2023-08-25,2023-08-25
ORD-04214,North,Box Truck,Rain,760,2022-05-03,No,2022-05-06,2022-05-06
ORD-04215,East,Semi-Trailer,Snow,1484,2022-07-24,No,2022-07-29,
ORD-04216,East,Box Truck,Fog,830,2022-06-26,No,2022-06-29,2022-07-06
ORD-04217,South,Box Truck,Clear,1452,2022-04-08,No,2022-04-13,2022-04-13
ORD-04218,East,Van,Rain,1037,2023-10-22,No,2023-10-26,2023-10-26
ORD-04219,West,Box Truck,Rain,1357,2022-10-21,No,2022-10-26,2022-10-26
ORD-04220,South,Van,Fog,378,2022-04-26,No,2022-04-28,2022-04-29
ORD-04221,North,Box Truck,Clear,1428,2023-07-23,No,2023-07-28,2023-07-28
ORD-04222,West,Box Truck,Rain,565,2023-07-01,No,2023-07-03,2023-07-03
ORD-04223,North,Semi-Trailer,Clear,1152,2023-05-14,Yes,2023-05-18,
ORD-04224,East,Van,Rain,1014,2022-10-13,No,2022-10-17,2022-10-17
ORD-04225,West,Van,Clear,975,2022-01-25,No,2022-01-29,2022-01-29
ORD-04226,West,Box Truck,Rain,1024,2022-12-24,No,2022-12-28,2022-12-31
ORD-04227,North,Box Truck,Snow,1223,2023-10-09,No,2023-10-14,2023-10-19
ORD-04228,West,Box Truck,Clear,1449,2023-05-13,Yes,2023-05-18,2023-05-18
ORD-04229,West,Van,Clear,823,2023-11-05,No,2023-11-08,2023-11-08
ORD-04230,West,Van,Clear,115,2022-06-10,No,2022-06-11,2022-06-11
ORD-04231,East,Box Truck,Clear,174,2023-02-25,No,2023-02-26,2023-02-26
ORD-04232,North,Van,Clear,647,2022-07-22,No,2022-07-25,2022-07-25
ORD-04233,West,Semi-Trailer,Clear,1379,2023-11-22,No,2023-11-27,2023-11-27
ORD-04234,South,Van,Snow,1131,2023-10-29,,2023-11-02,2023-11-04
ORD-04235,South,Box Truck,Clear,1033,2022-07-03,No,2022-07-07,2022-07-08
ORD-04236,South,Box Truck,Rain,340,2023-12-09,No,2023-12-11,2023-12-11
ORD-04237,South,Box Truck,Snow,1403,2023-12-09,No,2023-12-14,
ORD-04238,East,Van,Fog,1475,2022-12-09,No,2022-12-14,2022-12-17
ORD-04239,West,Semi-Trailer,Rain,1153,2023-12-14,No,2023-12-18,2023-12-20
ORD-04240,North,Van,Clear,308,2022-08-15,,2022-08-17,2022-08-17
ORD-04241,West,Box Truck,Snow,865,2023-07-02,No,2023-07-05,2023-07-07
ORD-04242,East,Van,Clear,1176,2022-09-23,No,2022-09-27,2022-09-27
ORD-04243,South,Van,Fog,716,2022-02-21,,2022-02-24,2022-02-25
ORD-04244,East,Van,Rain,1126,2022-09-02,No,2022-09-06,2022-09-06
ORD-04245,West,Van,Rain,1330,2023-10-21,No,2023-10-26,2023-10-27
ORD-04246,North,Semi-Trailer,Clear,456,2022-10-08,No,2022-10-10,2022-10-11
ORD-04247,East,Van,Clear,489,2022-07-19,No,2022-07-21,2022-07-21
ORD-04248,North,Box Truck,Snow,743,2022-05-16,No,2022-05-19,2022-05-23
ORD-04249,East,Semi-Trailer,Snow,883,2023-07-30,No,2023-08-02,2023-08-09
ORD-04250,North,Van,Clear,1291,2023-05-09,No,2023-05-14,2023-05-14
ORD-04251,North,Box Truck,Fog,531,2022-02-16,No,2022-02-18,2022-02-20
ORD-04252,South,Van,Clear,1408,2023-11-23,No,2023-11-28,2023-11-29
ORD-04253,North,Van,Rain,1460,2023-06-29,No,2023-07-04,2023-07-05
ORD-04254,South,Van,Rain,1134,2023-01-18,No,2023-01-22,2023-01-22
ORD-04255,West,Semi-Trailer,Clear,631,2022-07-04,No,2022-07-07,2022-07-07
ORD-04256,West,Van,Clear,768,2023-04-26,No,2023-04-29,2023-04-30
ORD-04257,South,Box Truck,Rain,253,2022-02-26,No,2022-02-27,2022-02-27
ORD-04258,South,Box Truck,Clear,32,2023-01-26,No,2023-01-27,2023-01-27
ORD-04259,East,Semi-Trailer,Clear,1387,2023-11-05,No,2023-11-10,2023-11-11
ORD-04260,East,Van,Rain,475,2023-07-05,No,2023-07-07,2023-07-08
ORD-04261,East,Box Truck,Snow,1258,2023-11-28,No,2023-12-03,2023-12-07
ORD-04262,West,Box Truck,Clear,874,2022-08-10,No,2022-08-13,2022-08-13
ORD-04263,East,Box Truck,Clear,1477,2022-10-04,No,2022-10-09,2022-10-09
ORD-04264,North,Semi-Trailer,Clear,278,2022-11-05,No,2022-11-06,2022-11-06
ORD-04265,North,Semi-Trailer,Rain,542,2022-07-02,No,2022-07-04,2022-07-04
ORD-04266,East,Van,Clear,323,2022-04-28,,2022-04-30,2022-04-30
ORD-04267,North,Van,Rain,129,2023-05-19,No,2023-05-20,2023-05-22
ORD-04268,West,Van,Snow,990,2023-02-24,No,2023-02-28,2023-03-04
ORD-04269,North,Van,Clear,1153,2022-01-21,No,2022-01-25,2022-01-28
ORD-04270,West,Van,Clear,719,2022-04-27,No,2022-04-30,2022-04-30
ORD-04271,South,Van,Fog,145,2022-01-31,No,2022-02-01,2022-02-02
ORD-04272,South,Van,Clear,1110,2022-01-06,No,2022-01-10,2022-01-10
ORD-04273,South,Semi-Trailer,Rain,1387,2022-04-25,No,2022-04-30,2022-05-01
ORD-04274,South,Van,Fog,1091,2023-07-30,No,2023-08-03,2023-08-07
ORD-04275,North,Semi-Trailer,Fog,945,2022-04-22,No,2022-04-26,2022-05-01
ORD-04276,East,Van,Clear,1119,2022-02-10,,2022-02-14,2022-02-14
ORD-04277,North,Box Truck,Clear,10,2022-07-05,No,2022-07-06,2022-07-06
ORD-04278,West,Semi-Trailer,Fog,86,2022-07-18,No,2022-07-19,2022-07-23
ORD-04279,North,Van,Rain,970,2023-05-25,No,2023-05-29,2023-05-29
ORD-04280,North,Van,Clear,1477,2023-02-14,No,2023-02-19,2023-02-19
ORD-04281,West,Van,Clear,590,2022-08-04,No,2022-08-06,2022-08-06
ORD-04282,South,Van,Clear,157,2023-12-22,No,2023-12-23,2023-12-23
ORD-04283,South,Semi-Trailer,Snow,583,2023-06-07,No,2023-06-09,2023-06-11
ORD-04284,South,Semi-Trailer,Clear,195,2022-11-28,No,2022-11-29,2022-11-29
ORD-04285,East,Van,Snow,531,2022-05-22,No,2022-05-24,2022-05-28
ORD-04286,West,Van,Snow,171,2023-02-07,No,2023-02-08,2023-02-10
ORD-04287,West,Van,Snow,1323,2023-02-03,No,2023-02-08,2023-02-12
ORD-04288,North,Van,Rain,1454,2023-05-08,No,2023-05-13,2023-05-16
ORD-04289,East,Box Truck,Snow,205,2023-09-14,No,2023-09-15,2023-09-17
ORD-04290,South,Van,Clear,43,2022-04-10,No,2022-04-11,2022-04-11
ORD-04291,East,Box Truck,Clear,417,2022-07-08,No,2022-07-10,2022-07-10
ORD-04292,West,Van,Snow,1330,2023-03-12,No,2023-03-17,2023-03-21
ORD-04293,West,Van,Clear,546,2022-02-06,No,2022-02-08,2022-02-08
ORD-04294,North,Box Truck,Clear,45,2023-08-22,No,2023-08-23,2023-08-23
ORD-04295,North,Van,Clear,1297,2023-08-19,No,2023-08-24,2023-08-25
ORD-04296,West,Semi-Trailer,Clear,1415,2022-05-26,No,2022-05-31,2022-05-31
ORD-04297,South,Semi-Trailer,Rain,123,2022-06-18,No,2022-06-19,2022-06-19
ORD-04298,South,Van,Rain,614,2022-06-24,No,2022-06-27,2022-06-27
ORD-04299,East,Van,Clear,452,2023-05-01,No,2023-05-03,2023-05-03
ORD-04300,West,Semi-Trailer,Snow,1196,2023-06-23,No,2023-06-27,2023-06-28
ORD-04301,West,Semi-Trailer,Clear,47,2023-05-18,Yes,2023-05-19,2023-05-19
ORD-04302,South,Semi-Trailer,Rain,101,2023-07-16,No,2023-07-17,2023-07-17
ORD-04303,South,Van,Clear,640,2023-08-23,No,2023-08-26,2023-08-26
ORD-04304,West,Semi-Trailer,Rain,681,2022-09-29,,2022-10-02,2022-10-03
ORD-04305,North,Van,Clear,110,2022-11-15,No,2022-11-16,2022-11-16
ORD-04306,West,Box Truck,Clear,516,2022-01-23,No,2022-01-25,2022-01-25
ORD-04307,West,Semi-Trailer,Snow,188,2022-03-12,No,2022-03-13,2022-03-16
ORD-04308,South,Van,Clear,293,2022-09-03,No,2022-09-04,2022-09-05
ORD-04309,South,Semi-Trailer,Fog,364,2022-07-31,No,2022-08-02,2022-08-06
ORD-04310,North,Van,Rain,1330,2023-12-15,No,2023-12-20,2023-12-20
ORD-04311,North,Semi-Trailer,Clear,497,2022-08-03,No,2022-08-05,2022-08-06
ORD-04312,East,Van,Rain,1015,2022-10-27,No,2022-10-31,2022-10-31
ORD-04313,West,Semi-Trailer,Clear,288,2022-07-30,No,2022-07-31,2022-07-31
ORD-04314,South,Van,Clear,553,2023-08-09,No,2023-08-11,2023-08-11
ORD-04315,North,Box Truck,Fog,659,2022-07-16,No,2022-07-19,2022-07-20
ORD-04316,East,Box Truck,Clear,940,2023-01-06,No,2023-01-10,2023-01-11
ORD-04317,East,Van,Rain,364,2022-08-29,No,2022-08-31,2022-08-31
ORD-04318,South,Van,Clear,1352,2023-03-31,No,2023-04-05,2023-04-05
ORD-04319,South,Box Truck,Rain,204,2022-01-05,,2022-01-06,2022-01-07
ORD-04320,East,Van,Clear,813,2022-09-10,No,2022-09-13,2022-09-13
ORD-04321,North,Box Truck,Clear,102,2022-03-28,No,2022-03-29,2022-03-29
ORD-04322,East,Van,Fog,442,2022-08-22,No,2022-08-24,2022-08-27
ORD-04323,West,Semi-Trailer,Clear,567,2023-12-26,No,2023-12-28,2023-12-28
ORD-04324,West,Van,Rain,1060,2023-11-02,No,2023-11-06,2023-11-07
ORD-04325,South,Van,Clear,1448,2022-03-10,No,2022-03-15,2022-03-15
ORD-04326,North,Van,Clear,171,2023-01-31,No,2023-02-01,2023-02-02
ORD-04327,North,Van,Rain,110,2023-10-31,No,2023-11-01,2023-11-01
ORD-04328,West,Van,Clear,708,2023-06-26,No,2023-06-29,2023-06-29
ORD-04329,East,Van,Clear,167,2023-08-31,No,2023-09-01,2023-09-02
ORD-04330,South,Semi-Trailer,Fog,501,2022-05-02,Yes,2022-05-04,2022-05-06
ORD-04331,East,Box Truck,Snow,928,2023-08-31,No,2023-09-04,2023-09-06
ORD-04332,East,Box Truck,Clear,1042,2023-12-27,No,2023-12-31,2024-01-02
ORD-04333,East,Van,Clear,1245,2023-10-01,,2023-10-06,2023-10-06
ORD-04334,North,Box Truck,Rain,1472,2023-11-06,No,2023-11-11,2023-11-11
ORD-04335,West,Van,Fog,833,2023-12-10,No,2023-12-13,2023-12-15
ORD-04336,North,Box Truck,Fog,688,2022-04-06,No,2022-04-09,2022-04-13
ORD-04337,West,Van,Snow,795,2022-12-18,No,2022-12-21,2022-12-24
ORD-04338,South,Van,Clear,1001,2023-07-12,No,2023-07-16,2023-07-16
ORD-04339,South,Van,Fog,120,2023-06-08,No,2023-06-09,2023-06-11
ORD-04340,East,Semi-Trailer,Snow,850,2022-02-11,No,2022-02-14,2022-02-19
ORD-04341,West,Van,Clear,212,2022-04-05,No,2022-04-06,2022-04-06
ORD-04342,West,Box Truck,Clear,1098,2022-10-07,No,2022-10-11,
ORD-04343,West,Van,Clear,1194,2023-02-26,No,2023-03-02,2023-03-02
ORD-04344,East,Box Truck,Rain,423,2023-04-20,No,2023-04-22,2023-04-23
ORD-04345,East,Semi-Trailer,Clear,699,2023-05-06,No,2023-05-09,2023-05-09
ORD-04346,South,Van,Clear,275,2023-03-04,No,2023-03-05,2023-03-05
ORD-04347,North,Van,Clear,581,2023-01-25,No,2023-01-27,2023-01-27
ORD-04348,West,Semi-Trailer,Clear,214,2023-09-14,No,2023-09-15,2023-09-15
ORD-04349,West,Box Truck,Clear,593,2022-04-02,No,2022-04-04,2022-04-04
ORD-04350,North,Van,Rain,1189,2023-05-03,No,2023-05-07,2023-05-07
ORD-04351,West,Box Truck,Clear,182,2023-09-16,No,2023-09-17,2023-09-17
ORD-04352,East,Box Truck,Fog,317,2022-03-11,No,2022-03-13,2022-03-15
ORD-04353,East,Van,Snow,459,2023-04-23,,2023-04-25,2023-04-26
ORD-04354,West,Semi-Trailer,Fog,71,2022-08-28,,2022-08-29,2022-09-01
ORD-04355,East,Van,Rain,1406,2022-02-01,No,2022-02-06,2022-02-06
ORD-04356,East,Van,Clear,1493,2022-10-26,No,2022-10-31,2022-10-31
ORD-04357,West,Box Truck,Clear,484,2022-01-11,No,2022-01-13,2022-01-16
ORD-04358,South,Van,Clear,1414,2023-11-19,No,2023-11-24,2023-11-26
ORD-04359,North,Van,Fog,95,2023-12-21,No,2023-12-22,2023-12-27
ORD-04360,East,Box Truck,Clear,1176,2023-08-16,No,2023-08-20,2023-08-20
ORD-04361,South,Semi-Trailer,Clear,1040,2023-02-15,No,2023-02-19,2023-02-19
ORD-04362,East,Semi-Trailer,Rain,304,2023-12-22,No,2023-12-24,2023-12-26
ORD-04363,East,Semi-Trailer,Fog,748,2023-02-23,No,2023-02-26,2023-03-01
ORD-04364,North,Semi-Trailer,Rain,535,2022-03-29,No,2022-03-31,2022-03-31
ORD-04365,East,Van,Rain,43,2023-05-07,No,2023-05-08,2023-05-08
ORD-04366,North,Van,Clear,761,2022-09-24,No,2022-09-27,2022-09-30
ORD-04367,North,Semi-Trailer,Rain,1362,2022-10-08,No,2022-10-13,2022-10-13
ORD-04368,North,Van,Clear,789,2023-04-30,No,2023-05-03,2023-05-03
ORD-04369,South,Box Truck,Snow,647,2023-03-23,No,2023-03-26,2023-03-30
ORD-04370,West,Box Truck,Clear,1067,2023-06-08,No,2023-06-12,2023-06-12
ORD-04371,South,Van,Clear,804,2022-09-10,No,2022-09-13,2022-09-13
ORD-04372,West,Semi-Trailer,Fog,415,2023-04-03,No,2023-04-05,2023-04-06
ORD-04373,West,Box Truck,Clear,1051,2022-01-19,No,2022-01-23,2022-01-23
ORD-04374,North,Van,Snow,1463,2022-09-26,No,2022-10-01,2022-10-04
ORD-04375,East,Semi-Trailer,Snow,437,2022-12-12,No,2022-12-14,2022-12-17
ORD-04376,North,Van,Snow,923,2023-09-05,No,2023-09-09,2023-09-11
ORD-04377,East,Van,Clear,302,2022-06-01,No,2022-06-03,2022-06-04
ORD-04378,West,Box Truck,Clear,589,2023-04-14,No,2023-04-16,2023-04-16
ORD-04379,North,Semi-Trailer,Snow,1113,2022-01-31,Yes,2022-02-04,2022-02-05
ORD-04380,East,Box Truck,Snow,1119,2022-03-07,No,2022-03-11,2022-03-16
ORD-04381,South,Box Truck,Clear,57,2023-01-08,No,2023-01-09,2023-01-09
ORD-04382,East,Box Truck,Clear,93,2023-08-05,No,2023-08-06,2023-08-06
ORD-04383,North,Van,Clear,616,2023-12-06,No,2023-12-09,2023-12-09
ORD-04384,South,Semi-Trailer,Fog,317,2022-05-10,No,2022-05-12,2022-05-16
ORD-04385,East,Semi-Trailer,Clear,261,2022-10-22,No,2022-10-23,2022-10-23
ORD-04386,East,Van,Clear,189,2023-09-12,No,2023-09-13,2023-09-13
ORD-04387,East,Van,Rain,1343,2022-09-17,No,2022-09-22,2022-09-22
ORD-04388,East,Semi-Trailer,Clear,435,2022-09-16,No,2022-09-18,2022-09-18
ORD-04389,East,Semi-Trailer,Fog,48,2022-10-13,No,2022-10-14,2022-10-17
ORD-04390,South,Semi-Trailer,Clear,1312,2022-08-17,No,2022-08-22,2022-08-22
ORD-04391,West,Semi-Trailer,Clear,825,2023-08-18,No,2023-08-21,2023-08-24
ORD-04392,South,Box Truck,Clear,634,2023-05-11,No,2023-05-14,2023-05-14
ORD-04393,South,Box Truck,Clear,385,2023-05-26,No,2023-05-28,2023-05-28
ORD-04394,South,Box Truck,Clear,50,2023-09-18,No,2023-09-19,2023-09-19
ORD-04395,West,Van,Clear,56,2022-06-09,No,2022-06-10,2022-06-10
ORD-04396,North,Box Truck,Clear,194,2022-05-14,No,2022-05-15,2022-05-15
ORD-04397,West,Box Truck,Snow,81,2023-10-02,No,2023-10-03,2023-10-06
ORD-04398,South,Box Truck,Clear,578,2023-01-15,Yes,2023-01-17,2023-01-17
ORD-04399,East,Box Truck,Fog,583,2023-10-28,No,2023-10-30,2023-10-31
ORD-04400,East,Van,Rain,351,2022-07-21,No,2022-07-23,2022-07-24
ORD-04401,South,Van,Clear,578,2023-10-11,No,2023-10-13,2023-10-13
ORD-04402,East,Van,Clear,973,2022-03-30,No,2022-04-03,2022-04-05
ORD-04403,South,Van,Clear,1276,2022-01-16,No,2022-01-21,2022-01-21
ORD-04404,East,Van,Clear,337,2022-04-30,,2022-05-02,
ORD-04405,West,Semi-Trailer,Clear,162,2022-09-11,No,2022-09-12,2022-09-12
ORD-04406,North,Van,Clear,1288,2022-12-21,No,2022-12-26,2022-12-26
ORD-04407,North,Van,Rain,738,2023-08-31,No,2023-09-03,2023-09-03
ORD-04408,West,Box Truck,Clear,1457,2022-09-28,No,2022-10-03,2022-10-04
ORD-04409,West,Box Truck,Clear,241,2023-02-10,No,2023-02-11,2023-02-11
ORD-04410,South,Van,Clear,185,2023-12-10,No,2023-12-11,2023-12-11
ORD-04411,South,Box Truck,Rain,560,2023-11-10,No,2023-11-12,2023-11-13
ORD-04412,South,Box Truck,Clear,152,2022-11-25,No,2022-11-26,2022-11-26
ORD-04413,East,Van,Snow,26,2023-06-16,Yes,2023-06-17,2023-06-21
ORD-04414,South,Van,Clear,258,2022-05-14,No,2022-05-15,2022-05-15
ORD-04415,West,Semi-Trailer,Fog,1068,2023-11-07,No,2023-11-11,2023-11-13
ORD-04416,North,Semi-Trailer,Clear,810,2023-10-28,No,2023-10-31,2023-10-31
ORD-04417,East,Box Truck,Fog,1009,2022-10-12,No,2022-10-16,2022-10-17
ORD-04418,South,Van,Rain,1008,2023-06-20,No,2023-06-24,2023-06-24
ORD-04419,East,Van,Clear,155,2023-11-18,No,2023-11-19,2023-11-19
ORD-04420,East,Box Truck,Clear,935,2023-03-10,No,2023-03-14,2023-03-14
ORD-04421,South,Van,Clear,736,2023-12-25,No,2023-12-28,2023-12-28
ORD-04422,East,Van,Fog,174,2023-03-19,No,2023-03-20,2023-03-21
ORD-04423,North,Box Truck,Rain,1144,2022-07-18,No,2022-07-22,2022-07-22
ORD-04424,West,Van,Clear,656,2022-02-02,No,2022-02-05,2022-02-05
ORD-04425,West,Box Truck,Clear,1107,2023-06-29,No,2023-07-03,2023-07-03
ORD-04426,North,Semi-Trailer,Clear,677,2022-05-01,,2022-05-04,2022-05-05
ORD-04427,East,Van,Rain,363,2023-08-29,No,2023-08-31,2023-08-31
ORD-04428,South,Semi-Trailer,Rain,1307,2022-06-26,No,2022-07-01,2022-07-01
ORD-04429,East,Van,Clear,952,2022-12-13,No,2022-12-17,2022-12-17
ORD-04430,North,Semi-Trailer,Clear,1312,2022-03-13,No,2022-03-18,2022-03-20
ORD-04431,East,Van,Clear,1064,2023-11-14,No,2023-11-18,2023-11-18
ORD-04432,West,Van,Clear,535,2023-10-15,,2023-10-17,2023-10-20
ORD-04433,East,Box Truck,Clear,519,2023-05-30,,2023-06-01,2023-06-01
ORD-04434,North,Van,Clear,187,2023-01-20,No,2023-01-21,2023-01-21
ORD-04435,West,Semi-Trailer,Clear,338,2023-11-16,Yes,2023-11-18,2023-11-18
ORD-04436,East,Van,Fog,810,2023-09-15,No,2023-09-18,2023-09-21
ORD-04437,East,Van,Rain,697,2022-06-06,No,2022-06-09,2022-06-10
ORD-04438,West,Box Truck,Fog,1205,2022-02-20,No,2022-02-25,2022-03-02
ORD-04439,South,Van,Clear,1429,2023-04-28,No,2023-05-03,2023-05-05
ORD-04440,West,Van,Snow,947,2023-07-15,No,2023-07-19,2023-07-20
ORD-04441,South,Box Truck,Rain,989,2023-06-30,No,2023-07-04,2023-07-04
ORD-04442,North,Box Truck,Clear,744,2023-07-16,No,2023-07-19,2023-07-19
ORD-04443,North,Semi-Trailer,Clear,1068,2022-10-04,,2022-10-08,2022-10-08
ORD-04444,West,Semi-Trailer,Rain,306,2022-10-24,No,2022-10-26,
ORD-04445,West,Van,Fog,631,2022-12-30,No,2023-01-02,2023-01-09
ORD-04446,North,Box Truck,Clear,1268,2022-06-27,No,2022-07-02,2022-07-02
ORD-04447,South,Van,Clear,918,2022-06-22,No,2022-06-26,2022-06-26
ORD-04448,North,Box Truck,Rain,1072,2023-11-11,No,2023-11-15,2023-11-15
ORD-04449,West,Van,Fog,1252,2023-09-24,No,2023-09-29,2023-10-03
ORD-04450,North,Semi-Trailer,Rain,1250,2023-05-26,No,2023-05-31,2023-05-31
ORD-04451,West,Box Truck,Clear,715,2023-05-14,No,2023-05-17,2023-05-17
ORD-04452,West,Semi-Trailer,Clear,637,2023-04-01,No,2023-04-04,2023-04-04
ORD-04453,North,Semi-Trailer,Clear,682,2023-10-30,No,2023-11-02,2023-11-02
ORD-04454,South,Semi-Trailer,Snow,429,2022-09-13,No,2022-09-15,2022-09-17
ORD-04455,East,Semi-Trailer,Rain,662,2023-04-04,No,2023-04-07,2023-04-08
ORD-04456,North,Van,Clear,833,2022-04-27,No,2022-04-30,2022-05-02
ORD-04457,East,Van,Clear,1207,2022-02-10,Yes,2022-02-15,2022-02-16
ORD-04458,North,Van,Fog,722,2022-05-24,No,2022-05-27,2022-05-29
ORD-04459,East,Van,Rain,876,2022-11-24,No,2022-11-27,2022-11-27
ORD-04460,South,Box Truck,Fog,823,2022-05-10,No,2022-05-13,2022-05-16
ORD-04461,South,Box Truck,Clear,877,2023-11-22,No,2023-11-25,2023-11-26
ORD-04462,North,Box Truck,Snow,122,2023-09-07,No,2023-09-08,2023-09-10
ORD-04463,West,Semi-Trailer,Snow,949,2022-01-13,No,2022-01-17,2022-01-18
ORD-04464,East,Semi-Trailer,Clear,183,2022-08-25,No,2022-08-26,2022-08-26
ORD-04465,West,Van,Fog,1020,2022-09-04,No,2022-09-08,2022-09-11
ORD-04466,West,Van,Clear,83,2022-02-25,No,2022-02-26,2022-02-26
ORD-04467,West,Van,Rain,646,2023-04-22,Yes,2023-04-25,2023-04-25
ORD-04468,South,Van,Fog,41,2023-11-25,No,2023-11-26,2023-11-27
ORD-04469,North,Box Truck,Clear,1287,2022-05-11,No,2022-05-16,2022-05-16
ORD-04470,North,Box Truck,Rain,506,2023-06-13,No,2023-06-15,2023-06-18
ORD-04471,South,Box Truck,Clear,1146,2023-06-15,No,2023-06-19,2023-06-19
ORD-04472,South,Semi-Trailer,Rain,204,2022-03-27,No,2022-03-28,2022-03-28
ORD-04473,North,Semi-Trailer,Snow,537,2022-04-13,No,2022-04-15,2022-04-19
ORD-04474,West,Van,Rain,450,2022-05-18,No,2022-05-20,2022-05-20
ORD-04475,East,Box Truck,Snow,733,2023-11-15,No,2023-11-18,2023-11-21
ORD-04476,East,Van,Clear,33,2023-02-19,No,2023-02-20,2023-02-20
ORD-04477,East,Van,Clear,299,2022-12-16,No,2022-12-17,2022-12-17
ORD-04478,West,Van,Clear,905,2023-08-01,No,2023-08-05,2023-08-05
ORD-04479,North,Van,Rain,317,2023-02-07,No,2023-02-09,2023-02-09
ORD-04480,South,Van,Clear,313,2023-03-05,No,2023-03-07,2023-03-07
ORD-04481,North,Van,Rain,640,2023-05-16,No,2023-05-19,2023-05-19
ORD-04482,West,Box Truck,Clear,960,2022-01-06,No,2022-01-10,2022-01-10
ORD-04483,South,Box Truck,Rain,47,2022-04-28,No,2022-04-29,2022-04-29
ORD-04484,West,Van,Clear,395,2023-03-31,Yes,2023-04-02,2023-04-02
ORD-04485,East,Van,Rain,754,2023-08-05,No,2023-08-08,2023-08-08
ORD-04486,East,Semi-Trailer,Rain,91,2022-08-20,No,2022-08-21,2022-08-21
ORD-04487,West,Van,Fog,1151,2022-06-16,No,2022-06-20,2022-06-24
ORD-04488,South,Semi-Trailer,Rain,59,2022-01-05,No,2022-01-06,2022-01-06
ORD-04489,South,Box Truck,Rain,678,2022-04-03,No,2022-04-06,2022-04-06
ORD-04490,North,Van,Fog,83,2022-08-07,No,2022-08-08,2022-08-12
ORD-04491,East,Van,Rain,1011,2023-06-10,No,2023-06-14,2023-06-14
ORD-04492,North,Van,Clear,704,2023-08-15,No,2023-08-18,2023-08-18
ORD-04493,North,Van,Snow,1139,2023-11-08,No,2023-11-12,2023-11-15
ORD-04494,West,Van,Rain,1359,2023-09-17,No,2023-09-22,2023-09-22
ORD-04495,West,Box Truck,Clear,693,2022-07-29,No,2022-08-01,2022-08-01
ORD-04496,North,Van,Rain,365,2023-01-23,Yes,2023-01-25,2023-01-25
ORD-04497,East,Box Truck,Snow,1317,2022-05-15,Yes,2022-05-20,2022-05-21
ORD-04498,West,Box Truck,Fog,1023,2023-07-28,No,2023-08-01,2023-08-05
ORD-04499,North,Van,Fog,194,2022-02-02,No,2022-02-03,2022-02-07
ORD-04500,North,Van,Clear,163,2023-08-22,No,2023-08-23,2023-08-23
ORD-04501,North,Van,Clear,863,2022-05-05,No,2022-05-08,2022-05-08
ORD-04502,North,Van,Clear,127,2023-11-27,Yes,2023-11-28,2023-11-28
ORD-04503,North,Box Truck,Clear,276,2023-07-04,,2023-07-05,2023-07-05
ORD-04504,North,Van,Snow,1418,2023-01-31,No,2023-02-05,2023-02-07
ORD-04505,West,Box Truck,Clear,846,2023-04-27,,2023-04-30,2023-04-30
ORD-04506,East,Van,Rain,264,2022-09-24,No,2022-09-25,2022-09-25
ORD-04507,North,Van,Rain,1274,2022-09-14,No,2022-09-19,2022-09-19
ORD-04508,South,Box Truck,Rain,180,2022-09-30,No,2022-10-01,2022-10-01
ORD-04509,West,Box Truck,Clear,626,2022-02-14,No,2022-02-17,2022-02-18
ORD-04510,West,Van,Clear,1011,2022-05-19,No,2022-05-23,2022-05-25
ORD-04511,North,Van,Clear,557,2023-10-22,No,2023-10-24,2023-10-24
ORD-04512,West,Box Truck,Clear,1218,2022-03-30,No,2022-04-04,2022-04-05
ORD-04513,North,Van,Fog,711,2023-10-12,No,2023-10-15,2023-10-16
ORD-04514,East,Van,Snow,676,2023-10-31,No,2023-11-03,2023-11-04
ORD-04515,East,Box Truck,Clear,902,2022-06-21,No,2022-06-25,2022-06-25
ORD-04516,West,Van,Snow,419,2022-02-17,No,2022-02-19,2022-02-23
ORD-04517,West,Box Truck,Clear,748,2022-09-05,No,2022-09-08,2022-09-08
ORD-04518,South,Box Truck,Rain,155,2022-11-16,No,2022-11-17,2022-11-17
ORD-04519,West,Box Truck,Clear,1071,2023-12-28,No,2024-01-01,2024-01-01
ORD-04520,South,Box Truck,Rain,499,2022-08-12,No,2022-08-14,2022-08-14
ORD-04521,East,Box Truck,Clear,271,2023-06-04,No,2023-06-05,2023-06-05
ORD-04522,East,Box Truck,Clear,1159,2022-02-27,Yes,2022-03-03,2022-03-03
ORD-04523,North,Semi-Trailer,Clear,354,2023-03-07,No,2023-03-09,2023-03-09
ORD-04524,East,Van,Clear,1294,2022-10-12,No,2022-10-17,2022-10-17
ORD-04525,South,Van,Rain,1476,2022-09-08,No,2022-09-13,2022-09-13
ORD-04526,West,Box Truck,Clear,888,2022-08-22,No,2022-08-25,2022-08-25
ORD-04527,North,Box Truck,Rain,1141,2022-12-30,No,2023-01-03,2023-01-03
ORD-04528,South,Van,Rain,1470,2022-11-17,No,2022-11-22,2022-11-22
ORD-04529,West,Semi-Trailer,Rain,523,2022-06-01,No,2022-06-03,2022-06-03
ORD-04530,North,Van,Rain,954,2022-03-06,No,2022-03-10,2022-03-11
ORD-04531,East,Box Truck,Clear,722,2022-11-18,No,2022-11-21,2022-11-21
ORD-04532,South,Box Truck,Clear,1123,2023-09-01,No,2023-09-05,2023-09-05
ORD-04533,West,Semi-Trailer,Fog,224,2023-05-28,No,2023-05-29,2023-06-01
ORD-04534,North,Van,Rain,1352,2023-03-03,No,2023-03-08,2023-03-08
ORD-04535,North,Box Truck,Rain,613,2022-05-25,No,2022-05-28,2022-05-28
ORD-04536,East,Van,Rain,847,2022-01-26,No,2022-01-29,2022-01-29
ORD-04537,West,Van,Clear,781,2023-11-22,No,2023-11-25,2023-11-25
ORD-04538,East,Van,Rain,679,2022-10-14,No,2022-10-17,2022-10-17
ORD-04539,East,Box Truck,Fog,1090,2023-07-27,No,2023-07-31,2023-08-03
ORD-04540,West,Van,Clear,568,2022-10-27,No,2022-10-29,2022-10-29
ORD-04541,West,Van,Snow,1435,2022-07-09,No,2022-07-14,2022-07-18
ORD-04542,West,Box Truck,Clear,231,2022-05-03,No,2022-05-04,2022-05-05
ORD-04543,South,Box Truck,Clear,484,2022-07-04,No,2022-07-06,2022-07-06
ORD-04544,West,Box Truck,Snow,1141,2023-05-02,No,2023-05-06,2023-05-09
ORD-04545,North,Semi-Trailer,Snow,872,2023-04-29,No,2023-05-02,2023-05-06
ORD-04546,East,Van,Snow,821,2022-02-02,No,2022-02-05,2022-02-09
ORD-04547,South,Semi-Trailer,Fog,189,2023-06-10,No,2023-06-11,2023-06-14
ORD-04548,West,Semi-Trailer,Clear,186,2023-01-26,No,2023-01-27,2023-01-29
ORD-04549,South,Van,Rain,496,2022-07-12,No,2022-07-14,2022-07-14
ORD-04550,West,Van,Clear,423,2022-09-28,,2022-09-30,2022-09-30
ORD-04551,South,Van,Clear,701,2022-10-05,No,2022-10-08,2022-10-08
ORD-04552,East,Van,Clear,1070,2022-06-15,No,2022-06-19,2022-06-20
ORD-04553,East,Box Truck,Rain,584,2023-03-06,No,2023-03-08,2023-03-08
ORD-04554,North,Box Truck,Clear,277,2022-01-13,No,2022-01-14,2022-01-14
ORD-04555,North,Box Truck,Snow,794,2022-12-05,No,2022-12-08,2022-12-09
ORD-04556,West,Box Truck,Rain,933,2023-02-14,No,2023-02-18,2023-02-19
ORD-04557,East,Van,Clear,397,2023-04-24,Yes,2023-04-26,2023-04-26
ORD-04558,South,Semi-Trailer,Rain,363,2022-11-17,No,2022-11-19,2022-11-19
ORD-04559,South,Van,Clear,823,2022-04-22,No,2022-04-25,2022-04-25
ORD-04560,South,Semi-Trailer,Clear,1303,2023-07-20,No,2023-07-25,2023-07-25
ORD-04561,North,Van,Snow,1033,2022-01-22,,2022-01-26,2022-01-30
ORD-04562,South,Semi-Trailer,Clear,278,2022-05-29,Yes,2022-05-30,2022-05-31
ORD-04563,North,Van,Snow,1475,2022-06-13,,2022-06-18,2022-06-22
ORD-04564,North,Van,Rain,1338,2022-01-05,No,2022-01-10,2022-01-13
ORD-04565,West,Van,Clear,1279,2022-09-04,No,2022-09-09,2022-09-12
ORD-04566,South,Box Truck,Rain,1211,2022-06-29,No,2022-07-04,2022-07-04
ORD-04567,South,Semi-Trailer,Clear,1100,2022-04-27,No,2022-05-01,2022-05-01
ORD-04568,East,Van,Clear,286,2023-06-25,No,2023-06-26,2023-06-26
ORD-04569,West,Semi-Trailer,Clear,1241,2023-05-28,No,2023-06-02,
ORD-04570,East,Box Truck,Clear,316,2023-02-05,No,2023-02-07,2023-02-07
ORD-04571,West,Box Truck,Clear,640,2023-10-29,No,2023-11-01,2023-11-01
ORD-04572,South,Semi-Trailer,Fog,547,2022-02-18,No,2022-02-20,2022-02-21
ORD-04573,North,Van,Clear,527,2022-12-05,No,2022-12-07,2022-12-10
ORD-04574,North,Van,Rain,1307,2023-08-28,No,2023-09-02,2023-09-04
ORD-04575,North,Semi-Trailer,Clear,1266,2023-05-05,No,2023-05-10,2023-05-10
ORD-04576,North,Semi-Trailer,Clear,1147,2022-02-16,No,2022-02-20,2022-02-20
ORD-04577,North,Semi-Trailer,Clear,143,2022-11-17,No,2022-11-18,2022-11-18
ORD-04578,East,Semi-Trailer,Rain,1458,2022-04-06,Yes,2022-04-11,2022-04-11
ORD-04579,West,Van,Clear,834,2023-11-27,No,2023-11-30,2023-11-30
ORD-04580,South,Semi-Trailer,Clear,1058,2023-02-04,No,2023-02-08,2023-02-10
ORD-04581,East,Van,Clear,1313,2023-10-09,No,2023-10-14,2023-10-14
ORD-04582,West,Semi-Trailer,Rain,1376,2023-01-10,No,2023-01-15,2023-01-15
ORD-04583,North,Van,Clear,822,2023-05-12,No,2023-05-15,2023-05-16
ORD-04584,West,Box Truck,Rain,81,2023-07-05,No,2023-07-06,2023-07-06
ORD-04585,West,Box Truck,Clear,1027,2023-06-18,No,2023-06-22,2023-06-22
ORD-04586,North,Van,Rain,961,2023-04-19,No,2023-04-23,2023-04-23
ORD-04587,North,Van,Clear,1234,2022-05-09,No,2022-05-14,2022-05-14
ORD-04588,North,Semi-Trailer,Clear,1359,2022-07-29,No,2022-08-03,2022-08-03
ORD-04589,South,Semi-Trailer,Clear,42,2023-10-14,No,2023-10-15,2023-10-15
ORD-04590,North,Van,Fog,106,2023-05-20,No,2023-05-21,2023-05-25
ORD-04591,South,Box Truck,Clear,272,2023-09-06,,2023-09-07,2023-09-07
ORD-04592,North,Box Truck,Fog,883,2022-01-29,No,2022-02-01,2022-02-05
ORD-04593,South,Van,Clear,923,2022-08-02,No,2022-08-06,2022-08-06
ORD-04594,West,Van,Clear,1103,2023-03-08,No,2023-03-12,2023-03-12
ORD-04595,East,Semi-Trailer,Clear,302,2023-05-27,No,2023-05-29,2023-05-29
ORD-04596,West,Box Truck,Clear,926,2022-12-06,No,2022-12-10,2022-12-12
ORD-04597,West,Box Truck,Fog,739,2022-11-20,No,2022-11-23,2022-11-24
ORD-04598,North,Box Truck,Snow,1240,2022-04-25,No,2022-04-30,2022-05-03
ORD-04599,South,Van,Rain,181,2022-02-20,No,2022-02-21,2022-02-21
ORD-04600,East,Van,Rain,767,2023-11-28,No,2023-12-01,2023-12-01
ORD-04601,North,Van,Clear,935,2022-11-24,No,2022-11-28,2022-11-28
ORD-04602,North,Van,Fog,1428,2022-04-26,No,2022-05-01,
ORD-04603,North,Box Truck,Clear,1289,2022-06-28,No,2022-07-03,2022-07-03
ORD-04604,West,Semi-Trailer,Rain,1297,2022-06-04,No,2022-06-09,2022-06-09
ORD-04605,South,Van,Clear,910,2022-09-16,No,2022-09-20,2022-09-20
ORD-04606,South,Van,Fog,1297,2023-08-15,No,2023-08-20,2023-08-22
ORD-04607,East,Box Truck,Snow,526,2022-02-05,No,2022-02-07,2022-02-09
ORD-04608,South,Semi-Trailer,Fog,1043,2023-02-22,No,2023-02-26,2023-03-04
ORD-04609,South,Box Truck,Clear,280,2022-07-07,No,2022-07-08,2022-07-08
ORD-04610,North,Semi-Trailer,Clear,751,2022-06-26,No,2022-06-29,2022-06-29
ORD-04611,North,Box Truck,Clear,1345,2023-05-18,No,2023-05-23,2023-05-23
ORD-04612,West,Box Truck,Rain,1403,2022-08-27,No,2022-09-01,2022-09-01
ORD-04613,North,Van,Rain,576,2023-09-29,No,2023-10-01,2023-10-01
ORD-04614,North,Van,Clear,562,2023-12-07,No,2023-12-09,2023-12-09
ORD-04615,North,Van,Clear,659,2023-07-08,Yes,2023-07-11,2023-07-11
ORD-04616,North,Box Truck,Clear,400,2023-08-16,No,2023-08-18,2023-08-18
ORD-04617,West,Semi-Trailer,Snow,968,2022-11-15,No,2022-11-19,2022-11-20
ORD-04618,North,Semi-Trailer,Clear,1148,2022-11-15,No,2022-11-19,2022-11-19
ORD-04619,East,Van,Rain,584,2023-05-30,No,2023-06-01,2023-06-01
ORD-04620,East,Van,Clear,353,2023-12-22,No,2023-12-24,2023-12-25
ORD-04621,East,Van,Clear,1443,2023-04-15,No,2023-04-20,2023-04-21
ORD-04622,East,Van,Fog,1411,2022-11-24,No,2022-11-29,2022-11-30
ORD-04623,North,Box Truck,Clear,465,2023-04-04,No,2023-04-06,2023-04-06
ORD-04624,East,Semi-Trailer,Clear,1456,2023-09-01,No,2023-09-06,2023-09-09
ORD-04625,North,Semi-Trailer,Clear,453,2023-11-17,No,2023-11-19,2023-11-19
ORD-04626,West,Box Truck,Clear,206,2022-07-03,No,2022-07-04,2022-07-04
ORD-04627,East,Semi-Trailer,Rain,877,2023-09-08,,2023-09-11,2023-09-11
ORD-04628,South,Box Truck,Clear,372,2023-06-15,No,2023-06-17,2023-06-17
ORD-04629,East,Van,Rain,1443,2022-05-27,No,2022-06-01,2022-06-01
ORD-04630,East,Box Truck,Clear,1427,2023-10-16,No,2023-10-21,2023-10-21
ORD-04631,North,Box Truck,Snow,877,2023-04-02,Yes,2023-04-05,2023-04-09
ORD-04632,East,Box Truck,Snow,575,2023-05-27,No,2023-05-29,2023-05-30
ORD-04633,South,Van,Fog,680,2023-08-10,No,2023-08-13,2023-08-15
ORD-04634,North,Van,Fog,1327,2023-01-06,No,2023-01-11,2023-01-16
ORD-04635,North,Van,Clear,34,2022-06-27,No,2022-06-28,2022-06-28
ORD-04636,West,Semi-Trailer,Clear,246,2023-10-08,No,2023-10-09,2023-10-09
ORD-04637,West,Van,Rain,470,2023-04-16,No,2023-04-18,2023-04-18
ORD-04638,East,Box Truck,Clear,1354,2022-05-15,No,2022-05-20,2022-05-20
ORD-04639,West,Box Truck,Clear,109,2023-01-15,No,2023-01-16,
ORD-04640,West,Van,Clear,749,2022-02-07,Yes,2022-02-10,2022-02-10
ORD-04641,West,Box Truck,Clear,417,2022-05-13,No,2022-05-15,2022-05-15
ORD-04642,North,Semi-Trailer,Clear,1188,2023-09-28,No,2023-10-02,
ORD-04643,North,Van,Clear,987,2023-06-01,No,2023-06-05,2023-06-05
ORD-04644,North,Semi-Trailer,Clear,1467,2022-12-10,No,2022-12-15,2022-12-15
ORD-04645,West,Van,Rain,760,2023-06-14,No,2023-06-17,2023-06-19
ORD-04646,North,Van,Clear,1467,2022-10-24,No,2022-10-29,2022-10-29
ORD-04647,West,Semi-Trailer,Fog,152,2022-01-28,No,2022-01-29,
ORD-04648,North,Semi-Trailer,Clear,538,2023-09-27,No,2023-09-29,2023-09-29
ORD-04649,North,Semi-Trailer,Rain,1318,2022-05-07,,2022-05-12,2022-05-12
ORD-04650,South,Box Truck,Clear,1038,2022-04-26,No,2022-04-30,2022-04-30
ORD-04651,East,Semi-Trailer,Clear,532,2023-02-18,No,2023-02-20,2023-02-23
ORD-04652,West,Semi-Trailer,Clear,729,2022-05-14,No,2022-05-17,2022-05-17
ORD-04653,South,Semi-Trailer,Clear,1469,2022-06-12,No,2022-06-17,2022-06-18
ORD-04654,North,Box Truck,Snow,427,2022-06-06,No,2022-06-08,2022-06-10
ORD-04655,West,Van,Rain,1114,2023-03-31,No,2023-04-04,2023-04-04
ORD-04656,North,Semi-Trailer,Clear,554,2023-08-24,No,2023-08-26,2023-08-26
ORD-04657,East,Van,Clear,1019,2022-10-22,No,2022-10-26,2022-10-26
ORD-04658,South,Box Truck,Clear,826,2023-06-17,No,2023-06-20,2023-06-20
ORD-04659,East,Van,Clear,1410,2023-03-16,No,2023-03-21,2023-03-21
ORD-04660,South,Box Truck,Clear,168,2022-06-19,No,2022-06-20,2022-06-20
ORD-04661,North,Van,Fog,636,2022-06-15,No,2022-06-18,2022-06-20
ORD-04662,East,Van,Clear,1250,2023-08-25,No,2023-08-30,2023-08-30
ORD-04663,East,Semi-Trailer,Rain,782,2023-03-18,No,2023-03-21,2023-03-21
ORD-04664,North,Van,Rain,1078,2023-10-08,No,2023-10-12,2023-10-12
ORD-04665,East,Box Truck,Snow,1248,2023-08-04,No,2023-08-09,2023-08-15
ORD-04666,West,Van,Clear,137,2022-06-26,No,2022-06-27,2022-06-27
ORD-04667,South,Van,Rain,1287,2022-12-27,No,2023-01-01,2023-01-03
ORD-04668,South,Van,Snow,886,2023-11-11,No,2023-11-14,2023-11-17
ORD-04669,South,Box Truck,Clear,1385,2022-07-25,,2022-07-30,2022-08-02
ORD-04670,West,Van,Clear,615,2023-01-13,No,2023-01-16,2023-01-16
ORD-04671,South,Semi-Trailer,Fog,550,2022-09-19,No,2022-09-21,2022-09-24
ORD-04672,North,Van,Rain,173,2023-03-22,No,2023-03-23,2023-03-23
ORD-04673,East,Van,Clear,658,2022-07-22,No,2022-07-25,2022-07-26
ORD-04674,West,Van,Clear,140,2023-08-09,No,2023-08-10,2023-08-11
ORD-04675,South,Van,Clear,705,2022-11-12,No,2022-11-15,2022-11-15
ORD-04676,North,Box Truck,Clear,513,2022-10-19,No,2022-10-21,2022-10-21
ORD-04677,East,Semi-Trailer,Clear,1457,2022-12-01,No,2022-12-06,2022-12-06
ORD-04678,East,Box Truck,Clear,193,2022-05-10,No,2022-05-11,2022-05-11
ORD-04679,West,Van,Rain,835,2023-08-09,No,2023-08-12,2023-08-12
ORD-04680,West,Van,Rain,680,2022-04-08,No,2022-04-11,2022-04-12
ORD-04681,West,Van,Snow,991,2022-01-13,No,2022-01-17,2022-01-20
ORD-04682,North,Semi-Trailer,Clear,1032,2023-02-27,No,2023-03-03,2023-03-03
ORD-04683,North,Van,Snow,563,2022-01-05,No,2022-01-07,2022-01-10
ORD-04684,West,Box Truck,Clear,1268,2023-04-26,,2023-05-01,2023-05-01
ORD-04685,South,Van,Clear,140,2023-09-25,,2023-09-26,2023-09-26
ORD-04686,East,Van,Fog,706,2023-07-21,No,2023-07-24,2023-07-27
ORD-04687,East,Van,Clear,1047,2022-08-24,No,2022-08-28,2022-08-28
ORD-04688,North,Van,Clear,823,2022-09-03,No,2022-09-06,2022-09-06
ORD-04689,East,Box Truck,Clear,668,2022-06-23,No,2022-06-26,2022-06-26
ORD-04690,South,Van,Clear,389,2023-08-10,No,2023-08-12,2023-08-12
ORD-04691,East,Box Truck,Rain,1093,2023-04-24,No,2023-04-28,2023-04-28
ORD-04692,North,Van,Fog,936,2023-02-16,,2023-02-20,2023-02-21
ORD-04693,North,Semi-Trailer,Rain,1325,2023-08-03,No,2023-08-08,2023-08-08
ORD-04694,South,Van,Snow,1193,2023-04-14,No,2023-04-18,2023-04-20
ORD-04695,South,Semi-Trailer,Rain,1480,2022-08-28,No,2022-09-02,2022-09-02
ORD-04696,East,Semi-Trailer,Snow,547,2022-06-03,No,2022-06-05,2022-06-08
ORD-04697,East,Semi-Trailer,Clear,586,2022-07-11,No,2022-07-13,2022-07-13
ORD-04698,North,Van,Fog,1419,2022-08-26,No,2022-08-31,2022-09-02
ORD-04699,South,Box Truck,Clear,1103,2022-07-02,No,2022-07-06,2022-07-06
ORD-04700,South,Van,Fog,1415,2023-01-20,No,2023-01-25,2023-01-26
ORD-04701,South,Van,Clear,694,2022-04-22,No,2022-04-25,2022-04-25
ORD-04702,East,Van,Rain,1258,2022-05-18,No,2022-05-23,2022-05-24
ORD-04703,South,Van,Rain,49,2022-08-04,No,2022-08-05,2022-08-05
ORD-04704,North,Semi-Trailer,Fog,1179,2023-05-24,No,2023-05-28,2023-06-01
ORD-04705,North,Van,Rain,375,2023-01-06,,2023-01-08,2023-01-09
ORD-04706,East,Box Truck,Clear,257,2023-06-16,No,2023-06-17,2023-06-18
ORD-04707,West,Box Truck,Clear,21,2022-05-25,No,2022-05-26,2022-05-27
ORD-04708,East,Box Truck,Clear,746,2023-07-25,No,2023-07-28,2023-07-28
ORD-04709,West,Box Truck,Clear,519,2023-01-12,No,2023-01-14,2023-01-14
ORD-04710,South,Van,Clear,1278,2023-07-16,No,2023-07-21,2023-07-21
ORD-04711,East,Box Truck,Clear,180,2023-11-30,No,2023-12-01,2023-12-02
ORD-04712,North,Van,Clear,1065,2023-11-15,No,2023-11-19,2023-11-19
ORD-04713,South,Semi-Trailer,Fog,730,2022-11-12,No,2022-11-15,2022-11-19
ORD-04714,North,Box Truck,Fog,1004,2022-11-23,No,2022-11-27,2022-11-30
ORD-04715,South,Semi-Trailer,Clear,824,2022-11-10,No,2022-11-13,2022-11-13
ORD-04716,East,Van,Clear,438,2023-11-11,No,2023-11-13,2023-11-13
ORD-04717,West,Van,Clear,1068,2022-03-27,No,2022-03-31,2022-03-31
ORD-04718,South,Van,Clear,214,2023-04-04,No,2023-04-05,2023-04-07
ORD-04719,West,Van,Clear,899,2023-12-09,No,2023-12-12,2023-12-12
ORD-04720,South,Van,Clear,1417,2022-04-09,No,2022-04-14,2022-04-16
ORD-04721,North,Box Truck,Clear,914,2023-01-12,No,2023-01-16,2023-01-17
ORD-04722,North,Van,Clear,1299,2022-07-01,Yes,2022-07-06,2022-07-06
ORD-04723,South,Box Truck,Clear,1476,2022-03-28,No,2022-04-02,2022-04-02
ORD-04724,West,Semi-Trailer,Clear,706,2023-03-17,No,2023-03-20,2023-03-21
ORD-04725,East,Box Truck,Rain,759,2023-11-03,No,2023-11-06,2023-11-06
ORD-04726,East,Van,Snow,994,2023-07-27,No,2023-07-31,2023-08-03
ORD-04727,North,Van,Clear,1299,2022-05-22,No,2022-05-27,2022-05-28
ORD-04728,East,Van,Clear,995,2023-01-31,No,2023-02-04,2023-02-04
ORD-04729,North,Van,Clear,1142,2023-01-22,No,2023-01-26,2023-01-26
ORD-04730,East,Box Truck,Clear,1211,2022-03-31,No,2022-04-05,2022-04-05
ORD-04731,South,Van,Clear,258,2023-06-15,No,2023-06-16,2023-06-16
ORD-04732,North,Semi-Trailer,Clear,1038,2022-02-03,No,2022-02-07,2022-02-07
ORD-04733,North,Box Truck,Clear,1190,2022-02-10,No,2022-02-14,2022-02-14
ORD-04734,South,Box Truck,Clear,239,2023-01-07,No,2023-01-08,2023-01-08
ORD-04735,North,Van,Rain,637,2023-07-03,No,2023-07-06,2023-07-06
ORD-04736,East,Van,Clear,1294,2023-10-26,No,2023-10-31,2023-11-02
ORD-04737,East,Box Truck,Clear,837,2023-07-28,No,2023-07-31,2023-07-31
ORD-04738,North,Van,Clear,330,2022-11-25,,2022-11-27,2022-11-28
ORD-04739,East,Van,Clear,1160,2023-12-09,No,2023-12-13,2023-12-13
ORD-04740,West,Van,Snow,37,2022-11-04,No,2022-11-05,2022-11-07
ORD-04741,North,Van,Rain,860,2023-12-06,No,2023-12-09,
ORD-04742,South,Box Truck,Clear,519,2023-02-02,No,2023-02-04,2023-02-04
ORD-04743,West,Van,Rain,237,2023-01-02,Yes,2023-01-03,2023-01-03
ORD-04744,North,Box Truck,Rain,650,2023-09-28,No,2023-10-01,2023-10-03
ORD-04745,South,Van,Clear,550,2022-07-16,No,2022-07-18,2022-07-18
ORD-04746,East,Box Truck,Clear,1212,2022-07-17,No,2022-07-22,2022-07-22
ORD-04747,South,Semi-Trailer,Snow,681,2023-02-24,,2023-02-27,2023-03-03
ORD-04748,West,Semi-Trailer,Clear,919,2022-03-13,No,2022-03-17,2022-03-17
ORD-04749,East,Van,Clear,1321,2022-02-11,No,2022-02-16,2022-02-19
ORD-04750,North,Van,Clear,1298,2023-05-21,No,2023-05-26,2023-05-26
ORD-04751,East,Van,Rain,1428,2023-12-16,No,2023-12-21,2023-12-21
ORD-04752,North,Box Truck,Fog,1465,2023-05-10,No,2023-05-15,2023-05-19
ORD-04753,North,Box Truck,Snow,1468,2023-04-29,No,2023-05-04,2023-05-08
ORD-04754,South,Box Truck,Rain,1421,2022-01-27,Yes,2022-02-01,2022-02-02
ORD-04755,South,Van,Fog,818,2023-02-19,,2023-02-22,2023-02-25
ORD-04756,South,Box Truck,Rain,1178,2022-05-20,No,2022-05-24,2022-05-27
ORD-04757,West,Van,Rain,1208,2023-02-17,,2023-02-22,2023-02-22
ORD-04758,West,Box Truck,Fog,529,2023-02-21,No,2023-02-23,2023-02-25
ORD-04759,South,Van,Clear,1347,2022-09-14,No,2022-09-19,2022-09-19
ORD-04760,West,Box Truck,Rain,1162,2022-05-31,No,2022-06-04,2022-06-04
ORD-04761,East,Van,Rain,523,2023-03-07,No,2023-03-09,2023-03-09
ORD-04762,East,Van,Fog,1043,2022-06-26,No,2022-06-30,2022-07-02
ORD-04763,West,Box Truck,Snow,356,2023-09-01,No,2023-09-03,2023-09-06
ORD-04764,West,Van,Snow,126,2022-06-24,No,2022-06-25,2022-06-28
ORD-04765,East,Box Truck,Fog,420,2022-08-12,No,2022-08-14,2022-08-15
ORD-04766,North,Box Truck,Clear,1430,2023-02-20,No,2023-02-25,2023-02-25
ORD-04767,East,Box Truck,Clear,1044,2022-02-22,No,2022-02-26,2022-02-28
ORD-04768,East,Van,Clear,1431,2022-04-17,No,2022-04-22,2022-04-22
ORD-04769,West,Van,Clear,1126,2022-07-23,No,2022-07-27,2022-07-27
ORD-04770,East,Box Truck,Clear,1135,2022-10-14,No,2022-10-18,2022-10-18
ORD-04771,West,Van,Clear,107,2022-05-01,Yes,2022-05-02,2022-05-03
ORD-04772,West,Box Truck,Clear,291,2022-02-14,No,2022-02-15,2022-02-15
ORD-04773,South,Van,Fog,816,2023-03-12,No,2023-03-15,2023-03-16
ORD-04774,East,Van,Clear,869,2022-07-19,No,2022-07-22,2022-07-22
ORD-04775,North,Van,Snow,666,2023-11-13,No,2023-11-16,2023-11-20
ORD-04776,South,Van,Fog,1454,2022-07-09,No,2022-07-14,2022-07-15
ORD-04777,West,Van,Clear,1397,2022-12-26,No,2022-12-31,2022-12-31
ORD-04778,West,Box Truck,Clear,220,2022-05-04,No,2022-05-05,2022-05-05
ORD-04779,North,Box Truck,Rain,517,2023-03-02,,2023-03-04,2023-03-04
ORD-04780,West,Van,Rain,1109,2023-01-23,Yes,2023-01-27,2023-01-27
ORD-04781,East,Semi-Trailer,Clear,1356,2023-01-27,No,2023-02-01,2023-02-01
ORD-04782,South,Box Truck,Clear,461,2023-08-28,No,2023-08-30,2023-08-30
ORD-04783,West,Semi-Trailer,Clear,696,2022-08-05,No,2022-08-08,2022-08-08
ORD-04784,West,Box Truck,Clear,632,2022-09-29,No,2022-10-02,2022-10-02
ORD-04785,North,Box Truck,Clear,980,2023-05-07,No,2023-05-11,2023-05-12
ORD-04786,East,Van,Clear,939,2022-08-06,No,2022-08-10,2022-08-10
ORD-04787,West,Van,Rain,27,2023-09-29,No,2023-09-30,2023-10-01
ORD-04788,North,Van,Fog,1324,2023-11-27,No,2023-12-02,2023-12-03
ORD-04789,West,Box Truck,Rain,795,2023-06-22,No,2023-06-25,2023-06-25
ORD-04790,North,Van,Fog,207,2023-03-31,No,2023-04-01,2023-04-02
ORD-04791,North,Box Truck,Rain,1195,2022-03-01,No,2022-03-05,2022-03-05
ORD-04792,East,Van,Rain,426,2023-05-15,No,2023-05-17,2023-05-17
ORD-04793,West,Semi-Trailer,Clear,393,2023-05-01,No,2023-05-03,2023-05-04
ORD-04794,East,Van,Clear,209,2023-10-31,No,2023-11-01,2023-11-04
ORD-04795,North,Van,Snow,904,2023-06-10,,2023-06-14,2023-06-20
ORD-04796,South,Van,Fog,989,2022-03-30,,2022-04-03,2022-04-05
ORD-04797,West,Van,Clear,1076,2023-05-03,No,2023-05-07,2023-05-07
ORD-04798,South,Van,Clear,91,2023-07-04,No,2023-07-05,2023-07-05
ORD-04799,West,Box Truck,Rain,1337,2023-09-07,No,2023-09-12,2023-09-14
ORD-04800,East,Van,Clear,1232,2022-05-03,No,2022-05-08,2022-05-08
ORD-04801,East,Van,Clear,1439,2022-06-01,No,2022-06-06,2022-06-06
ORD-04802,East,Semi-Trailer,Snow,1460,2022-05-14,,2022-05-19,2022-05-23
ORD-04803,East,Van,Clear,1494,2023-09-12,No,2023-09-17,2023-09-17
ORD-04804,East,Semi-Trailer,Rain,893,2023-08-24,No,2023-08-27,2023-08-28
ORD-04805,South,Semi-Trailer,Fog,489,2023-03-05,No,2023-03-07,2023-03-09
ORD-04806,East,Van,Clear,737,2023-09-27,No,2023-09-30,2023-09-30
ORD-04807,North,Van,Clear,133,2023-04-29,,2023-04-30,2023-04-30
ORD-04808,North,Van,Clear,537,2022-10-09,No,2022-10-11,2022-10-11
ORD-04809,South,Box Truck,Clear,535,2023-07-25,No,2023-07-27,2023-07-27
ORD-04810,West,Box Truck,Rain,48,2023-08-20,No,2023-08-21,2023-08-21
ORD-04811,North,Box Truck,Clear,1232,2023-02-19,No,2023-02-24,2023-02-24
ORD-04812,West,Box Truck,Clear,117,2023-06-07,No,2023-06-08,2023-06-08
ORD-04813,South,Van,Clear,277,2022-05-25,Yes,2022-05-26,2022-05-29
ORD-04814,West,Semi-Trailer,Clear,1386,2023-02-03,,2023-02-08,2023-02-08
ORD-04815,West,Box Truck,Clear,320,2023-09-14,No,2023-09-16,2023-09-16
ORD-04816,West,Box Truck,Rain,1423,2023-12-27,Yes,2024-01-01,2024-01-03
ORD-04817,West,Semi-Trailer,Clear,49,2022-08-28,No,2022-08-29,2022-08-30
ORD-04818,South,Box Truck,Clear,790,2022-08-05,No,2022-08-08,2022-08-08
ORD-04819,North,Van,Clear,590,2023-10-03,No,2023-10-05,2023-10-06
ORD-04820,East,Van,Fog,161,2022-03-15,No,2022-03-16,2022-03-18
ORD-04821,West,Van,Clear,196,2022-11-02,No,2022-11-03,2022-11-03
ORD-04822,North,Van,Rain,439,2023-02-18,No,2023-02-20,2023-02-23
ORD-04823,North,Semi-Trailer,Clear,466,2022-11-14,,2022-11-16,2022-11-19
ORD-04824,South,Van,Rain,762,2022-10-10,Yes,2022-10-13,2022-10-13
ORD-04825,North,Box Truck,Clear,1260,2023-06-13,No,2023-06-18,2023-06-18
ORD-04826,South,Box Truck,Fog,1461,2022-09-16,No,2022-09-21,2022-09-23
ORD-04827,West,Van,Rain,213,2023-05-22,No,2023-05-23,2023-05-25
ORD-04828,West,Semi-Trailer,Snow,788,2022-03-22,No,2022-03-25,2022-03-27
ORD-04829,East,Semi-Trailer,Clear,127,2022-05-25,,2022-05-26,2022-05-26
ORD-04830,East,Box Truck,Rain,1427,2023-10-01,No,2023-10-06,2023-10-08
ORD-04831,East,Van,Rain,231,2023-09-06,No,2023-09-07,2023-09-07
ORD-04832,North,Van,Clear,906,2023-06-15,No,2023-06-19,2023-06-19
ORD-04833,West,Van,Clear,72,2023-09-24,Yes,2023-09-25,2023-09-25
ORD-04834,South,Van,Rain,405,2023-02-06,No,2023-02-08,2023-02-08
ORD-04835,East,Box Truck,Clear,14,2022-12-11,No,2022-12-12,2022-12-15
ORD-04836,South,Semi-Trailer,Rain,1367,2023-07-31,No,2023-08-05,2023-08-05
ORD-04837,South,Box Truck,Clear,1325,2022-04-12,No,2022-04-17,2022-04-17
ORD-04838,East,Semi-Trailer,Clear,517,2022-01-26,No,2022-01-28,2022-01-28
ORD-04839,West,Box Truck,Rain,154,2023-04-04,No,2023-04-05,2023-04-05
ORD-04840,East,Van,Clear,963,2023-12-25,No,2023-12-29,2023-12-29
ORD-04841,South,Semi-Trailer,Fog,671,2023-04-18,No,2023-04-21,2023-04-23
ORD-04842,East,Van,Snow,1192,2022-10-01,No,2022-10-05,2022-10-06
ORD-04843,South,Semi-Trailer,Rain,790,2023-09-06,No,2023-09-09,2023-09-09
ORD-04844,South,Van,Snow,968,2023-02-19,No,2023-02-23,2023-02-27
ORD-04845,East,Van,Snow,972,2022-01-30,No,2022-02-03,2022-02-07
ORD-04846,North,Semi-Trailer,Clear,20,2023-02-08,,2023-02-09,2023-02-09
ORD-04847,East,Box Truck,Snow,78,2023-02-19,No,2023-02-20,2023-02-23
ORD-04848,North,Semi-Trailer,Clear,973,2022-03-01,No,2022-03-05,2022-03-05
ORD-04849,South,Semi-Trailer,Clear,211,2023-04-12,No,2023-04-13,2023-04-13
ORD-04850,South,Van,Clear,275,2023-09-22,No,2023-09-23,2023-09-23
ORD-04851,North,Box Truck,Rain,117,2022-05-30,No,2022-05-31,2022-05-31
ORD-04852,South,Van,Clear,1087,2022-08-26,No,2022-08-30,2022-08-31
ORD-04853,North,Box Truck,Clear,960,2023-11-28,No,2023-12-02,2023-12-02
ORD-04854,North,Box Truck,Rain,1371,2023-09-14,No,2023-09-19,2023-09-19
ORD-04855,South,Van,Clear,199,2023-05-10,No,2023-05-11,2023-05-11
ORD-04856,West,Box Truck,Rain,248,2022-04-01,No,2022-04-02,2022-04-02
ORD-04857,North,Box Truck,Rain,960,2022-09-26,No,2022-09-30,2022-09-30
ORD-04858,East,Van,Clear,352,2022-07-24,No,2022-07-26,2022-07-26
ORD-04859,East,Semi-Trailer,Clear,300,2022-12-25,No,2022-12-27,2022-12-27
ORD-04860,South,Box Truck,Rain,1356,2023-01-27,No,2023-02-01,2023-02-01
ORD-04861,West,Semi-Trailer,Clear,330,2022-08-11,No,2022-08-13,2022-08-13
ORD-04862,South,Van,Clear,51,2022-09-03,No,2022-09-04,2022-09-04
ORD-04863,West,Van,Clear,964,2023-10-05,No,2023-10-09,2023-10-09
ORD-04864,North,Box Truck,Clear,1231,2023-10-09,No,2023-10-14,2023-10-14
ORD-04865,North,Van,Clear,898,2023-01-03,No,2023-01-06,2023-01-07
ORD-04866,North,Semi-Trailer,Clear,642,2023-02-26,No,2023-03-01,2023-03-01
ORD-04867,North,Van,Rain,855,2022-04-01,No,2022-04-04,2022-04-07
ORD-04868,East,Box Truck,Clear,293,2023-06-21,No,2023-06-22,2023-06-22
ORD-04869,East,Box Truck,Snow,816,2023-12-30,No,2024-01-02,2024-01-04
ORD-04870,South,Van,Clear,191,2023-12-12,No,2023-12-13,2023-12-13
ORD-04871,West,Van,Clear,1044,2023-02-20,No,2023-02-24,2023-02-25
ORD-04872,North,Box Truck,Rain,754,2023-12-02,No,2023-12-05,2023-12-05
ORD-04873,North,Box Truck,Rain,451,2023-01-09,,2023-01-11,2023-01-11
ORD-04874,West,Van,Rain,638,2022-01-02,No,2022-01-05,2022-01-05
ORD-04875,West,Semi-Trailer,Rain,1457,2022-04-14,No,2022-04-19,2022-04-19
ORD-04876,South,Van,Rain,397,2023-04-20,No,2023-04-22,2023-04-22
ORD-04877,West,Van,Clear,585,2022-11-26,No,2022-11-28,2022-11-29
ORD-04878,North,Box Truck,Rain,463,2023-03-29,No,2023-03-31,2023-03-31
ORD-04879,North,Van,Rain,936,2022-08-21,No,2022-08-25,2022-08-25
ORD-04880,North,Semi-Trailer,Fog,1035,2023-09-28,No,2023-10-02,2023-10-04
ORD-04881,North,Van,Rain,820,2023-12-19,No,2023-12-22,2023-12-23
ORD-04882,North,Van,Rain,1275,2023-05-04,No,2023-05-09,2023-05-09
ORD-04883,South,Van,Clear,818,2022-08-31,No,2022-09-03,2022-09-03
ORD-04884,North,Box Truck,Snow,1093,2022-12-12,No,2022-12-16,2022-12-22
ORD-04885,South,Box Truck,Fog,377,2022-11-04,No,2022-11-06,2022-11-10
ORD-04886,North,Box Truck,Rain,951,2023-11-10,No,2023-11-14,
ORD-04887,East,Van,Rain,49,2022-07-11,No,2022-07-12,2022-07-13
ORD-04888,East,Van,Clear,1348,2023-11-02,No,2023-11-07,2023-11-10
ORD-04889,East,Semi-Trailer,Rain,566,2023-02-27,No,2023-03-01,2023-03-01
ORD-04890,East,Van,Rain,1331,2023-12-14,No,2023-12-19,2023-12-19
ORD-04891,South,Semi-Trailer,Rain,926,2022-12-02,No,2022-12-06,2022-12-07
ORD-04892,South,Van,Clear,1030,2022-06-26,No,2022-06-30,2022-06-30
ORD-04893,West,Semi-Trailer,Rain,652,2023-09-17,No,2023-09-20,2023-09-23
ORD-04894,North,Van,Clear,459,2022-09-25,,2022-09-27,2022-09-27
ORD-04895,East,Box Truck,Rain,404,2022-10-18,No,2022-10-20,2022-10-20
ORD-04896,South,Van,Clear,801,2022-06-30,No,2022-07-03,2022-07-03
ORD-04897,North,Van,Rain,97,2023-01-14,No,2023-01-15,2023-01-15
ORD-04898,North,Van,Clear,542,2023-08-13,No,2023-08-15,2023-08-15
ORD-04899,South,Van,Clear,1421,2023-05-07,No,2023-05-12,2023-05-15
ORD-04900,East,Van,Rain,753,2022-03-12,No,2022-03-15,2022-03-15
ORD-04901,West,Box Truck,Clear,390,2022-09-21,No,2022-09-23,2022-09-23
ORD-04902,North,Box Truck,Rain,440,2023-03-05,No,2023-03-07,2023-03-07
ORD-04903,West,Box Truck,Fog,1249,2023-11-23,,2023-11-28,2023-11-30
ORD-04904,East,Box Truck,Fog,286,2022-03-24,No,2022-03-25,2022-03-29
ORD-04905,East,Box Truck,Clear,203,2022-04-17,No,2022-04-18,2022-04-18
ORD-04906,West,Van,Snow,188,2023-12-12,No,2023-12-13,2023-12-14
ORD-04907,East,Van,Clear,1176,2022-05-16,No,2022-05-20,2022-05-20
ORD-04908,North,Van,Fog,227,2022-03-24,No,2022-03-25,2022-03-29
ORD-04909,West,Semi-Trailer,Rain,997,2023-06-01,No,2023-06-05,2023-06-06
ORD-04910,East,Van,Clear,1092,2023-02-12,No,2023-02-16,2023-02-16
ORD-04911,West,Van,Clear,1379,2022-07-27,No,2022-08-01,2022-08-01
ORD-04912,North,Box Truck,Clear,566,2022-07-26,No,2022-07-28,2022-07-28
ORD-04913,East,Van,Rain,1452,2022-04-03,No,2022-04-08,2022-04-08
ORD-04914,North,Semi-Trailer,Clear,1257,2023-01-10,No,2023-01-15,2023-01-15
ORD-04915,East,Semi-Trailer,Rain,1383,2023-04-06,No,2023-04-11,2023-04-11
ORD-04916,South,Van,Rain,777,2022-01-16,No,2022-01-19,2022-01-19
ORD-04917,East,Van,Fog,86,2022-01-24,No,2022-01-25,2022-01-30
ORD-04918,West,Van,Fog,608,2023-05-01,No,2023-05-04,2023-05-07
ORD-04919,East,Box Truck,Clear,1241,2023-11-18,No,2023-11-23,2023-11-25
ORD-04920,North,Van,Rain,1192,2023-07-31,No,2023-08-04,2023-08-07
ORD-04921,North,Box Truck,Snow,533,2023-07-24,No,2023-07-26,2023-07-29
ORD-04922,East,Box Truck,Snow,1258,2023-03-07,No,2023-03-12,2023-03-16
ORD-04923,West,Van,Clear,1391,2023-08-12,No,2023-08-17,2023-08-17
ORD-04924,South,Van,Clear,822,2022-03-26,No,2022-03-29,2022-03-29
ORD-04925,West,Box Truck,Clear,393,2022-02-27,No,2022-03-01,2022-03-01
ORD-04926,South,Van,Clear,513,2023-09-30,No,2023-10-02,2023-10-02
ORD-04927,North,Semi-Trailer,Clear,1483,2022-02-03,No,2022-02-08,2022-02-08
ORD-04928,West,Van,Clear,251,2023-06-06,No,2023-06-07,2023-06-07
ORD-04929,South,Box Truck,Rain,378,2023-04-12,No,2023-04-14,2023-04-14
ORD-04930,East,Semi-Trailer,Clear,297,2022-11-26,No,2022-11-27,2022-11-29
ORD-04931,North,Semi-Trailer,Rain,408,2023-04-23,No,2023-04-25,2023-04-25
ORD-04932,East,Van,Clear,113,2023-04-19,No,2023-04-20,2023-04-20
ORD-04933,North,Van,Snow,1344,2023-03-11,No,2023-03-16,2023-03-17
ORD-04934,West,Box Truck,Fog,136,2022-07-10,No,2022-07-11,2022-07-12
ORD-04935,West,Van,Rain,49,2022-09-15,No,2022-09-16,2022-09-16
ORD-04936,North,Van,Snow,1105,2022-12-26,No,2022-12-30,2022-12-31
ORD-04937,North,Semi-Trailer,Clear,891,2023-11-09,No,2023-11-12,2023-11-14
ORD-04938,North,Van,Rain,954,2022-01-26,No,2022-01-30,2022-01-31
ORD-04939,West,Van,Clear,256,2023-08-15,No,2023-08-16,2023-08-16
ORD-04940,South,Van,Clear,1280,2023-07-29,No,2023-08-03,2023-08-03
ORD-04941,East,Box Truck,Clear,321,2023-04-27,Yes,2023-04-29,2023-04-29
ORD-04942,East,Box Truck,Clear,43,2023-11-20,No,2023-11-21,2023-11-21
ORD-04943,West,Van,Clear,138,2022-08-20,No,2022-08-21,2022-08-21
ORD-04944,East,Van,Rain,19,2022-05-04,,2022-05-05,2022-05-06
ORD-04945,North,Van,Clear,1201,2022-07-19,No,2022-07-24,2022-07-24
ORD-04946,South,Box Truck,Snow,1249,2022-09-30,No,2022-10-05,
ORD-04947,East,Van,Rain,951,2023-11-15,No,2023-11-19,2023-11-19
ORD-04948,South,Semi-Trailer,Clear,1441,2023-10-24,,2023-10-29,2023-10-29
ORD-04949,North,Van,Clear,944,2022-10-22,,2022-10-26,2022-10-29
ORD-04950,East,Semi-Trailer,Snow,1051,2022-09-21,No,2022-09-25,2022-09-28
ORD-04951,West,Van,Clear,349,2022-04-01,No,2022-04-03,2022-04-03
ORD-04952,South,Box Truck,Clear,690,2023-04-28,No,2023-05-01,2023-05-01
ORD-04953,North,Van,Rain,1123,2022-12-27,No,2022-12-31,2022-12-31
ORD-04954,South,Van,Clear,1318,2023-05-06,No,2023-05-11,2023-05-11
ORD-04955,East,Semi-Trailer,Clear,543,2023-08-16,No,2023-08-18,2023-08-18
ORD-04956,East,Semi-Trailer,Clear,1300,2022-11-02,No,2022-11-07,2022-11-07
ORD-04957,West,Van,Clear,818,2023-08-06,No,2023-08-09,2023-08-09
ORD-04958,North,Box Truck,Clear,442,2022-03-13,No,2022-03-15,2022-03-15
ORD-04959,North,Box Truck,Clear,767,2022-06-30,No,2022-07-03,2022-07-03
ORD-04960,West,Semi-Trailer,Clear,660,2022-09-16,No,2022-09-19,2022-09-19
ORD-04961,West,Van,Clear,1085,2022-12-16,No,2022-12-20,2022-12-20
ORD-04962,North,Box Truck,Fog,1100,2022-08-20,No,2022-08-24,2022-08-27
ORD-04963,South,Van,Clear,606,2023-02-01,,2023-02-04,2023-02-04
ORD-04964,South,Van,Rain,259,2022-11-26,No,2022-11-27,2022-11-27
ORD-04965,West,Semi-Trailer,Clear,1364,2023-05-04,,2023-05-09,2023-05-09
ORD-04966,South,Van,Clear,913,2023-05-15,No,2023-05-19,2023-05-20
ORD-04967,North,Van,Snow,424,2022-12-16,No,2022-12-18,2022-12-19
ORD-04968,East,Box Truck,Rain,1156,2022-10-11,No,2022-10-15,2022-10-17
ORD-04969,East,Box Truck,Clear,1235,2023-07-01,No,2023-07-06,2023-07-06
ORD-04970,South,Van,Clear,15,2022-02-06,No,2022-02-07,2022-02-07
ORD-04971,West,Van,Clear,858,2023-09-27,No,2023-09-30,2023-09-30
ORD-04972,West,Semi-Trailer,Snow,1232,2022-03-26,No,2022-03-31,2022-04-04
ORD-04973,West,Van,Clear,22,2022-08-28,No,2022-08-29,2022-08-29
ORD-04974,West,Box Truck,Clear,15,2022-07-25,No,2022-07-26,2022-07-29
ORD-04975,West,Box Truck,Rain,1444,2023-04-06,No,2023-04-11,2023-04-12
ORD-04976,South,Van,Fog,1154,2022-04-26,No,2022-04-30,2022-05-01
ORD-04977,East,Semi-Trailer,Snow,1395,2022-05-15,No,2022-05-20,2022-05-21
ORD-04978,East,Box Truck,Clear,547,2023-10-31,,2023-11-02,2023-11-02
ORD-04979,South,Van,Rain,13,2023-08-31,No,2023-09-01,2023-09-01
ORD-04980,West,Box Truck,Rain,293,2022-12-13,No,2022-12-14,2022-12-14
ORD-04981,South,Box Truck,Rain,731,2023-08-16,No,2023-08-19,2023-08-19
ORD-04982,East,Box Truck,Snow,1025,2023-01-15,No,2023-01-19,2023-01-21
ORD-04983,North,Semi-Trailer,Fog,1392,2022-04-01,No,2022-04-06,2022-04-09
ORD-04984,South,Van,Clear,702,2023-02-16,No,2023-02-19,2023-02-20
ORD-04985,West,Van,Clear,1315,2022-01-04,No,2022-01-09,2022-01-09
ORD-04986,East,Van,Rain,666,2022-01-30,No,2022-02-02,2022-02-02
ORD-04987,East,Van,Clear,961,2023-01-06,No,2023-01-10,2023-01-10
ORD-04988,East,Van,Clear,637,2023-06-17,No,2023-06-20,2023-06-20
ORD-04989,East,Semi-Trailer,Clear,1382,2022-09-16,No,2022-09-21,2022-09-24
ORD-04990,West,Box Truck,Snow,989,2022-05-28,Yes,2022-06-01,2022-06-03
ORD-04991,North,Box Truck,Clear,1063,2022-09-05,No,2022-09-09,2022-09-10
ORD-04992,East,Box Truck,Rain,383,2023-04-21,No,2023-04-23,2023-04-23
ORD-04993,South,Semi-Trailer,Clear,1157,2022-05-21,No,2022-05-25,2022-05-25
ORD-04994,North,Van,Clear,1479,2022-11-05,No,2022-11-10,2022-11-11
ORD-04995,East,Semi-Trailer,Clear,1020,2023-09-12,No,2023-09-16,2023-09-16
ORD-04996,North,Van,Clear,1427,2023-03-18,No,2023-03-23,2023-03-23
ORD-04997,South,Semi-Trailer,Snow,659,2022-12-04,No,2022-12-07,2022-12-11
ORD-04998,East,Box Truck,Snow,734,2022-03-18,No,2022-03-21,2022-03-27
ORD-04999,South,Van,Rain,821,2022-09-02,No,2022-09-05,2022-09-05
ORD-05000,West,Box Truck,Clear,1089,2022-04-17,No,2022-04-21,2022-04-24
ORD-05001,East,Box Truck,Clear,141,2023-08-08,No,2023-08-09,2023-08-10
ORD-05002,East,Van,Clear,790,2023-07-10,No,2023-07-13,2023-07-14
ORD-05003,East,Box Truck,Clear,131,2022-07-10,No,2022-07-11,2022-07-13
ORD-05004,East,Van,Clear,211,2022-05-07,No,2022-05-08,2022-05-08
ORD-05005,West,Van,Rain,711,2023-01-11,No,2023-01-14,2023-01-14
ORD-05006,East,Semi-Trailer,Clear,1298,2022-05-25,No,2022-05-30,2022-05-30
ORD-05007,North,Box Truck,Clear,567,2023-10-08,No,2023-10-10,2023-10-10
ORD-05008,East,Semi-Trailer,Fog,1073,2023-07-23,No,2023-07-27,2023-08-01
ORD-05009,West,Box Truck,Clear,588,2023-01-15,No,2023-01-17,2023-01-20
ORD-05010,East,Van,Fog,1146,2022-08-25,No,2022-08-29,2022-08-30
ORD-05011,North,Box Truck,Fog,1372,2023-05-28,No,2023-06-02,2023-06-03
ORD-05012,West,Box Truck,Clear,1095,2023-04-19,No,2023-04-23,2023-04-23
ORD-05013,West,Semi-Trailer,Clear,236,2022-08-12,No,2022-08-13,2022-08-13
ORD-05014,North,Van,Rain,183,2023-09-08,No,2023-09-09,2023-09-09
ORD-05015,North,Semi-Trailer,Clear,1029,2023-10-25,No,2023-10-29,2023-10-29
ORD-05016,North,Semi-Trailer,Clear,1167,2022-09-03,No,2022-09-07,2022-09-10
ORD-05017,North,Box Truck,Rain,1318,2022-01-22,No,2022-01-27,2022-01-27
ORD-05018,North,Semi-Trailer,Clear,1141,2022-08-22,No,2022-08-26,2022-08-26
ORD-05019,West,Van,Clear,152,2023-05-21,No,2023-05-22,
ORD-05020,West,Semi-Trailer,Rain,578,2023-12-10,No,2023-12-12,2023-12-12
ORD-05021,East,Box Truck,Rain,1327,2022-09-27,No,2022-10-02,2022-10-02
ORD-05022,East,Van,Clear,286,2023-08-11,,2023-08-12,2023-08-12
ORD-05023,South,Semi-Trailer,Clear,285,2023-02-27,No,2023-02-28,2023-03-03
ORD-05024,East,Van,Clear,243,2022-09-10,No,2022-09-11,2022-09-11
ORD-05025,East,Van,Clear,1275,2023-07-18,,2023-07-23,2023-07-23
ORD-05026,North,Box Truck,Rain,1291,2023-09-22,,2023-09-27,2023-09-27
ORD-05027,North,Van,Rain,41,2023-09-17,No,2023-09-18,2023-09-18
ORD-05028,East,Van,Rain,1400,2023-04-16,Yes,2023-04-21,2023-04-21
ORD-05029,South,Semi-Trailer,Clear,1381,2022-02-07,Yes,2022-02-12,2022-02-12
ORD-05030,North,Van,Clear,769,2022-07-16,No,2022-07-19,2022-07-19
ORD-05031,East,Van,Clear,1165,2023-03-05,No,2023-03-09,2023-03-09
ORD-05032,East,Van,Clear,802,2023-03-31,No,2023-04-03,2023-04-03
ORD-05033,West,Van,Clear,1401,2023-03-17,No,2023-03-22,2023-03-22
ORD-05034,South,Box Truck,Clear,771,2023-03-30,No,2023-04-02,2023-04-05
ORD-05035,West,Box Truck,Clear,274,2023-11-10,No,2023-11-11,2023-11-11
ORD-05036,South,Semi-Trailer,Rain,224,2022-07-02,No,2022-07-03,2022-07-03
ORD-05037,North,Box Truck,Rain,1248,2023-04-11,No,2023-04-16,2023-04-16
ORD-05038,South,Van,Clear,291,2022-03-16,No,2022-03-17,2022-03-17
ORD-05039,East,Semi-Trailer,Clear,539,2023-06-27,No,2023-06-29,2023-06-29
ORD-05040,East,Box Truck,Snow,11,2022-04-08,No,2022-04-09,2022-04-11
ORD-05041,South,Box Truck,Fog,522,2023-05-22,Yes,2023-05-24,2023-05-28
ORD-05042,South,Box Truck,Clear,825,2022-08-17,No,2022-08-20,2022-08-20
ORD-05043,South,Semi-Trailer,Rain,473,2022-08-25,No,2022-08-27,2022-08-27
ORD-05044,West,Box Truck,Snow,1480,2023-05-16,No,2023-05-21,2023-05-25
ORD-05045,South,Van,Clear,1396,2022-06-12,No,2022-06-17,2022-06-18
ORD-05046,North,Box Truck,Clear,1249,2022-12-03,No,2022-12-08,2022-12-09
ORD-05047,West,Van,Clear,173,2023-09-01,No,2023-09-02,
ORD-05048,West,Van,Clear,547,2023-03-09,No,2023-03-11,2023-03-13
ORD-05049,South,Van,Clear,520,2023-09-21,No,2023-09-23,2023-09-23
ORD-05050,North,Van,Fog,1254,2022-03-15,No,2022-03-20,2022-03-21
ORD-05051,West,Van,Rain,564,2023-09-08,No,2023-09-10,2023-09-13
ORD-05052,East,Van,Clear,650,2023-01-11,No,2023-01-14,2023-01-14
ORD-05053,West,Box Truck,Clear,1316,2022-06-19,No,2022-06-24,2022-06-24
ORD-05054,South,Semi-Trailer,Rain,1104,2022-09-02,Yes,2022-09-06,2022-09-06
ORD-05055,North,Semi-Trailer,Clear,1407,2023-11-23,No,2023-11-28,2023-11-28
ORD-05056,South,Van,Clear,268,2023-02-26,No,2023-02-27,2023-02-27
ORD-05057,East,Box Truck,Fog,454,2022-07-02,No,2022-07-04,2022-07-06
ORD-05058,East,Semi-Trailer,Clear,1234,2022-11-17,No,2022-11-22,2022-11-24
ORD-05059,East,Van,Clear,1413,2022-07-06,No,2022-07-11,2022-07-11
ORD-05060,South,Box Truck,Clear,775,2022-01-19,Yes,2022-01-22,2022-01-22
ORD-05061,West,Box Truck,Clear,1448,2022-02-06,Yes,2022-02-11,2022-02-11
ORD-05062,South,Van,Clear,74,2022-08-24,No,2022-08-25,2022-08-28
ORD-05063,North,Semi-Trailer,Clear,1411,2023-08-29,No,2023-09-03,2023-09-03
ORD-05064,West,Semi-Trailer,Rain,667,2023-09-28,No,2023-10-01,2023-10-01
ORD-05065,East,Van,Clear,1135,2022-05-22,No,2022-05-26,2022-05-26
ORD-05066,South,Van,Clear,1010,2022-07-13,No,2022-07-17,2022-07-17
ORD-05067,East,Van,Clear,51,2022-05-28,No,2022-05-29,2022-05-29
ORD-05068,East,Van,Clear,888,2023-01-28,No,2023-01-31,2023-01-31
ORD-05069,North,Box Truck,Snow,205,2023-09-03,No,2023-09-04,
ORD-05070,West,Box Truck,Clear,1393,2023-05-02,No,2023-05-07,2023-05-07
ORD-05071,North,Van,Rain,1132,2023-07-30,No,2023-08-03,2023-08-06
ORD-05072,North,Semi-Trailer,Clear,397,2023-09-23,No,2023-09-25,2023-09-26
ORD-05073,North,Van,Clear,74,2022-10-16,No,2022-10-17,2022-10-17
ORD-05074,East,Van,Rain,1330,2023-01-24,No,2023-01-29,2023-01-29
ORD-05075,North,Van,Clear,1460,2023-04-22,No,2023-04-27,2023-04-27
ORD-05076,North,Box Truck,Rain,232,2022-04-09,No,2022-04-10,2022-04-10
ORD-05077,West,Van,Clear,924,2023-09-01,No,2023-09-05,2023-09-05
ORD-05078,West,Van,Clear,1182,2022-06-29,,2022-07-03,2022-07-03
ORD-05079,North,Van,Rain,451,2023-06-24,No,2023-06-26,2023-06-26
ORD-05080,West,Semi-Trailer,Rain,1447,2022-10-27,No,2022-11-01,2022-11-01
ORD-05081,West,Semi-Trailer,Rain,1149,2022-08-23,No,2022-08-27,2022-08-28
ORD-05082,North,Van,Rain,912,2022-03-10,No,2022-03-14,2022-03-14
ORD-05083,East,Van,Fog,462,2023-04-25,No,2023-04-27,2023-05-02
ORD-05084,North,Box Truck,Clear,329,2023-10-11,No,2023-10-13,2023-10-13
ORD-05085,West,Box Truck,Clear,779,2022-06-06,No,2022-06-09,2022-06-09
ORD-05086,East,Van,Clear,892,2023-11-16,No,2023-11-19,2023-11-20
ORD-05087,South,Semi-Trailer,Clear,1025,2022-09-07,No,2022-09-11,2022-09-13
ORD-05088,East,Box Truck,Clear,460,2023-03-20,No,2023-03-22,2023-03-22
ORD-05089,West,Van,Snow,905,2022-12-18,No,2022-12-22,2022-12-26
ORD-05090,East,Box Truck,Clear,1112,2022-06-30,No,2022-07-04,
ORD-05091,North,Semi-Trailer,Rain,752,2023-09-04,No,2023-09-07,2023-09-07
ORD-05092,South,Box Truck,Clear,366,2023-02-23,No,2023-02-25,2023-02-27
ORD-05093,South,Van,Clear,1152,2023-11-16,,2023-11-20,2023-11-20
ORD-05094,South,Van,Fog,1312,2022-10-27,No,2022-11-01,2022-11-04
ORD-05095,West,Van,Clear,791,2022-05-11,No,2022-05-14,2022-05-14
ORD-05096,West,Van,Clear,575,2022-04-25,No,2022-04-27,2022-04-27
ORD-05097,South,Box Truck,Clear,1078,2023-04-22,No,2023-04-26,2023-04-26
ORD-05098,East,Semi-Trailer,Rain,1258,2022-04-14,No,2022-04-19,2022-04-19
ORD-05099,South,Box Truck,Clear,537,2023-02-10,No,2023-02-12,2023-02-12
ORD-05100,East,Semi-Trailer,Clear,733,2023-08-17,No,2023-08-20,2023-08-21
ORD-05101,East,Van,Rain,250,2022-11-27,No,2022-11-28,2022-11-29
ORD-05102,West,Semi-Trailer,Clear,623,2022-10-17,No,2022-10-20,2022-10-20
ORD-05103,East,Box Truck,Rain,104,2023-06-30,No,2023-07-01,2023-07-01
ORD-05104,South,Van,Clear,374,2023-12-07,No,2023-12-09,2023-12-09
ORD-05105,West,Box Truck,Clear,1218,2023-05-23,No,2023-05-28,2023-05-29
ORD-05106,North,Van,Rain,1169,2023-01-11,No,2023-01-15,2023-01-16
ORD-05107,North,Box Truck,Snow,34,2022-10-17,No,2022-10-18,2022-10-21
ORD-05108,West,Box Truck,Rain,327,2023-08-02,No,2023-08-04,2023-08-04
ORD-05109,South,Van,Rain,342,2023-07-19,No,2023-07-21,2023-07-21
ORD-05110,North,Box Truck,Clear,923,2023-03-24,No,2023-03-28,2023-03-28
ORD-05111,North,Box Truck,Clear,571,2022-10-19,Yes,2022-10-21,2022-10-21
ORD-05112,East,Van,Clear,690,2023-06-17,No,2023-06-20,2023-06-21
ORD-05113,East,Van,Snow,109,2023-07-18,No,2023-07-19,2023-07-21
ORD-05114,South,Van,Snow,379,2023-03-02,No,2023-03-04,2023-03-05
ORD-05115,West,Box Truck,Fog,1045,2023-04-06,No,2023-04-10,2023-04-14
ORD-05116,South,Semi-Trailer,Clear,729,2022-01-07,No,2022-01-10,2022-01-10
ORD-05117,West,Semi-Trailer,Clear,86,2022-12-09,No,2022-12-10,2022-12-10
ORD-05118,North,Box Truck,Rain,596,2022-02-18,No,2022-02-20,2022-02-20
ORD-05119,East,Box Truck,Rain,983,2022-08-23,No,2022-08-27,2022-08-27
ORD-05120,South,Van,Rain,691,2023-11-22,No,2023-11-25,2023-11-26
ORD-05121,South,Box Truck,Rain,1381,2022-04-17,No,2022-04-22,2022-04-22
ORD-05122,West,Van,Clear,1476,2023-04-23,No,2023-04-28,2023-04-28
ORD-05123,West,Van,Clear,700,2023-12-21,No,2023-12-24,2023-12-24
ORD-05124,South,Box Truck,Clear,97,2023-09-18,No,2023-09-19,2023-09-19
ORD-05125,West,Van,Clear,474,2022-03-04,No,2022-03-06,2022-03-06
ORD-05126,South,Box Truck,Clear,503,2023-09-20,No,2023-09-22,2023-09-22
ORD-05127,South,Semi-Trailer,Clear,1255,2023-05-26,No,2023-05-31,2023-05-31
ORD-05128,South,Van,Clear,1151,2023-05-27,No,2023-05-31,2023-05-31
ORD-05129,North,Van,Rain,145,2022-04-25,No,2022-04-26,2022-04-26
ORD-05130,West,Semi-Trailer,Snow,987,2023-11-29,No,2023-12-03,2023-12-06
ORD-05131,East,Box Truck,Snow,196,2022-08-27,,2022-08-28,2022-08-30
ORD-05132,East,Van,Clear,551,2022-06-26,No,2022-06-28,2022-06-28
ORD-05133,West,Van,Clear,588,2023-07-24,No,2023-07-26,2023-07-26
ORD-05134,South,Box Truck,Clear,1344,2022-09-24,No,2022-09-29,2022-09-29
ORD-05135,East,Box Truck,Fog,939,2022-02-11,No,2022-02-15,2022-02-19
ORD-05136,East,Van,Clear,1412,2022-04-24,No,2022-04-29,2022-04-29
ORD-05137,West,Van,Clear,820,2022-12-24,No,2022-12-27,2022-12-27
ORD-05138,East,Semi-Trailer,Snow,421,2022-05-26,Yes,2022-05-28,2022-05-30
ORD-05139,South,Box Truck,Clear,1454,2022-02-18,No,2022-02-23,2022-02-23
ORD-05140,West,Semi-Trailer,Snow,226,2022-04-11,No,2022-04-12,2022-04-19
ORD-05141,South,Box Truck,Clear,679,2023-09-20,No,2023-09-23,2023-09-24
ORD-05142,East,Semi-Trailer,Clear,1104,2022-03-17,No,2022-03-21,2022-03-21
ORD-05143,East,Van,Clear,839,2023-02-02,No,2023-02-05,2023-02-06
ORD-05144,South,Box Truck,Snow,1143,2023-03-30,No,2023-04-03,2023-04-04
ORD-05145,North,Van,Snow,294,2023-06-18,No,2023-06-19,2023-06-22
ORD-05146,East,Box Truck,Clear,892,2022-09-17,No,2022-09-20,2022-09-22
ORD-05147,North,Van,Clear,779,2022-01-19,No,2022-01-22,2022-01-22
ORD-05148,East,Van,Clear,578,2023-11-12,No,2023-11-14,2023-11-14
ORD-05149,North,Semi-Trailer,Fog,962,2022-01-17,No,2022-01-21,2022-01-24
ORD-05150,North,Semi-Trailer,Rain,1331,2023-03-08,No,2023-03-13,2023-03-13
ORD-05151,North,Van,Rain,570,2022-03-26,No,2022-03-28,2022-03-28
ORD-05152,South,Box Truck,Clear,706,2022-01-04,No,2022-01-07,2022-01-07
ORD-05153,North,Van,Clear,720,2022-01-16,No,2022-01-19,2022-01-19
ORD-05154,North,Van,Clear,539,2022-04-01,No,2022-04-03,
ORD-05155,North,Semi-Trailer,Rain,1231,2023-08-27,No,2023-09-01,2023-09-01
ORD-05156,East,Van,Snow,498,2022-11-26,No,2022-11-28,2022-12-02
ORD-05157,North,Semi-Trailer,Clear,36,2022-01-28,No,2022-01-29,2022-01-31
ORD-05158,East,Van,Clear,1151,2022-11-24,No,2022-11-28,2022-11-28
ORD-05159,North,Box Truck,Clear,1087,2023-03-30,No,2023-04-03,2023-04-03
ORD-05160,North,Box Truck,Clear,513,2023-09-11,No,2023-09-13,2023-09-14
ORD-05161,South,Van,Fog,161,2023-04-04,No,2023-04-05,2023-04-09
ORD-05162,East,Van,Clear,746,2022-01-28,No,2022-01-31,2022-01-31
ORD-05163,North,Semi-Trailer,Snow,488,2022-08-13,No,2022-08-15,2022-08-17
ORD-05164,East,Box Truck,Rain,1195,2023-12-21,No,2023-12-25,2023-12-25
ORD-05165,East,Van,Rain,1249,2023-12-13,No,2023-12-18,2023-12-20
ORD-05166,West,Box Truck,Fog,840,2022-03-22,No,2022-03-25,2022-03-28
ORD-05167,South,Van,Rain,1453,2023-11-21,No,2023-11-26,2023-11-26
ORD-05168,South,Van,Snow,1381,2023-02-27,No,2023-03-04,2023-03-09
ORD-05169,South,Van,Clear,1373,2023-11-05,No,2023-11-10,2023-11-10
ORD-05170,West,Van,Rain,859,2022-08-15,No,2022-08-18,2022-08-18
ORD-05171,West,Semi-Trailer,Rain,563,2022-02-13,No,2022-02-15,2022-02-15
ORD-05172,South,Box Truck,Clear,1385,2022-03-26,No,2022-03-31,2022-03-31
ORD-05173,West,Semi-Trailer,Rain,1408,2023-07-18,No,2023-07-23,2023-07-23
ORD-05174,West,Box Truck,Rain,1336,2022-12-12,No,2022-12-17,2022-12-17
ORD-05175,West,Semi-Trailer,Snow,1275,2023-12-25,No,2023-12-30,2024-01-02
ORD-05176,South,Box Truck,Clear,1411,2023-12-24,No,2023-12-29,2023-12-29
ORD-05177,South,Box Truck,Rain,1422,2022-11-30,No,2022-12-05,2022-12-06
ORD-05178,South,Semi-Trailer,Clear,296,2023-10-15,No,2023-10-16,2023-10-16
ORD-05179,West,Box Truck,Rain,1192,2022-01-10,No,2022-01-14,
ORD-05180,South,Van,Clear,1387,2022-10-04,No,2022-10-09,2022-10-09
ORD-05181,West,Box Truck,Clear,464,2022-10-10,Yes,2022-10-12,2022-10-12
ORD-05182,North,Semi-Trailer,Clear,636,2022-03-25,No,2022-03-28,2022-03-28
ORD-05183,West,Box Truck,Clear,1274,2022-09-08,No,2022-09-13,2022-09-13
ORD-05184,East,Box Truck,Clear,221,2023-02-19,Yes,2023-02-20,2023-02-20
ORD-05185,South,Box Truck,Clear,372,2022-08-23,No,2022-08-25,2022-08-25
ORD-05186,South,Semi-Trailer,Rain,607,2023-01-10,No,2023-01-13,2023-01-13
ORD-05187,East,Van,Snow,142,2022-01-21,No,2022-01-22,2022-01-24
ORD-05188,West,Box Truck,Clear,286,2023-03-17,No,2023-03-18,2023-03-18
ORD-05189,North,Van,Clear,1298,2023-10-16,No,2023-10-21,2023-10-21
ORD-05190,East,Box Truck,Clear,614,2022-02-10,No,2022-02-13,2022-02-13
ORD-05191,East,Box Truck,Rain,666,2022-03-07,No,2022-03-10,2022-03-10
ORD-05192,West,Van,Clear,1393,2022-08-04,Yes,2022-08-09,2022-08-09
ORD-05193,South,Van,Clear,676,2023-03-23,No,2023-03-26,2023-03-26
ORD-05194,West,Box Truck,Clear,145,2022-02-09,No,2022-02-10,2022-02-10
ORD-05195,East,Van,Clear,774,2023-05-20,No,2023-05-23,2023-05-23
ORD-05196,East,Van,Clear,437,2022-11-05,No,2022-11-07,2022-11-10
ORD-05197,South,Semi-Trailer,Clear,839,2023-01-23,,2023-01-26,2023-01-26
ORD-05198,South,Van,Rain,1062,2022-01-25,No,2022-01-29,2022-01-29
ORD-05199,South,Van,Rain,604,2023-11-19,No,2023-11-22,2023-11-22
ORD-05200,West,Semi-Trailer,Clear,1363,2023-01-17,No,2023-01-22,2023-01-22
ORD-05201,South,Van,Rain,929,2023-05-12,No,2023-05-16,2023-05-16
ORD-05202,East,Van,Clear,1067,2022-08-21,No,2022-08-25,2022-08-25
ORD-05203,East,Box Truck,Fog,513,2022-10-02,No,2022-10-04,2022-10-06
ORD-05204,North,Box Truck,Clear,113,2022-07-04,No,2022-07-05,2022-07-05
ORD-05205,West,Semi-Trailer,Rain,503,2023-05-08,No,2023-05-10,2023-05-10
ORD-05206,North,Semi-Trailer,Rain,1404,2022-08-17,,2022-08-22,2022-08-23
ORD-05207,East,Box Truck,Clear,397,2023-07-23,No,2023-07-25,2023-07-25
ORD-05208,North,Van,Fog,1270,2023-06-17,No,2023-06-22,2023-06-23
ORD-05209,East,Van,Clear,744,2023-12-16,Yes,2023-12-19,2023-12-19
ORD-05210,North,Van,Rain,914,2022-12-23,No,2022-12-27,2022-12-28
ORD-05211,South,Van,Clear,1123,2023-05-02,No,2023-05-06,2023-05-06
ORD-05212,North,Box Truck,Clear,342,2022-06-16,No,2022-06-18,2022-06-18
ORD-05213,South,Box Truck,Clear,386,2022-04-19,No,2022-04-21,2022-04-21
ORD-05214,South,Van,Clear,249,2023-11-03,Yes,2023-11-04,2023-11-06
ORD-05215,West,Semi-Trailer,Clear,739,2023-01-09,No,2023-01-12,2023-01-12
ORD-05216,South,Van,Clear,191,2022-03-14,No,2022-03-15,2022-03-15
ORD-05217,South,Van,Rain,1290,2023-01-22,No,2023-01-27,2023-01-27
ORD-05218,North,Box Truck,Clear,753,2022-12-29,No,2023-01-01,2023-01-01
ORD-05219,East,Van,Clear,1222,2023-06-14,No,2023-06-19,2023-06-19
ORD-05220,West,Van,Rain,850,2022-09-08,No,2022-09-11,2022-09-11
ORD-05221,South,Van,Clear,1448,2023-07-11,No,2023-07-16,2023-07-17
ORD-05222,West,Van,Clear,1288,2022-05-21,No,2022-05-26,2022-05-26
ORD-05223,North,Box Truck,Clear,1078,2022-10-31,No,2022-11-04,2022-11-04
ORD-05224,South,Semi-Trailer,Clear,1018,2022-08-20,No,2022-08-24,2022-08-24
ORD-05225,North,Van,Clear,837,2023-02-27,No,2023-03-02,2023-03-02
ORD-05226,West,Van,Fog,607,2022-02-21,No,2022-02-24,2022-02-26
ORD-05227,North,Box Truck,Clear,1026,2022-05-28,No,2022-06-01,2022-06-01
ORD-05228,West,Semi-Trailer,Clear,210,2023-12-06,No,2023-12-07,2023-12-07
ORD-05229,North,Van,Clear,1392,2023-07-12,,2023-07-17,2023-07-17
ORD-05230,West,Van,Clear,352,2023-06-18,No,2023-06-20,2023-06-20
ORD-05231,East,Box Truck,Clear,1245,2023-03-16,No,2023-03-21,2023-03-21
ORD-05232,North,Box Truck,Clear,640,2022-05-04,No,2022-05-07,2022-05-07
ORD-05233,North,Van,Clear,307,2022-01-11,No,2022-01-13,2022-01-13
ORD-05234,East,Box Truck,Clear,1188,2023-12-14,No,2023-12-18,2023-12-18
ORD-05235,East,Van,Snow,707,2022-12-11,No,2022-12-14,2022-12-18
ORD-05236,North,Box Truck,Clear,1230,2023-03-27,Yes,2023-04-01,2023-04-01
ORD-05237,East,Box Truck,Clear,722,2023-12-14,No,2023-12-17,2023-12-17
ORD-05238,South,Semi-Trailer,Rain,939,2022-11-26,Yes,2022-11-30,2022-11-30
ORD-05239,West,Van,Clear,787,2022-10-08,No,2022-10-11,2022-10-11
ORD-05240,West,Van,Rain,388,2023-05-22,No,2023-05-24,2023-05-24
ORD-05241,West,Van,Rain,757,2022-11-17,No,2022-11-20,2022-11-20
ORD-05242,South,Semi-Trailer,Clear,715,2023-08-28,No,2023-08-31,2023-08-31
ORD-05243,East,Van,Clear,376,2022-06-21,No,2022-06-23,2022-06-23
ORD-05244,East,Van,Fog,780,2023-11-12,No,2023-11-15,2023-11-20
ORD-05245,North,Van,Rain,1104,2023-01-17,No,2023-01-21,2023-01-22
ORD-05246,East,Box Truck,Fog,1061,2023-07-20,No,2023-07-24,2023-07-28
ORD-05247,North,Van,Clear,1426,2023-02-06,No,2023-02-11,2023-02-11
ORD-05248,South,Van,Clear,358,2022-04-11,No,2022-04-13,2022-04-13
ORD-05249,West,Van,Fog,1151,2022-04-21,No,2022-04-25,2022-04-29
ORD-05250,West,Semi-Trailer,Clear,1413,2022-02-14,Yes,2022-02-19,2022-02-19
ORD-05251,West,Box Truck,Fog,1241,2022-11-03,No,2022-11-08,2022-11-12
ORD-05252,East,Box Truck,Clear,1456,2022-08-24,No,2022-08-29,2022-08-29
ORD-05253,North,Semi-Trailer,Fog,102,2023-11-06,No,2023-11-07,2023-11-11
ORD-05254,North,Semi-Trailer,Clear,150,2022-09-12,No,2022-09-13,2022-09-13
ORD-05255,South,Van,Clear,364,2022-03-28,No,2022-03-30,2022-03-30
ORD-05256,East,Semi-Trailer,Snow,1102,2022-01-29,No,2022-02-02,2022-02-05
ORD-05257,South,Van,Clear,591,2023-12-19,No,2023-12-21,2023-12-21
ORD-05258,North,Van,Clear,892,2023-12-07,No,2023-12-10,2023-12-10
ORD-05259,North,Semi-Trailer,Clear,133,2023-06-17,No,2023-06-18,2023-06-18
ORD-05260,West,Van,Rain,1452,2022-02-10,No,2022-02-15,2022-02-15
ORD-05261,East,Van,Fog,612,2023-03-05,No,2023-03-08,2023-03-11
ORD-05262,North,Van,Clear,1374,2022-03-11,No,2022-03-16,2022-03-16
ORD-05263,West,Box Truck,Clear,983,2022-07-20,No,2022-07-24,2022-07-24
ORD-05264,East,Van,Clear,314,2023-04-09,No,2023-04-11,2023-04-14
ORD-05265,South,Box Truck,Rain,812,2023-04-28,No,2023-05-01,2023-05-04
ORD-05266,East,Semi-Trailer,Clear,1190,2022-06-08,No,2022-06-12,2022-06-12
ORD-05267,East,Box Truck,Clear,1121,2023-02-16,No,2023-02-20,2023-02-20
ORD-05268,North,Van,Clear,1261,2022-02-17,No,2022-02-22,2022-02-22
ORD-05269,North,Semi-Trailer,Clear,946,2022-11-04,No,2022-11-08,2022-11-08
ORD-05270,East,Van,Snow,374,2023-05-19,No,2023-05-21,2023-05-25
ORD-05271,North,Van,Clear,1001,2022-08-06,No,2022-08-10,2022-08-10
ORD-05272,North,Van,Clear,275,2022-06-21,No,2022-06-22,2022-06-22
ORD-05273,North,Box Truck,Clear,93,2022-08-08,No,2022-08-09,2022-08-09
ORD-05274,West,Van,Rain,1245,2023-12-02,No,2023-12-07,2023-12-07
ORD-05275,West,Van,Clear,1251,2022-01-14,No,2022-01-19,2022-01-19
ORD-05276,East,Van,Clear,862,2023-01-20,No,2023-01-23,2023-01-23
ORD-05277,North,Van,Clear,758,2022-06-21,No,2022-06-24,2022-06-24
ORD-05278,West,Box Truck,Rain,160,2023-08-04,No,2023-08-05,2023-08-05
ORD-05279,East,Semi-Trailer,Clear,695,2022-08-08,,2022-08-11,2022-08-11
ORD-05280,North,Box Truck,Clear,149,2023-10-31,No,2023-11-01,2023-11-01
ORD-05281,South,Van,Clear,64,2022-11-22,No,2022-11-23,2022-11-23
ORD-05282,North,Van,Clear,1174,2023-06-10,No,2023-06-14,2023-06-14
ORD-05283,North,Semi-Trailer,Fog,83,2022-11-08,No,2022-11-09,2022-11-12
ORD-05284,West,Van,Clear,1168,2023-08-18,No,2023-08-22,2023-08-22
ORD-05285,East,Semi-Trailer,Fog,1006,2023-06-05,No,2023-06-09,2023-06-11
ORD-05286,East,Van,Clear,917,2023-08-31,No,2023-09-04,2023-09-04
ORD-05287,West,Semi-Trailer,Clear,838,2022-07-13,No,2022-07-16,2022-07-16
ORD-05288,North,Van,Clear,651,2023-05-31,,2023-06-03,
ORD-05289,South,Van,Fog,753,2022-05-12,No,2022-05-15,2022-05-18
ORD-05290,North,Box Truck,Clear,35,2022-03-22,No,2022-03-23,2022-03-23
ORD-05291,North,Box Truck,Snow,444,2023-07-15,No,2023-07-17,2023-07-18
ORD-05292,South,Van,Clear,71,2023-07-20,No,2023-07-21,2023-07-21
ORD-05293,West,Box Truck,Clear,1233,2023-03-04,No,2023-03-09,2023-03-09
ORD-05294,East,Box Truck,Snow,499,2023-03-13,No,2023-03-15,2023-03-16
ORD-05295,West,Van,Fog,502,2022-06-27,No,2022-06-29,2022-07-03
ORD-05296,West,Van,Clear,688,2023-06-28,No,2023-07-01,2023-07-01
ORD-05297,North,Van,Rain,477,2022-08-07,No,2022-08-09,2022-08-09
ORD-05298,East,Van,Clear,1149,2022-01-13,No,2022-01-17,2022-01-17
ORD-05299,East,Box Truck,Clear,1404,2022-10-06,No,2022-10-11,2022-10-11
ORD-05300,West,Van,Clear,660,2023-06-03,No,2023-06-06,2023-06-06
ORD-05301,South,Van,Clear,1265,2023-01-19,No,2023-01-24,2023-01-24
ORD-05302,West,Van,Clear,457,2023-12-28,No,2023-12-30,2023-12-30
ORD-05303,South,Box Truck,Clear,1247,2022-09-09,No,2022-09-14,2022-09-14
ORD-05304,East,Van,Fog,217,2023-11-04,No,2023-11-05,2023-11-08
ORD-05305,West,Van,Rain,1011,2022-09-16,No,2022-09-20,2022-09-20
ORD-05306,North,Van,Clear,1135,2022-05-16,No,2022-05-20,2022-05-22
ORD-05307,West,Semi-Trailer,Fog,19,2023-12-20,No,2023-12-21,2023-12-25
ORD-05308,East,Van,Clear,1156,2023-12-21,No,2023-12-25,2023-12-25
ORD-05309,North,Box Truck,Clear,796,2023-06-14,,2023-06-17,2023-06-17
ORD-05310,North,Van,Rain,13,2023-11-18,No,2023-11-19,2023-11-22
ORD-05311,South,Van,Clear,476,2022-07-14,No,2022-07-16,2022-07-16
ORD-05312,North,Box Truck,Rain,268,2023-08-09,No,2023-08-10,2023-08-11
ORD-05313,North,Van,Clear,730,2022-03-26,No,2022-03-29,2022-03-29
ORD-05314,West,Semi-Trailer,Clear,296,2022-01-28,No,2022-01-29,2022-01-29
ORD-05315,East,Semi-Trailer,Clear,40,2023-04-17,No,2023-04-18,2023-04-21
ORD-05316,South,Box Truck,Fog,530,2023-12-28,No,2023-12-30,2024-01-02
ORD-05317,West,Box Truck,Rain,725,2022-02-06,No,2022-02-09,2022-02-09
ORD-05318,North,Van,Rain,133,2022-11-07,No,2022-11-08,2022-11-08
ORD-05319,North,Van,Clear,931,2022-10-07,No,2022-10-11,2022-10-11
ORD-05320,South,Semi-Trailer,Clear,139,2023-01-28,Yes,2023-01-29,2023-01-29
ORD-05321,East,Box Truck,Rain,755,2023-09-16,No,2023-09-19,2023-09-19
ORD-05322,South,Box Truck,Clear,525,2022-09-13,No,2022-09-15,2022-09-15
ORD-05323,West,Van,Clear,783,2022-04-03,No,2022-04-06,2022-04-06
ORD-05324,South,Van,Rain,960,2023-03-07,No,2023-03-11,2023-03-14
ORD-05325,North,Semi-Trailer,Clear,86,2023-06-29,No,2023-06-30,2023-06-30
ORD-05326,West,Van,Clear,1216,2022-02-23,No,2022-02-28,2022-02-28
ORD-05327,North,Van,Snow,375,2023-09-07,No,2023-09-09,2023-09-12
ORD-05328,East,Van,Rain,301,2022-12-03,No,2022-12-05,2022-12-05
ORD-05329,North,Semi-Trailer,Rain,1422,2022-04-20,No,2022-04-25,2022-04-25
ORD-05330,North,Van,Clear,166,2022-02-08,,2022-02-09,2022-02-09
ORD-05331,South,Semi-Trailer,Clear,1133,2022-11-07,No,2022-11-11,2022-11-12
ORD-05332,North,Van,Rain,917,2022-04-07,No,2022-04-11,2022-04-14
ORD-05333,West,Semi-Trailer,Rain,927,2022-06-11,No,2022-06-15,2022-06-15
ORD-05334,West,Box Truck,Clear,119,2022-04-23,No,2022-04-24,2022-04-27
ORD-05335,East,Van,Fog,1303,2022-04-05,No,2022-04-10,2022-04-11
ORD-05336,West,Box Truck,Fog,147,2023-08-12,No,2023-08-13,2023-08-15
ORD-05337,South,Van,Clear,1029,2023-05-28,No,2023-06-01,2023-06-01
ORD-05338,East,Van,Snow,73,2023-05-29,No,2023-05-30,2023-06-02
ORD-05339,West,Semi-Trailer,Clear,516,2023-04-25,No,2023-04-27,2023-04-27
ORD-05340,South,Van,Clear,849,2022-11-21,No,2022-11-24,2022-11-24
ORD-05341,West,Van,Clear,1024,2022-05-14,No,2022-05-18,2022-05-18
ORD-05342,West,Van,Clear,986,2022-06-14,No,2022-06-18,2022-06-18
ORD-05343,North,Van,Fog,798,2022-05-28,No,2022-05-31,2022-06-02
ORD-05344,West,Semi-Trailer,Rain,359,2023-06-22,No,2023-06-24,2023-06-24
ORD-05345,West,Van,Rain,156,2023-06-03,No,2023-06-04,2023-06-07
ORD-05346,South,Semi-Trailer,Clear,1368,2023-07-28,No,2023-08-02,2023-08-02
ORD-05347,South,Semi-Trailer,Clear,871,2023-10-30,No,2023-11-02,2023-11-02
ORD-05348,North,Van,Clear,416,2023-08-11,No,2023-08-13,2023-08-13
ORD-05349,West,Van,Clear,353,2022-07-28,No,2022-07-30,2022-07-30
ORD-05350,North,Semi-Trailer,Clear,661,2022-07-25,Yes,2022-07-28,2022-07-29
ORD-05351,West,Van,Clear,714,2023-10-10,No,2023-10-13,2023-10-13
ORD-05352,East,Van,Clear,780,2023-04-26,No,2023-04-29,2023-04-29
ORD-05353,East,Van,Clear,1169,2022-08-28,No,2022-09-01,2022-09-02
ORD-05354,North,Box Truck,Clear,48,2023-08-09,No,2023-08-10,2023-08-10
ORD-05355,North,Box Truck,Clear,1353,2023-06-23,No,2023-06-28,2023-06-28
ORD-05356,North,Van,Snow,296,2023-07-30,No,2023-07-31,2023-08-03
ORD-05357,South,Van,Clear,977,2022-01-30,No,2022-02-03,2022-02-04
ORD-05358,South,Semi-Trailer,Clear,1496,2023-10-11,No,2023-10-16,2023-10-16
ORD-05359,South,Box Truck,Snow,900,2023-11-29,No,2023-12-03,2023-12-05
ORD-05360,North,Box Truck,Fog,671,2022-01-06,,2022-01-09,2022-01-11
ORD-05361,West,Box Truck,Rain,1385,2023-04-08,No,2023-04-13,2023-04-13
ORD-05362,East,Van,Clear,1038,2023-02-08,No,2023-02-12,2023-02-12
ORD-05363,North,Box Truck,Clear,245,2022-12-11,,2022-12-12,2022-12-15
ORD-05364,South,Van,Fog,245,2023-08-24,No,2023-08-25,2023-08-26
ORD-05365,South,Van,Snow,978,2022-12-27,No,2022-12-31,2023-01-02
ORD-05366,North,Box Truck,Clear,510,2022-12-19,No,2022-12-21,2022-12-21
ORD-05367,North,Van,Clear,1138,2023-09-11,No,2023-09-15,2023-09-15
ORD-05368,South,Semi-Trailer,Clear,1240,2022-12-23,No,2022-12-28,2022-12-28
ORD-05369,West,Van,Clear,248,2023-04-28,No,2023-04-29,2023-04-29
ORD-05370,South,Semi-Trailer,Rain,838,2022-02-21,No,2022-02-24,2022-02-24
ORD-05371,South,Semi-Trailer,Clear,61,2022-08-08,No,2022-08-09,2022-08-09
ORD-05372,North,Van,Fog,117,2023-09-12,No,2023-09-13,2023-09-15
ORD-05373,West,Box Truck,Clear,1390,2023-01-27,No,2023-02-01,2023-02-04
ORD-05374,South,Van,Rain,1066,2022-11-04,No,2022-11-08,2022-11-09
ORD-05375,South,Semi-Trailer,Clear,31,2022-08-30,No,2022-08-31,2022-09-01
ORD-05376,East,Van,Clear,316,2022-12-05,No,2022-12-07,2022-12-07
ORD-05377,North,Box Truck,Clear,20,2022-10-01,No,2022-10-02,2022-10-03
ORD-05378,East,Van,Rain,1475,2022-04-20,,2022-04-25,2022-04-25
ORD-05379,East,Van,Clear,571,2022-09-10,No,2022-09-12,2022-09-12
ORD-05380,South,Van,Clear,207,2022-08-19,No,2022-08-20,2022-08-20
ORD-05381,North,Van,Snow,1077,2023-01-18,No,2023-01-22,2023-01-26
ORD-05382,West,Box Truck,Clear,1218,2022-11-05,No,2022-11-10,2022-11-13
ORD-05383,South,Box Truck,Fog,398,2023-09-26,No,2023-09-28,2023-10-02
ORD-05384,West,Box Truck,Fog,560,2022-12-01,No,2022-12-03,2022-12-09
ORD-05385,West,Van,Fog,1475,2022-06-10,No,2022-06-15,2022-06-19
ORD-05386,North,Van,Clear,505,2023-03-30,No,2023-04-01,2023-04-01
ORD-05387,East,Van,Clear,514,2023-03-23,No,2023-03-25,2023-03-25
ORD-05388,North,Semi-Trailer,Fog,146,2022-05-23,Yes,2022-05-24,2022-05-26
ORD-05389,West,Semi-Trailer,Clear,998,2023-09-01,No,2023-09-05,2023-09-08
ORD-05390,South,Van,Clear,1312,2023-05-09,No,2023-05-14,2023-05-14
ORD-05391,West,Van,Rain,173,2023-07-07,No,2023-07-08,2023-07-08
ORD-05392,South,Van,Clear,861,2022-08-19,No,2022-08-22,2022-08-22
ORD-05393,South,Box Truck,Rain,1056,2022-06-23,No,2022-06-27,2022-06-27
ORD-05394,North,Box Truck,Snow,720,2022-02-25,No,2022-02-28,2022-03-03
ORD-05395,West,Box Truck,Rain,516,2022-03-16,No,2022-03-18,2022-03-18
ORD-05396,East,Van,Clear,695,2023-07-30,No,2023-08-02,2023-08-02
ORD-05397,West,Box Truck,Clear,717,2023-12-24,No,2023-12-27,2023-12-28
ORD-05398,West,Box Truck,Clear,1477,2022-10-22,No,2022-10-27,2022-10-30
ORD-05399,East,Van,Clear,151,2022-03-23,No,2022-03-24,2022-03-24
ORD-05400,North,Box Truck,Clear,290,2023-04-18,No,2023-04-19,2023-04-21
ORD-05401,West,Van,Clear,976,2023-10-03,Yes,2023-10-07,2023-10-07
ORD-05402,West,Van,Clear,1240,2023-05-18,No,2023-05-23,2023-05-23
ORD-05403,South,Semi-Trailer,Clear,311,2022-05-06,No,2022-05-08,2022-05-08
ORD-05404,West,Van,Snow,406,2022-01-11,No,2022-01-13,2022-01-17
ORD-05405,East,Semi-Trailer,Clear,327,2022-02-26,No,2022-02-28,2022-02-28
ORD-05406,South,Box Truck,Clear,917,2022-11-09,No,2022-11-13,2022-11-13
ORD-05407,North,Van,Rain,889,2023-04-13,No,2023-04-16,2023-04-16
ORD-05408,South,Box Truck,Rain,867,2022-05-12,No,2022-05-15,2022-05-15
ORD-05409,East,Box Truck,Clear,1081,2023-07-30,No,2023-08-03,2023-08-03
ORD-05410,East,Van,Rain,682,2022-04-08,No,2022-04-11,2022-04-11
ORD-05411,South,Van,Clear,984,2022-02-19,No,2022-02-23,2022-02-23
ORD-05412,North,Van,Clear,686,2022-12-13,No,2022-12-16,2022-12-16
ORD-05413,South,Van,Fog,1423,2023-02-17,No,2023-02-22,2023-02-24
ORD-05414,North,Van,Fog,388,2022-12-04,No,2022-12-06,2022-12-10
ORD-05415,South,Van,Clear,226,2022-03-13,No,2022-03-14,2022-03-14
ORD-05416,East,Van,Rain,858,2023-07-20,No,2023-07-23,
ORD-05417,West,Semi-Trailer,Snow,1284,2023-04-13,No,2023-04-18,2023-04-20
ORD-05418,West,Van,Fog,877,2022-12-16,No,2022-12-19,2022-12-21
ORD-05419,North,Box Truck,Clear,443,2022-07-09,No,2022-07-11,2022-07-11
ORD-05420,North,Box Truck,Clear,765,2022-01-18,No,2022-01-21,2022-01-21
ORD-05421,North,Box Truck,Clear,951,2023-07-23,No,2023-07-27,2023-07-28
ORD-05422,East,Van,Clear,1317,2023-04-27,No,2023-05-02,2023-05-02
ORD-05423,South,Semi-Trailer,Clear,716,2022-03-23,No,2022-03-26,2022-03-26
ORD-05424,East,Box Truck,Rain,1300,2022-06-06,No,2022-06-11,2022-06-11
ORD-05425,West,Semi-Trailer,Snow,608,2023-09-21,No,2023-09-24,2023-09-30
ORD-05426,North,Van,Snow,1279,2022-05-20,No,2022-05-25,2022-05-27
ORD-05427,South,Van,Clear,1191,2022-10-29,No,2022-11-02,2022-11-02
ORD-05428,West,Box Truck,Clear,1390,2023-09-27,No,2023-10-02,2023-10-02
ORD-05429,West,Van,Clear,245,2022-02-23,No,2022-02-24,2022-02-27
ORD-05430,West,Van,Clear,1493,2023-09-13,No,2023-09-18,2023-09-19
ORD-05431,East,Van,Fog,109,2022-11-18,No,2022-11-19,2022-11-22
ORD-05432,North,Box Truck,Clear,748,2023-08-04,No,2023-08-07,2023-08-07
ORD-05433,West,Semi-Trailer,Rain,128,2022-02-07,No,2022-02-08,2022-02-09
ORD-05434,North,Van,Clear,1387,2022-06-23,No,2022-06-28,2022-07-01
ORD-05435,East,Semi-Trailer,Clear,717,2023-01-10,No,2023-01-13,2023-01-13
ORD-05436,West,Box Truck,Rain,97,2023-06-17,No,2023-06-18,2023-06-18
ORD-05437,East,Van,Clear,45,2023-05-06,No,2023-05-07,2023-05-07
ORD-05438,East,Semi-Trailer,Clear,323,2023-04-06,,2023-04-08,2023-04-08
ORD-05439,North,Semi-Trailer,Clear,560,2023-07-26,No,2023-07-28,2023-07-28
ORD-05440,West,Box Truck,Rain,1355,2022-06-09,No,2022-06-14,2022-06-14
ORD-05441,East,Van,Fog,436,2022-03-30,No,2022-04-01,2022-04-05
ORD-05442,West,Box Truck,Snow,526,2023-12-21,No,2023-12-23,2023-12-24
ORD-05443,North,Van,Fog,662,2023-07-03,No,2023-07-06,2023-07-08
ORD-05444,East,Van,Snow,18,2023-09-25,No,2023-09-26,2023-10-01
ORD-05445,North,Van,Snow,1392,2022-07-17,Yes,2022-07-22,2022-07-26
ORD-05446,West,Semi-Trailer,Clear,66,2022-05-15,No,2022-05-16,2022-05-16
ORD-05447,West,Semi-Trailer,Clear,292,2022-01-12,No,2022-01-13,2022-01-14
ORD-05448,North,Van,Clear,1478,2022-05-02,,2022-05-07,2022-05-07
ORD-05449,South,Van,Snow,470,2022-04-28,No,2022-04-30,2022-05-01
ORD-05450,East,Semi-Trailer,Clear,1392,2022-08-19,No,2022-08-24,2022-08-24
ORD-05451,West,Van,Clear,603,2022-07-13,No,2022-07-16,2022-07-16
ORD-05452,West,Box Truck,Fog,939,2022-09-29,No,2022-10-03,2022-10-05
ORD-05453,East,Van,Clear,74,2023-11-17,No,2023-11-18,2023-11-18
ORD-05454,North,Van,Fog,1462,2023-09-03,No,2023-09-08,2023-09-11
ORD-05455,North,Semi-Trailer,Rain,864,2022-10-21,No,2022-10-24,2022-10-24
ORD-05456,North,Van,Clear,811,2023-06-05,No,2023-06-08,2023-06-09
ORD-05457,South,Van,Rain,1490,2023-04-08,No,2023-04-13,2023-04-13
ORD-05458,South,Van,Snow,145,2022-01-10,No,2022-01-11,2022-01-12
ORD-05459,West,Semi-Trailer,Clear,771,2022-10-11,No,2022-10-14,2022-10-14
ORD-05460,North,Semi-Trailer,Rain,1019,2022-03-04,No,2022-03-08,2022-03-11
ORD-05461,East,Van,Snow,1081,2022-10-09,No,2022-10-13,2022-10-16
ORD-05462,West,Van,Clear,621,2023-07-03,No,2023-07-06,2023-07-06
ORD-05463,East,Box Truck,Clear,859,2022-11-04,No,2022-11-07,2022-11-07
ORD-05464,West,Van,Clear,1227,2023-05-28,No,2023-06-02,2023-06-02
ORD-05465,South,Box Truck,Clear,126,2022-10-17,No,2022-10-18,2022-10-18
ORD-05466,West,Van,Clear,788,2023-12-07,No,2023-12-10,2023-12-12
ORD-05467,South,Van,Rain,829,2022-04-06,No,2022-04-09,2022-04-09
ORD-05468,West,Box Truck,Clear,1032,2023-06-19,No,2023-06-23,2023-06-24
ORD-05469,North,Van,Snow,1197,2022-01-18,No,2022-01-22,2022-01-26
ORD-05470,East,Semi-Trailer,Clear,488,2023-05-08,No,2023-05-10,2023-05-10
ORD-05471,North,Van,Clear,1320,2023-06-03,No,2023-06-08,2023-06-08
ORD-05472,West,Van,Rain,545,2022-02-24,No,2022-02-26,2022-02-26
ORD-05473,West,Semi-Trailer,Snow,503,2023-03-12,No,2023-03-14,2023-03-16
ORD-05474,West,Van,Clear,414,2023-03-15,No,2023-03-17,2023-03-17
ORD-05475,South,Box Truck,Clear,105,2023-04-07,No,2023-04-08,2023-04-08
ORD-05476,East,Van,Snow,263,2023-11-05,No,2023-11-06,2023-11-09
ORD-05477,East,Box Truck,Clear,423,2023-08-19,No,2023-08-21,2023-08-21
ORD-05478,West,Box Truck,Clear,593,2023-05-16,No,2023-05-18,2023-05-19
ORD-05479,West,Van,Clear,1404,2023-02-14,No,2023-02-19,2023-02-19
ORD-05480,South,Semi-Trailer,Rain,585,2023-05-28,No,2023-05-30,
ORD-05481,North,Box Truck,Clear,252,2023-11-27,No,2023-11-28,2023-11-29
ORD-05482,North,Van,Clear,648,2023-09-26,,2023-09-29,2023-09-29
ORD-05483,East,Box Truck,Clear,1406,2022-01-13,No,2022-01-18,2022-01-18
ORD-05484,South,Box Truck,Fog,48,2022-05-29,No,2022-05-30,2022-05-31
ORD-05485,West,Van,Clear,362,2023-11-03,Yes,2023-11-05,2023-11-08
ORD-05486,East,Van,Clear,435,2022-08-07,No,2022-08-09,2022-08-09
ORD-05487,South,Van,Clear,1110,2022-08-31,No,2022-09-04,2022-09-06
ORD-05488,North,Van,Clear,991,2022-06-19,No,2022-06-23,2022-06-23
ORD-05489,South,Box Truck,Rain,519,2023-05-06,No,2023-05-08,2023-05-08
ORD-05490,North,Van,Rain,149,2023-10-29,Yes,2023-10-30,2023-10-30
ORD-05491,South,Semi-Trailer,Rain,261,2023-09-24,No,2023-09-25,2023-09-25
ORD-05492,East,Van,Snow,678,2023-01-14,No,2023-01-17,2023-01-19
ORD-05493,North,Van,Fog,326,2023-07-24,No,2023-07-26,2023-07-29
ORD-05494,East,Box Truck,Clear,429,2022-12-26,No,2022-12-28,2022-12-29
ORD-05495,East,Box Truck,Fog,888,2023-07-06,No,2023-07-09,2023-07-10
ORD-05496,North,Box Truck,Clear,758,2023-02-14,No,2023-02-17,2023-02-17
ORD-05497,North,Van,Rain,1108,2022-02-26,No,2022-03-02,2022-03-02
ORD-05498,West,Van,Clear,907,2023-03-24,No,2023-03-28,2023-03-28
ORD-05499,West,Van,Snow,1062,2023-05-25,No,2023-05-29,2023-05-30
ORD-05500,West,Semi-Trailer,Clear,1074,2022-02-25,No,2022-03-01,2022-03-04
ORD-05501,East,Van,Rain,550,2023-12-05,No,2023-12-07,2023-12-10
ORD-05502,East,Semi-Trailer,Fog,1133,2023-01-12,No,2023-01-16,2023-01-20
ORD-05503,West,Box Truck,Rain,1353,2022-09-20,Yes,2022-09-25,2022-09-25
ORD-05504,East,Van,Rain,579,2022-11-04,No,2022-11-06,2022-11-06
ORD-05505,East,Box Truck,Clear,732,2022-05-01,Yes,2022-05-04,2022-05-04
ORD-05506,North,Semi-Trailer,Clear,1010,2023-07-24,No,2023-07-28,2023-07-28
ORD-05507,North,Semi-Trailer,Fog,885,2022-12-02,No,2022-12-05,2022-12-08
ORD-05508,East,Van,Rain,198,2023-04-18,No,2023-04-19,2023-04-20
ORD-05509,West,Van,Clear,459,2022-11-20,No,2022-11-22,2022-11-22
ORD-05510,South,Van,Clear,103,2022-07-18,No,2022-07-19,2022-07-19
ORD-05511,West,Van,Clear,1214,2022-03-26,No,2022-03-31,2022-04-03
ORD-05512,South,Box Truck,Clear,1354,2022-06-27,No,2022-07-02,2022-07-02
ORD-05513,West,Semi-Trailer,Clear,292,2022-03-26,No,2022-03-27,2022-03-30
ORD-05514,North,Van,Clear,1424,2023-01-06,No,2023-01-11,
ORD-05515,East,Box Truck,Clear,1354,2023-12-17,No,2023-12-22,2023-12-23
ORD-05516,East,Box Truck,Clear,579,2022-08-03,,2022-08-05,2022-08-05
ORD-05517,North,Van,Clear,34,2023-02-06,No,2023-02-07,2023-02-07
ORD-05518,South,Van,Clear,269,2023-03-17,,2023-03-18,2023-03-20
ORD-05519,South,Box Truck,Clear,506,2023-01-06,No,2023-01-08,2023-01-08
ORD-05520,South,Semi-Trailer,Fog,1246,2022-05-01,No,2022-05-06,2022-05-08
ORD-05521,North,Box Truck,Clear,124,2022-08-03,No,2022-08-04,2022-08-04
ORD-05522,South,Van,Snow,461,2023-01-01,No,2023-01-03,2023-01-06
ORD-05523,North,Van,Fog,709,2023-01-28,No,2023-01-31,2023-02-04
ORD-05524,West,Van,Clear,781,2023-12-21,No,2023-12-24,2023-12-24
ORD-05525,West,Box Truck,Clear,394,2022-01-02,No,2022-01-04,2022-01-06
ORD-05526,North,Box Truck,Clear,622,2022-03-19,No,2022-03-22,2022-03-22
ORD-05527,East,Van,Clear,1451,2023-11-06,No,2023-11-11,2023-11-11
ORD-05528,West,Semi-Trailer,Clear,998,2023-12-06,No,2023-12-10,2023-12-10
ORD-05529,South,Box Truck,Clear,228,2022-11-15,No,2022-11-16,2022-11-16
ORD-05530,North,Box Truck,Rain,889,2023-12-01,No,2023-12-04,2023-12-04
ORD-05531,South,Semi-Trailer,Clear,566,2022-03-18,No,2022-03-20,2022-03-22
ORD-05532,South,Van,Fog,1096,2022-01-22,No,2022-01-26,2022-01-27
ORD-05533,East,Semi-Trailer,Clear,359,2022-04-18,No,2022-04-20,2022-04-20
ORD-05534,South,Van,Fog,399,2022-05-28,No,2022-05-30,2022-06-01
ORD-05535,East,Van,Clear,813,2022-08-11,No,2022-08-14,2022-08-14
ORD-05536,West,Semi-Trailer,Clear,386,2022-06-10,No,2022-06-12,2022-06-12
ORD-05537,North,Semi-Trailer,Clear,880,2023-08-13,No,2023-08-16,2023-08-18
ORD-05538,South,Box Truck,Fog,75,2022-10-27,No,2022-10-28,2022-10-30
ORD-05539,North,Box Truck,Clear,1152,2022-03-25,No,2022-03-29,2022-03-29
ORD-05540,South,Box Truck,Rain,755,2023-11-03,No,2023-11-06,2023-11-07
ORD-05541,North,Semi-Trailer,Snow,17,2023-05-25,No,2023-05-26,2023-05-30
ORD-05542,South,Van,Rain,36,2022-02-18,No,2022-02-19,2022-02-20
ORD-05543,South,Semi-Trailer,Clear,299,2023-05-21,No,2023-05-22,2023-05-22
ORD-05544,South,Van,Fog,37,2022-07-01,No,2022-07-02,2022-07-06
ORD-05545,South,Van,Snow,1192,2022-03-07,No,2022-03-11,2022-03-14
ORD-05546,South,Van,Clear,1178,2022-01-17,No,2022-01-21,2022-01-21
ORD-05547,South,Box Truck,Clear,476,2022-02-07,No,2022-02-09,2022-02-09
ORD-05548,South,Semi-Trailer,Fog,117,2022-10-02,No,2022-10-03,2022-10-07
ORD-05549,South,Box Truck,Fog,900,2022-11-23,No,2022-11-27,2022-11-28
ORD-05550,South,Semi-Trailer,Clear,448,2022-12-06,No,2022-12-08,2022-12-08
ORD-05551,North,Van,Snow,212,2022-03-28,Yes,2022-03-29,2022-03-31
ORD-05552,East,Box Truck,Clear,786,2022-12-23,No,2022-12-26,2022-12-28
ORD-05553,South,Semi-Trailer,Clear,999,2023-10-29,No,2023-11-02,2023-11-02
ORD-05554,East,Box Truck,Clear,310,2023-01-01,No,2023-01-03,2023-01-04
ORD-05555,South,Box Truck,Clear,447,2022-12-06,No,2022-12-08,2022-12-08
ORD-05556,South,Box Truck,Rain,1044,2022-11-21,No,2022-11-25,2022-11-25
ORD-05557,North,Semi-Trailer,Clear,846,2023-07-29,No,2023-08-01,2023-08-01
ORD-05558,West,Semi-Trailer,Clear,616,2023-10-10,No,2023-10-13,2023-10-13
ORD-05559,West,Van,Clear,651,2023-12-09,No,2023-12-12,2023-12-12
ORD-05560,North,Semi-Trailer,Clear,1136,2023-09-23,No,2023-09-27,2023-09-28
ORD-05561,East,Van,Fog,119,2023-12-11,No,2023-12-12,2023-12-13
ORD-05562,West,Van,Snow,652,2023-10-19,,2023-10-22,2023-10-24
ORD-05563,North,Semi-Trailer,Clear,712,2022-04-01,No,2022-04-04,2022-04-07
ORD-05564,North,Van,Fog,1126,2022-09-14,No,2022-09-18,2022-09-21
ORD-05565,West,Semi-Trailer,Clear,810,2023-09-22,,2023-09-25,2023-09-25
ORD-05566,East,Van,Rain,879,2023-12-14,No,2023-12-17,2023-12-17
ORD-05567,North,Van,Fog,928,2023-04-26,No,2023-04-30,2023-05-01
ORD-05568,South,Van,Clear,858,2023-07-30,No,2023-08-02,2023-08-02
ORD-05569,East,Van,Rain,516,2022-10-30,,2022-11-01,2022-11-01
ORD-05570,East,Box Truck,Clear,186,2022-08-06,No,2022-08-07,2022-08-07
ORD-05571,West,Van,Clear,1472,2022-03-16,No,2022-03-21,2022-03-21
ORD-05572,West,Van,Clear,677,2023-07-07,No,2023-07-10,2023-07-10
ORD-05573,South,Van,Fog,520,2023-04-26,No,2023-04-28,2023-04-30
ORD-05574,North,Van,Clear,118,2023-08-17,No,2023-08-18,2023-08-18
ORD-05575,West,Box Truck,Fog,881,2023-07-10,No,2023-07-13,2023-07-15
ORD-05576,West,Van,Fog,1105,2023-12-13,No,2023-12-17,2023-12-23
ORD-05577,East,Box Truck,Clear,498,2023-03-17,No,2023-03-19,2023-03-19
ORD-05578,West,Semi-Trailer,Clear,742,2023-06-16,No,2023-06-19,2023-06-21
ORD-05579,West,Box Truck,Rain,290,2023-07-10,No,2023-07-11,2023-07-11
ORD-05580,West,Semi-Trailer,Clear,912,2022-11-18,No,2022-11-22,2022-11-22
ORD-05581,West,Van,Clear,1247,2022-09-11,No,2022-09-16,2022-09-16
ORD-05582,East,Van,Fog,1490,2022-09-25,No,2022-09-30,2022-10-02
ORD-05583,South,Semi-Trailer,Rain,427,2023-04-09,No,2023-04-11,2023-04-11
ORD-05584,South,Box Truck,Clear,763,2022-01-15,No,2022-01-18,2022-01-20
ORD-05585,North,Box Truck,Rain,671,2022-09-19,No,2022-09-22,2022-09-22
ORD-05586,West,Box Truck,Clear,1356,2022-10-14,No,2022-10-19,2022-10-19
ORD-05587,East,Van,Clear,1211,2022-02-11,No,2022-02-16,2022-02-16
ORD-05588,North,Van,Fog,697,2022-05-23,No,2022-05-26,2022-05-31
ORD-05589,North,Box Truck,Snow,113,2022-08-13,No,2022-08-14,2022-08-16
ORD-05590,South,Box Truck,Clear,1152,2023-11-09,No,2023-11-13,2023-11-13
ORD-05591,East,Van,Clear,721,2023-07-14,No,2023-07-17,2023-07-17
ORD-05592,East,Semi-Trailer,Rain,591,2022-05-29,,2022-05-31,2022-06-03
ORD-05593,East,Van,Clear,66,2022-06-16,No,2022-06-17,2022-06-17
ORD-05594,South,Van,Clear,1442,2023-03-30,No,2023-04-04,2023-04-04
ORD-05595,South,Semi-Trailer,Clear,587,2023-03-18,No,2023-03-20,2023-03-20
ORD-05596,South,Box Truck,Rain,1091,2022-09-13,No,2022-09-17,2022-09-17
ORD-05597,South,Box Truck,Clear,126,2022-02-07,No,2022-02-08,2022-02-08
ORD-05598,South,Van,Clear,1458,2023-04-22,No,2023-04-27,2023-04-27
ORD-05599,West,Van,Clear,828,2023-09-15,No,2023-09-18,2023-09-18
ORD-05600,West,Box Truck,Clear,1054,2022-09-14,No,2022-09-18,2022-09-18
ORD-05601,East,Van,Clear,88,2023-09-10,No,2023-09-11,2023-09-11
ORD-05602,North,Semi-Trailer,Clear,568,2023-03-23,,2023-03-25,2023-03-26
ORD-05603,East,Semi-Trailer,Clear,895,2023-01-03,No,2023-01-06,2023-01-06
ORD-05604,North,Semi-Trailer,Snow,117,2022-01-07,No,2022-01-08,2022-01-10
ORD-05605,South,Van,Clear,808,2022-05-13,No,2022-05-16,2022-05-16
ORD-05606,North,Box Truck,Clear,1304,2023-06-05,No,2023-06-10,2023-06-12
ORD-05607,East,Van,Fog,697,2023-07-25,No,2023-07-28,2023-07-30
ORD-05608,East,Van,Rain,79,2022-12-29,No,2022-12-30,2022-12-30
ORD-05609,North,Van,Rain,396,2022-04-16,No,2022-04-18,2022-04-20
ORD-05610,West,Van,Clear,1199,2022-09-30,No,2022-10-04,2022-10-07
ORD-05611,South,Semi-Trailer,Clear,864,2022-01-07,No,2022-01-10,2022-01-10
ORD-05612,South,Van,Rain,1091,2022-03-28,No,2022-04-01,2022-04-01
ORD-05613,East,Van,Rain,1484,2022-02-19,No,2022-02-24,2022-02-24
ORD-05614,West,Semi-Trailer,Clear,254,2023-08-18,No,2023-08-19,2023-08-19
ORD-05615,North,Van,Clear,1078,2023-03-27,No,2023-03-31,2023-03-31
ORD-05616,South,Box Truck,Fog,693,2022-07-19,No,2022-07-22,2022-07-28
ORD-05617,West,Van,Clear,1416,2022-09-17,Yes,2022-09-22,2022-09-22
ORD-05618,South,Van,Clear,794,2023-06-12,Yes,2023-06-15,2023-06-15
ORD-05619,West,Semi-Trailer,Clear,80,2023-01-11,No,2023-01-12,2023-01-12
ORD-05620,West,Van,Snow,1272,2022-11-19,No,2022-11-24,2022-11-27
ORD-05621,East,Box Truck,Snow,117,2023-10-10,No,2023-10-11,2023-10-15
ORD-05622,South,Van,Rain,1241,2022-10-30,No,2022-11-04,2022-11-04
ORD-05623,North,Van,Clear,731,2022-04-15,No,2022-04-18,2022-04-18
ORD-05624,East,Van,Clear,311,2022-08-03,No,2022-08-05,2022-08-05
ORD-05625,East,Van,Clear,1463,2023-08-20,No,2023-08-25,2023-08-25
ORD-05626,North,Van,Rain,1381,2023-01-20,No,2023-01-25,2023-01-25
ORD-05627,East,Box Truck,Rain,1140,2023-11-18,No,2023-11-22,2023-11-22
ORD-05628,West,Van,Fog,537,2022-09-19,No,2022-09-21,2022-09-24
ORD-05629,West,Van,Clear,1439,2022-04-30,No,2022-05-05,2022-05-05
ORD-05630,South,Van,Rain,961,2022-05-23,No,2022-05-27,2022-05-27
ORD-05631,South,Semi-Trailer,Clear,265,2023-08-18,No,2023-08-19,2023-08-19
ORD-05632,North,Semi-Trailer,Clear,1334,2022-07-21,No,2022-07-26,2022-07-27
ORD-05633,South,Box Truck,Clear,963,2023-04-10,No,2023-04-14,2023-04-14
ORD-05634,West,Semi-Trailer,Clear,933,2022-09-02,No,2022-09-06,2022-09-06
ORD-05635,North,Van,Fog,1178,2022-11-20,No,2022-11-24,2022-11-25
ORD-05636,North,Van,Clear,571,2023-06-13,,2023-06-15,2023-06-15
ORD-05637,South,Box Truck,Fog,369,2022-01-04,No,2022-01-06,2022-01-09
ORD-05638,West,Box Truck,Clear,1223,2022-04-25,,2022-04-30,2022-04-30
ORD-05639,North,Van,Clear,305,2023-11-26,No,2023-11-28,2023-11-28
ORD-05640,West,Van,Clear,102,2022-12-02,No,2022-12-03,2022-12-03
ORD-05641,West,Semi-Trailer,Clear,1163,2023-02-26,No,2023-03-02,2023-03-02
ORD-05642,West,Semi-Trailer,Clear,870,2022-01-04,,2022-01-07,2022-01-09
ORD-05643,South,Van,Clear,999,2022-04-11,No,2022-04-15,2022-04-15
ORD-05644,East,Box Truck,Clear,493,2023-11-08,No,2023-11-10,2023-11-10
ORD-05645,East,Van,Fog,885,2022-06-01,,2022-06-04,2022-06-06
ORD-05646,North,Van,Rain,1442,2023-11-08,No,2023-11-13,2023-11-13
ORD-05647,West,Van,Rain,350,2022-06-21,No,2022-06-23,2022-06-23
ORD-05648,South,Van,Clear,1247,2023-11-17,No,2023-11-22,2023-11-22
ORD-05649,West,Van,Clear,339,2022-08-06,No,2022-08-08,2022-08-08
ORD-05650,West,Semi-Trailer,Clear,808,2022-02-05,Yes,2022-02-08,
ORD-05651,South,Van,Snow,1208,2022-03-18,,2022-03-23,2022-03-26
ORD-05652,East,Box Truck,Clear,1477,2022-06-24,No,2022-06-29,2022-06-29
ORD-05653,West,Van,Clear,210,2023-09-13,No,2023-09-14,2023-09-14
ORD-05654,West,Van,Clear,752,2022-08-28,Yes,2022-08-31,2022-08-31
ORD-05655,East,Semi-Trailer,Clear,107,2022-11-03,No,2022-11-04,2022-11-04
ORD-05656,South,Box Truck,Snow,1136,2023-04-13,No,2023-04-17,2023-04-19
ORD-05657,North,Semi-Trailer,Clear,1184,2023-06-24,No,2023-06-28,2023-06-29
ORD-05658,East,Semi-Trailer,Clear,1301,2023-05-20,,2023-05-25,2023-05-25
ORD-05659,North,Van,Rain,848,2022-02-17,No,2022-02-20,2022-02-20
ORD-05660,North,Van,Clear,361,2022-01-09,No,2022-01-11,2022-01-11
ORD-05661,East,Semi-Trailer,Clear,476,2023-03-26,No,2023-03-28,2023-03-28
ORD-05662,West,Semi-Trailer,Clear,1311,2023-06-18,No,2023-06-23,2023-06-23
ORD-05663,North,Box Truck,Rain,1049,2023-08-03,No,2023-08-07,2023-08-10
ORD-05664,North,Box Truck,Fog,465,2023-02-25,No,2023-02-27,2023-03-02
ORD-05665,South,Box Truck,Rain,1212,2022-11-27,No,2022-12-02,2022-12-02
ORD-05666,West,Van,Snow,1167,2023-11-12,No,2023-11-16,2023-11-17
ORD-05667,North,Box Truck,Clear,267,2023-12-19,No,2023-12-20,2023-12-23
ORD-05668,South,Semi-Trailer,Clear,71,2022-05-05,No,2022-05-06,2022-05-06
ORD-05669,West,Box Truck,Clear,491,2022-07-20,No,2022-07-22,2022-07-22
ORD-05670,East,Van,Rain,1009,2023-12-11,No,2023-12-15,2023-12-15
ORD-05671,East,Van,Clear,644,2022-06-17,No,2022-06-20,2022-06-20
ORD-05672,South,Van,Rain,1075,2023-10-08,No,2023-10-12,2023-10-12
ORD-05673,East,Van,Rain,1406,2022-04-27,No,2022-05-02,2022-05-02
ORD-05674,North,Semi-Trailer,Fog,1406,2022-07-10,No,2022-07-15,2022-07-19
ORD-05675,West,Van,Clear,1332,2022-10-10,No,2022-10-15,2022-10-15
ORD-05676,North,Van,Clear,1085,2023-08-20,No,2023-08-24,2023-08-24
ORD-05677,North,Van,Clear,1412,2022-07-20,No,2022-07-25,2022-07-25
ORD-05678,East,Box Truck,Clear,925,2022-07-01,No,2022-07-05,2022-07-06
ORD-05679,North,Box Truck,Snow,321,2023-09-04,No,2023-09-06,2023-09-07
ORD-05680,East,Van,Clear,588,2022-03-11,No,2022-03-13,2022-03-13
ORD-05681,West,Van,Fog,68,2023-10-29,No,2023-10-30,2023-11-01
ORD-05682,West,Van,Fog,313,2023-05-27,No,2023-05-29,2023-05-30
ORD-05683,North,Box Truck,Clear,44,2023-05-04,No,2023-05-05,2023-05-05
ORD-05684,South,Van,Clear,657,2022-05-15,No,2022-05-18,2022-05-18
ORD-05685,East,Semi-Trailer,Clear,1020,2023-10-19,No,2023-10-23,2023-10-23
ORD-05686,East,Van,Clear,502,2023-11-08,Yes,2023-11-10,2023-11-10
ORD-05687,North,Van,Clear,500,2023-07-25,No,2023-07-27,2023-07-27
ORD-05688,East,Box Truck,Clear,230,2022-03-04,No,2022-03-05,2022-03-05
ORD-05689,East,Van,Clear,132,2022-03-29,No,2022-03-30,2022-03-30
ORD-05690,South,Box Truck,Rain,716,2022-07-29,No,2022-08-01,2022-08-01
ORD-05691,South,Van,Clear,1135,2023-02-12,No,2023-02-16,2023-02-17
ORD-05692,North,Box Truck,Clear,896,2022-03-24,No,2022-03-27,2022-03-27
ORD-05693,South,Box Truck,Clear,1346,2022-09-07,No,2022-09-12,2022-09-12
ORD-05694,North,Semi-Trailer,Fog,503,2022-10-04,No,2022-10-06,2022-10-08
ORD-05695,West,Van,Rain,768,2022-08-15,No,2022-08-18,2022-08-21
ORD-05696,North,Van,Clear,1232,2022-04-16,No,2022-04-21,2022-04-22
ORD-05697,West,Van,Rain,642,2023-05-05,No,2023-05-08,2023-05-08
ORD-05698,North,Semi-Trailer,Rain,339,2022-08-13,No,2022-08-15,2022-08-16
ORD-05699,East,Semi-Trailer,Snow,981,2022-03-06,No,2022-03-10,2022-03-12
ORD-05700,South,Van,Clear,1360,2023-02-13,No,2023-02-18,2023-02-18
ORD-05701,West,Van,Snow,19,2022-11-14,No,2022-11-15,2022-11-21
ORD-05702,North,Van,Clear,136,2023-08-05,No,2023-08-06,2023-08-07
ORD-05703,South,Van,Fog,994,2022-07-11,No,2022-07-15,2022-07-16
ORD-05704,North,Van,Clear,678,2022-09-09,No,2022-09-12,2022-09-12
ORD-05705,South,Van,Fog,240,2023-07-23,No,2023-07-24,2023-07-27
ORD-05706,South,Box Truck,Fog,1048,2022-12-06,No,2022-12-10,2022-12-12
ORD-05707,North,Semi-Trailer,Clear,496,2022-03-28,No,2022-03-30,2022-03-30
ORD-05708,West,Semi-Trailer,Fog,451,2023-08-09,No,2023-08-11,2023-08-12
ORD-05709,West,Van,Clear,887,2023-06-15,No,2023-06-18,2023-06-18
ORD-05710,East,Box Truck,Clear,283,2023-01-04,No,2023-01-05,2023-01-05
ORD-05711,South,Semi-Trailer,Clear,627,2022-05-12,No,2022-05-15,2022-05-15
ORD-05712,East,Van,Fog,1036,2023-02-28,No,2023-03-04,2023-03-08
ORD-05713,East,Box Truck,Clear,335,2023-05-25,No,2023-05-27,2023-05-27
ORD-05714,North,Van,Clear,262,2023-11-08,No,2023-11-09,2023-11-09
ORD-05715,North,Van,Rain,1088,2022-02-24,No,2022-02-28,2022-02-28
ORD-05716,North,Van,Fog,895,2022-01-23,No,2022-01-26,2022-01-30
ORD-05717,South,Van,Rain,457,2023-06-09,No,2023-06-11,2023-06-11
ORD-05718,North,Box Truck,Clear,1330,2023-03-03,No,2023-03-08,2023-03-08
ORD-05719,North,Van,Clear,382,2023-07-06,No,2023-07-08,2023-07-08
ORD-05720,South,Van,Clear,478,2023-11-09,No,2023-11-11,2023-11-13
ORD-05721,South,Van,Rain,769,2023-02-26,No,2023-03-01,2023-03-01
ORD-05722,West,Semi-Trailer,Clear,1169,2023-06-06,Yes,2023-06-10,2023-06-10
ORD-05723,North,Van,Clear,842,2023-01-29,No,2023-02-01,2023-02-01
ORD-05724,North,Box Truck,Snow,1279,2023-03-12,No,2023-03-17,2023-03-18
ORD-05725,North,Box Truck,Clear,79,2023-02-12,No,2023-02-13,2023-02-13
ORD-05726,West,Van,Clear,490,2022-08-24,No,2022-08-26,2022-08-26
ORD-05727,North,Van,Clear,539,2022-05-22,No,2022-05-24,2022-05-26
ORD-05728,West,Box Truck,Clear,499,2022-05-07,No,2022-05-09,2022-05-09
ORD-05729,East,Van,Clear,512,2022-07-15,,2022-07-17,2022-07-20
ORD-05730,West,Van,Clear,1018,2023-01-29,No,2023-02-02,2023-02-02
ORD-05731,East,Box Truck,Snow,126,2023-07-17,No,2023-07-18,2023-07-19
ORD-05732,North,Van,Clear,1290,2023-04-26,No,2023-05-01,2023-05-01
ORD-05733,East,Van,Clear,616,2022-08-04,No,2022-08-07,2022-08-07
ORD-05734,West,Van,Rain,928,2023-04-12,No,2023-04-16,2023-04-16
ORD-05735,South,Van,Rain,913,2022-06-17,No,2022-06-21,2022-06-21
ORD-05736,East,Box Truck,Rain,437,2023-02-25,No,2023-02-27,2023-02-27
ORD-05737,East,Box Truck,Fog,1148,2023-06-30,No,2023-07-04,2023-07-07
ORD-05738,North,Box Truck,Rain,503,2022-11-17,Yes,2022-11-19,2022-11-20
ORD-05739,West,Box Truck,Clear,71,2022-06-02,No,2022-06-03,2022-06-03
ORD-05740,East,Van,Snow,506,2023-02-06,No,2023-02-08,2023-02-11
ORD-05741,East,Van,Clear,645,2022-10-29,No,2022-11-01,2022-11-02
ORD-05742,East,Van,Clear,89,2022-07-20,No,2022-07-21,2022-07-21
ORD-05743,East,Van,Clear,494,2022-04-22,No,2022-04-24,2022-04-24
ORD-05744,South,Semi-Trailer,Clear,1055,2023-12-03,No,2023-12-07,2023-12-07
ORD-05745,West,Semi-Trailer,Clear,604,2023-05-23,No,2023-05-26,2023-05-26
ORD-05746,North,Van,Clear,1357,2022-10-30,No,2022-11-04,2022-11-07
ORD-05747,North,Van,Clear,270,2022-12-01,No,2022-12-02,2022-12-02
ORD-05748,South,Van,Snow,138,2023-11-07,No,2023-11-08,2023-11-10
ORD-05749,West,Van,Fog,635,2023-04-17,,2023-04-20,2023-04-23
ORD-05750,East,Van,Clear,293,2023-09-20,,2023-09-21,2023-09-23
ORD-05751,South,Box Truck,Snow,1080,2023-05-29,No,2023-06-02,2023-06-05
ORD-05752,West,Semi-Trailer,Clear,1221,2022-08-16,No,2022-08-21,2022-08-22
ORD-05753,East,Box Truck,Fog,28,2022-07-25,No,2022-07-26,2022-07-30
ORD-05754,South,Van,Clear,608,2023-03-17,No,2023-03-20,2023-03-20
ORD-05755,West,Van,Clear,663,2022-08-18,No,2022-08-21,2022-08-21
ORD-05756,North,Box Truck,Clear,772,2022-01-05,No,2022-01-08,2022-01-08
ORD-05757,North,Semi-Trailer,Clear,847,2023-07-11,No,2023-07-14,2023-07-14
ORD-05758,West,Semi-Trailer,Clear,1041,2023-11-14,No,2023-11-18,2023-11-18
ORD-05759,North,Semi-Trailer,Clear,1070,2022-11-22,No,2022-11-26,2022-11-28
ORD-05760,West,Box Truck,Clear,81,2022-08-23,No,2022-08-24,2022-08-24
ORD-05761,East,Box Truck,Clear,1414,2022-08-24,No,2022-08-29,2022-08-29
ORD-05762,West,Van,Clear,1299,2022-04-22,No,2022-04-27,2022-04-27
ORD-05763,East,Box Truck,Fog,1100,2022-09-27,No,2022-10-01,2022-10-04
ORD-05764,South,Van,Clear,662,2023-12-21,,2023-12-24,2023-12-24
ORD-05765,West,Van,Clear,73,2023-09-21,Yes,2023-09-22,2023-09-22
ORD-05766,South,Box Truck,Rain,39,2023-03-10,No,2023-03-11,2023-03-11
ORD-05767,North,Van,Snow,566,2023-04-02,No,2023-04-04,2023-04-08
ORD-05768,East,Van,Clear,655,2022-02-16,No,2022-02-19,2022-02-19
ORD-05769,West,Van,Snow,1049,2023-08-30,No,2023-09-03,2023-09-06
ORD-05770,South,Van,Clear,287,2023-12-12,No,2023-12-13,
ORD-05771,East,Van,Clear,286,2023-04-22,No,2023-04-23,2023-04-23
ORD-05772,East,Van,Clear,230,2023-06-08,No,2023-06-09,2023-06-09
ORD-05773,North,Van,Rain,1226,2023-04-29,No,2023-05-04,2023-05-07
ORD-05774,North,Van,Clear,679,2022-07-29,No,2022-08-01,2022-08-01
ORD-05775,East,Semi-Trailer,Rain,1057,2022-03-01,No,2022-03-05,2022-03-05
ORD-05776,East,Van,Clear,841,2023-08-03,No,2023-08-06,2023-08-06
ORD-05777,West,Van,Rain,150,2022-07-05,No,2022-07-06,2022-07-06
ORD-05778,East,Box Truck,Clear,743,2023-07-07,No,2023-07-10,2023-07-10
ORD-05779,West,Semi-Trailer,Clear,35,2022-10-15,No,2022-10-16,2022-10-16
ORD-05780,East,Box Truck,Clear,107,2023-11-25,No,2023-11-26,2023-11-27
ORD-05781,North,Van,Rain,285,2022-03-19,No,2022-03-20,2022-03-20
ORD-05782,West,Box Truck,Clear,582,2023-05-21,No,2023-05-23,2023-05-23
ORD-05783,South,Box Truck,Snow,901,2023-01-01,No,2023-01-05,2023-01-09
ORD-05784,North,Box Truck,Rain,1276,2023-08-05,No,2023-08-10,2023-08-10
ORD-05785,West,Box Truck,Clear,442,2023-09-18,No,2023-09-20,2023-09-20
ORD-05786,West,Semi-Trailer,Fog,18,2022-11-23,Yes,2022-11-24,
ORD-05787,South,Semi-Trailer,Rain,905,2023-04-28,No,2023-05-02,2023-05-04
ORD-05788,West,Box Truck,Clear,878,2023-11-22,,2023-11-25,2023-11-25
ORD-05789,East,Van,Clear,942,2023-09-12,No,2023-09-16,2023-09-16
ORD-05790,South,Box Truck,Clear,281,2023-11-08,No,2023-11-09,2023-11-11
ORD-05791,North,Semi-Trailer,Clear,41,2022-08-20,No,2022-08-21,2022-08-22
ORD-05792,North,Van,Clear,861,2022-12-15,No,2022-12-18,2022-12-20
ORD-05793,East,Semi-Trailer,Clear,614,2022-08-26,No,2022-08-29,2022-08-29
ORD-05794,North,Van,Rain,1161,2022-04-29,No,2022-05-03,2022-05-03
ORD-05795,West,Van,Clear,26,2022-07-12,No,2022-07-13,2022-07-13
ORD-05796,West,Semi-Trailer,Snow,310,2022-01-07,No,2022-01-09,2022-01-13
ORD-05797,East,Van,Clear,51,2022-10-22,No,2022-10-23,2022-10-23
ORD-05798,North,Van,Clear,61,2023-11-14,No,2023-11-15,2023-11-15
ORD-05799,North,Van,Rain,197,2022-08-06,No,2022-08-07,2022-08-09
ORD-05800,East,Van,Rain,160,2023-09-19,No,2023-09-20,2023-09-20
ORD-05801,South,Van,Clear,1277,2023-09-26,No,2023-10-01,2023-10-01
ORD-05802,North,Van,Clear,1160,2022-09-10,No,2022-09-14,2022-09-14
ORD-05803,South,Van,Clear,418,2022-07-28,No,2022-07-30,2022-07-30
ORD-05804,North,Semi-Trailer,Clear,353,2023-11-19,No,2023-11-21,2023-11-21
ORD-05805,North,Semi-Trailer,Clear,600,2022-10-28,No,2022-10-31,2022-10-31
ORD-05806,North,Van,Rain,1131,2022-04-03,No,2022-04-07,2022-04-07
ORD-05807,North,Box Truck,Clear,1101,2023-08-11,No,2023-08-15,2023-08-15
ORD-05808,West,Van,Clear,855,2023-04-27,No,2023-04-30,2023-05-02
ORD-05809,South,Van,Clear,909,2023-07-01,No,2023-07-05,2023-07-07
ORD-05810,South,Van,Clear,37,2023-05-13,,2023-05-14,2023-05-14
ORD-05811,North,Semi-Trailer,Clear,1062,2023-03-26,No,2023-03-30,2023-03-30
ORD-05812,North,Semi-Trailer,Clear,643,2022-01-30,No,2022-02-02,2022-02-02
ORD-05813,South,Van,Clear,221,2022-09-26,No,2022-09-27,2022-09-27
ORD-05814,West,Van,Rain,697,2023-08-13,No,2023-08-16,2023-08-16
ORD-05815,East,Van,Clear,81,2022-10-23,No,2022-10-24,2022-10-24
ORD-05816,East,Box Truck,Fog,119,2022-07-02,No,2022-07-03,2022-07-05
ORD-05817,South,Box Truck,Clear,1146,2022-11-02,No,2022-11-06,2022-11-06
ORD-05818,North,Van,Clear,1430,2022-01-14,No,2022-01-19,2022-01-19
ORD-05819,North,Box Truck,Rain,241,2022-04-03,No,2022-04-04,2022-04-04
ORD-05820,West,Van,Snow,52,2022-11-03,Yes,2022-11-04,2022-11-06
ORD-05821,East,Semi-Trailer,Clear,274,2022-08-28,No,2022-08-29,2022-08-30
ORD-05822,West,Box Truck,Rain,55,2023-01-24,No,2023-01-25,2023-01-25
ORD-05823,East,Van,Snow,1258,2022-10-07,No,2022-10-12,2022-10-15
ORD-05824,South,Box Truck,Rain,1134,2022-06-18,No,2022-06-22,2022-06-22
ORD-05825,East,Semi-Trailer,Clear,1314,2022-09-09,No,2022-09-14,2022-09-14
ORD-05826,West,Van,Snow,247,2023-02-24,Yes,2023-02-25,2023-03-01
ORD-05827,West,Van,Rain,610,2022-01-30,No,2022-02-02,2022-02-02
ORD-05828,West,Semi-Trailer,Rain,1279,2023-04-12,,2023-04-17,2023-04-20
ORD-05829,South,Van,Rain,700,2023-01-28,No,2023-01-31,2023-01-31
ORD-05830,East,Van,Fog,985,2023-06-27,No,2023-07-01,2023-07-03
ORD-05831,East,Van,Clear,752,2023-01-02,No,2023-01-05,2023-01-05
ORD-05832,West,Semi-Trailer,Clear,1132,2023-11-23,No,2023-11-27,2023-11-27
ORD-05833,East,Box Truck,Clear,736,2023-11-16,No,2023-11-19,2023-11-19
ORD-05834,North,Semi-Trailer,Clear,209,2022-06-23,No,2022-06-24,2022-06-24
ORD-05835,North,Box Truck,Clear,1022,2023-04-05,No,2023-04-09,2023-04-12
ORD-05836,North,Van,Clear,1289,2022-07-13,No,2022-07-18,2022-07-18
ORD-05837,East,Box Truck,Clear,446,2022-01-10,No,2022-01-12,2022-01-12
ORD-05838,South,Box Truck,Rain,503,2022-06-16,No,2022-06-18,2022-06-18
ORD-05839,South,Van,Snow,1469,2022-03-27,No,2022-04-01,2022-04-04
ORD-05840,South,Van,Clear,716,2023-12-05,No,2023-12-08,2023-12-09
ORD-05841,South,Van,Fog,33,2022-07-04,No,2022-07-05,2022-07-09
ORD-05842,North,Box Truck,Clear,1396,2023-03-09,No,2023-03-14,2023-03-15
ORD-05843,North,Semi-Trailer,Snow,279,2023-12-18,No,2023-12-19,2023-12-22
ORD-05844,West,Box Truck,Snow,799,2022-04-22,No,2022-04-25,2022-04-29
ORD-05845,East,Semi-Trailer,Clear,747,2022-03-01,No,2022-03-04,2022-03-06
ORD-05846,East,Van,Clear,1261,2022-05-01,No,2022-05-06,2022-05-06
ORD-05847,South,Semi-Trailer,Clear,137,2023-12-14,Yes,2023-12-15,2023-12-15
ORD-05848,North,Semi-Trailer,Snow,552,2022-06-30,No,2022-07-02,2022-07-05
ORD-05849,South,Van,Snow,1091,2023-04-10,No,2023-04-14,2023-04-15
ORD-05850,West,Semi-Trailer,Clear,334,2023-06-12,No,2023-06-14,2023-06-14
ORD-05851,East,Van,Clear,668,2022-06-29,No,2022-07-02,2022-07-02
ORD-05852,East,Semi-Trailer,Clear,1139,2023-04-18,No,2023-04-22,2023-04-22
ORD-05853,South,Semi-Trailer,Clear,1470,2022-11-04,No,2022-11-09,2022-11-09
ORD-05854,West,Box Truck,Fog,94,2023-05-21,No,2023-05-22,2023-05-26
ORD-05855,East,Box Truck,Clear,1035,2022-08-02,No,2022-08-06,2022-08-06
ORD-05856,West,Van,Fog,1470,2023-10-07,No,2023-10-12,2023-10-16
ORD-05857,West,Box Truck,Snow,460,2022-04-02,,2022-04-04,2022-04-05
ORD-05858,South,Van,Fog,1474,2022-12-03,,2022-12-08,2022-12-09
ORD-05859,North,Box Truck,Clear,1255,2023-11-01,No,2023-11-06,2023-11-06
ORD-05860,South,Box Truck,Clear,1003,2022-06-14,No,2022-06-18,2022-06-18
ORD-05861,North,Semi-Trailer,Clear,1058,2022-08-30,No,2022-09-03,2022-09-03
ORD-05862,West,Van,Rain,1068,2023-04-03,No,2023-04-07,2023-04-08
ORD-05863,North,Semi-Trailer,Rain,678,2023-07-04,No,2023-07-07,2023-07-07
ORD-05864,West,Semi-Trailer,Clear,981,2023-01-11,No,2023-01-15,2023-01-15
ORD-05865,East,Box Truck,Rain,352,2022-03-13,No,2022-03-15,2022-03-15
ORD-05866,East,Van,Clear,997,2023-08-30,No,2023-09-03,2023-09-03
ORD-05867,East,Van,Clear,1399,2022-11-22,No,2022-11-27,2022-11-27
ORD-05868,South,Van,Clear,1369,2023-09-29,,2023-10-04,2023-10-04
ORD-05869,South,Box Truck,Clear,1466,2022-07-17,No,2022-07-22,2022-07-22
ORD-05870,West,Box Truck,Clear,961,2023-01-18,No,2023-01-22,2023-01-22
ORD-05871,East,Semi-Trailer,Clear,466,2023-07-27,No,2023-07-29,2023-07-29
ORD-05872,South,Van,Snow,908,2022-10-03,No,2022-10-07,2022-10-10
ORD-05873,East,Van,Rain,407,2022-12-01,No,2022-12-03,2022-12-03
ORD-05874,South,Box Truck,Clear,908,2023-12-16,No,2023-12-20,2023-12-20
ORD-05875,North,Semi-Trailer,Rain,352,2023-07-04,No,2023-07-06,2023-07-06
ORD-05876,North,Semi-Trailer,Clear,1313,2023-01-16,No,2023-01-21,2023-01-21
ORD-05877,East,Semi-Trailer,Clear,1385,2022-05-28,No,2022-06-02,2022-06-02
ORD-05878,West,Van,Rain,822,2022-10-11,No,2022-10-14,2022-10-14
ORD-05879,South,Box Truck,Rain,1230,2022-03-16,No,2022-03-21,2022-03-22
ORD-05880,South,Semi-Trailer,Rain,1258,2022-05-01,No,2022-05-06,2022-05-08
ORD-05881,North,Van,Rain,949,2022-07-24,No,2022-07-28,2022-07-28
ORD-05882,North,Van,Rain,56,2023-07-08,Yes,2023-07-09,2023-07-09
ORD-05883,West,Van,Clear,1218,2023-01-29,No,2023-02-03,2023-02-03
ORD-05884,West,Van,Snow,924,2023-03-01,No,2023-03-05,2023-03-08
ORD-05885,West,Box Truck,Clear,171,2023-11-22,No,2023-11-23,2023-11-23
ORD-05886,East,Van,Snow,304,2022-11-18,No,2022-11-20,2022-11-23
ORD-05887,North,Van,Clear,101,2022-03-04,No,2022-03-05,2022-03-05
ORD-05888,East,Van,Clear,1201,2023-11-30,No,2023-12-05,2023-12-06
ORD-05889,North,Box Truck,Rain,1291,2022-03-31,No,2022-04-05,2022-04-08
ORD-05890,North,Van,Clear,759,2023-09-05,No,2023-09-08,2023-09-08
ORD-05891,South,Box Truck,Snow,566,2023-01-13,Yes,2023-01-15,2023-01-18
ORD-05892,North,Van,Clear,318,2023-06-14,No,2023-06-16,2023-06-16
ORD-05893,North,Van,Rain,1162,2022-02-08,No,2022-02-12,2022-02-12
ORD-05894,East,Van,Clear,578,2023-03-01,No,2023-03-03,2023-03-03
ORD-05895,North,Van,Clear,1194,2023-12-05,No,2023-12-09,2023-12-09
ORD-05896,East,Van,Clear,185,2023-03-04,No,2023-03-05,2023-03-05
ORD-05897,West,Van,Rain,1321,2022-03-04,No,2022-03-09,2022-03-10
ORD-05898,North,Semi-Trailer,Rain,982,2022-04-22,No,2022-04-26,2022-04-26
ORD-05899,North,Box Truck,Clear,1438,2022-08-31,No,2022-09-05,2022-09-05
ORD-05900,East,Van,Fog,947,2023-02-10,No,2023-02-14,2023-02-16
ORD-05901,West,Van,Rain,1373,2023-01-08,,2023-01-13,2023-01-13
ORD-05902,South,Semi-Trailer,Fog,1028,2022-09-02,No,2022-09-06,2022-09-08
ORD-05903,West,Box Truck,Clear,1301,2023-08-05,No,2023-08-10,2023-08-10
ORD-05904,East,Van,Clear,227,2023-06-24,No,2023-06-25,2023-06-25
ORD-05905,West,Box Truck,Clear,822,2022-02-17,,2022-02-20,2022-02-20
ORD-05906,East,Box Truck,Clear,173,2022-09-09,No,2022-09-10,2022-09-10
ORD-05907,East,Box Truck,Clear,1424,2022-07-31,No,2022-08-05,2022-08-05
ORD-05908,South,Van,Clear,1450,2022-03-29,No,2022-04-03,2022-04-03
ORD-05909,North,Van,Clear,57,2022-08-06,No,2022-08-07,2022-08-07
ORD-05910,East,Van,Rain,1227,2023-11-21,,2023-11-26,2023-11-26
ORD-05911,East,Semi-Trailer,Fog,810,2022-12-24,No,2022-12-27,2023-01-03
ORD-05912,South,Box Truck,Snow,727,2022-11-02,No,2022-11-05,2022-11-08
ORD-05913,East,Van,Clear,93,2023-04-08,No,2023-04-09,2023-04-09
ORD-05914,North,Semi-Trailer,Clear,622,2023-10-10,No,2023-10-13,2023-10-13
ORD-05915,South,Semi-Trailer,Clear,1080,2022-05-11,No,2022-05-15,2022-05-15
ORD-05916,North,Semi-Trailer,Clear,243,2022-12-20,No,2022-12-21,2022-12-21
ORD-05917,North,Semi-Trailer,Clear,971,2022-10-11,No,2022-10-15,2022-10-15
ORD-05918,South,Semi-Trailer,Clear,1332,2023-01-29,No,2023-02-03,2023-02-03
ORD-05919,East,Van,Clear,857,2022-11-24,No,2022-11-27,2022-11-27
ORD-05920,North,Semi-Trailer,Rain,156,2022-02-02,Yes,2022-02-03,2022-02-03
ORD-05921,North,Semi-Trailer,Rain,205,2023-02-11,No,2023-02-12,2023-02-12
ORD-05922,North,Van,Clear,915,2023-06-30,No,2023-07-04,2023-07-04
ORD-05923,North,Van,Clear,1023,2022-07-03,No,2022-07-07,2022-07-07
ORD-05924,South,Semi-Trailer,Snow,1055,2022-04-23,Yes,2022-04-27,2022-04-28
ORD-05925,South,Van,Clear,1227,2022-05-01,No,2022-05-06,2022-05-07
ORD-05926,West,Semi-Trailer,Clear,395,2022-11-20,No,2022-11-22,2022-11-22
ORD-05927,West,Van,Clear,373,2023-02-10,No,2023-02-12,2023-02-12
ORD-05928,North,Van,Clear,283,2023-04-23,No,2023-04-24,2023-04-24
ORD-05929,East,Van,Clear,1417,2022-02-18,No,2022-02-23,2022-02-23
ORD-05930,North,Van,Snow,217,2023-12-11,No,2023-12-12,2023-12-16
ORD-05931,East,Box Truck,Clear,284,2022-02-16,No,2022-02-17,2022-02-17
ORD-05932,North,Box Truck,Clear,1016,2023-12-24,No,2023-12-28,2023-12-28
ORD-05933,West,Van,Clear,505,2023-06-11,No,2023-06-13,2023-06-13
ORD-05934,West,Van,Rain,911,2023-12-07,No,2023-12-11,2023-12-11
ORD-05935,East,Van,Clear,168,2023-02-13,No,2023-02-14,2023-02-14
ORD-05936,North,Van,Clear,949,2023-07-02,No,2023-07-06,2023-07-06
ORD-05937,East,Box Truck,Clear,469,2023-03-15,No,2023-03-17,2023-03-17
ORD-05938,West,Van,Clear,403,2022-04-04,No,2022-04-06,2022-04-06
ORD-05939,North,Van,Clear,926,2023-02-10,No,2023-02-14,2023-02-14
ORD-05940,North,Van,Clear,952,2023-05-26,No,2023-05-30,2023-05-30
ORD-05941,East,Van,Rain,448,2023-01-01,No,2023-01-03,2023-01-04
ORD-05942,South,Van,Fog,1412,2022-08-08,No,2022-08-13,2022-08-17
ORD-05943,East,Van,Clear,173,2023-05-12,No,2023-05-13,2023-05-13
ORD-05944,West,Semi-Trailer,Clear,648,2022-03-19,No,2022-03-22,2022-03-22
ORD-05945,West,Semi-Trailer,Clear,1363,2022-12-18,No,2022-12-23,2022-12-24
ORD-05946,West,Semi-Trailer,Rain,579,2023-11-27,No,2023-11-29,2023-11-29
ORD-05947,West,Van,Clear,156,2022-04-01,No,2022-04-02,2022-04-02
ORD-05948,West,Van,Rain,992,2023-08-14,No,2023-08-18,2023-08-18
ORD-05949,South,Box Truck,Rain,969,2022-08-15,No,2022-08-19,2022-08-20
ORD-05950,North,Box Truck,Fog,777,2022-01-31,No,2022-02-03,2022-02-04
ORD-05951,East,Semi-Trailer,Snow,119,2023-12-25,No,2023-12-26,2023-12-27
ORD-05952,East,Van,Rain,403,2023-09-01,No,2023-09-03,2023-09-03
ORD-05953,West,Van,Clear,1215,2023-07-30,No,2023-08-04,2023-08-04
ORD-05954,East,Box Truck,Clear,452,2022-08-21,Yes,2022-08-23,2022-08-23
ORD-05955,West,Semi-Trailer,Clear,756,2023-01-11,,2023-01-14,2023-01-14
ORD-05956,South,Semi-Trailer,Clear,763,2022-05-17,No,2022-05-20,2022-05-20
ORD-05957,South,Box Truck,Rain,139,2022-05-10,No,2022-05-11,2022-05-11
ORD-05958,North,Semi-Trailer,Clear,1436,2022-05-30,No,2022-06-04,2022-06-04
ORD-05959,South,Box Truck,Rain,514,2022-09-13,No,2022-09-15,
ORD-05960,South,Semi-Trailer,Clear,729,2023-10-01,Yes,2023-10-04,2023-10-06
ORD-05961,North,Semi-Trailer,Rain,31,2023-07-03,Yes,2023-07-04,2023-07-04
ORD-05962,East,Semi-Trailer,Clear,1050,2022-02-01,No,2022-02-05,2022-02-05
ORD-05963,West,Van,Clear,884,2023-02-08,No,2023-02-11,
ORD-05964,West,Van,Clear,840,2022-02-12,No,2022-02-15,2022-02-15
ORD-05965,East,Box Truck,Snow,643,2022-03-02,No,2022-03-05,2022-03-06
ORD-05966,North,Van,Clear,291,2022-09-13,No,2022-09-14,2022-09-14
ORD-05967,East,Semi-Trailer,Clear,1260,2022-12-29,No,2023-01-03,2023-01-06
ORD-05968,South,Van,Clear,1453,2022-07-02,No,2022-07-07,2022-07-07
ORD-05969,North,Van,Rain,382,2023-08-13,No,2023-08-15,2023-08-16
ORD-05970,North,Box Truck,Clear,1334,2022-09-18,No,2022-09-23,2022-09-23
ORD-05971,North,Van,Fog,1018,2023-03-24,No,2023-03-28,2023-03-29
ORD-05972,West,Van,Clear,295,2023-09-12,No,2023-09-13,2023-09-15
ORD-05973,East,Van,Clear,1149,2022-01-03,No,2022-01-07,2022-01-07
ORD-05974,North,Box Truck,Rain,1182,2023-10-19,No,2023-10-23,
ORD-05975,North,Van,Clear,413,2022-03-18,No,2022-03-20,2022-03-20
ORD-05976,North,Semi-Trailer,Snow,99,2023-03-24,,2023-03-25,2023-03-30
ORD-05977,East,Van,Clear,1152,2023-06-06,No,2023-06-10,2023-06-10
ORD-05978,West,Semi-Trailer,Fog,705,2022-12-30,No,2023-01-02,2023-01-05
ORD-05979,South,Van,Rain,917,2023-04-23,No,2023-04-27,2023-04-27
ORD-05980,West,Van,Snow,1126,2022-07-27,,2022-07-31,2022-08-01
ORD-05981,North,Van,Clear,638,2023-11-09,No,2023-11-12,2023-11-12
ORD-05982,West,Van,Clear,1011,2023-02-08,No,2023-02-12,2023-02-12
ORD-05983,West,Box Truck,Rain,456,2023-12-26,No,2023-12-28,2023-12-30
ORD-05984,South,Van,Rain,321,2023-05-01,No,2023-05-03,2023-05-03
ORD-05985,East,Van,Clear,1351,2023-04-28,No,2023-05-03,2023-05-03
ORD-05986,East,Box Truck,Clear,130,2023-05-04,No,2023-05-05,2023-05-06
ORD-05987,West,Van,Clear,326,2022-11-28,No,2022-11-30,2022-12-01
ORD-05988,West,Van,Rain,147,2022-12-08,No,2022-12-09,2022-12-10
ORD-05989,East,Box Truck,Clear,827,2022-06-26,No,2022-06-29,2022-06-29
ORD-05990,East,Semi-Trailer,Clear,1317,2023-02-16,No,2023-02-21,2023-02-21
ORD-05991,South,Van,Clear,400,2023-09-26,No,2023-09-28,2023-09-28
ORD-05992,North,Van,Clear,1038,2023-03-19,No,2023-03-23,2023-03-23
ORD-05993,West,Semi-Trailer,Clear,778,2023-03-04,No,2023-03-07,2023-03-07
ORD-05994,East,Van,Fog,376,2023-07-10,No,2023-07-12,2023-07-19
ORD-05995,West,Semi-Trailer,Clear,850,2023-03-30,No,2023-04-02,2023-04-03
ORD-05996,West,Van,Fog,501,2023-08-07,No,2023-08-09,2023-08-13
ORD-05997,East,Semi-Trailer,Clear,767,2022-02-23,No,2022-02-26,2022-02-26
ORD-05998,South,Van,Clear,1499,2022-11-03,Yes,2022-11-08,2022-11-08
ORD-05999,West,Semi-Trailer,Clear,1268,2022-12-02,No,2022-12-07,2022-12-07
ORD-06000,South,Van,Rain,1395,2022-05-11,No,2022-05-16,2022-05-16
ORD-06001,East,Box Truck,Rain,531,2023-08-24,No,2023-08-26,2023-08-26
ORD-06002,North,Van,Clear,1275,2022-06-08,No,2022-06-13,2022-06-13
ORD-06003,North,Van,Clear,1475,2023-01-16,No,2023-01-21,2023-01-21
ORD-06004,West,Box Truck,Fog,197,2022-01-22,No,2022-01-23,2022-01-25
ORD-06005,East,Box Truck,Fog,413,2023-05-12,No,2023-05-14,2023-05-16
ORD-06006,South,Semi-Trailer,Clear,436,2023-02-23,No,2023-02-25,2023-02-26
ORD-06007,West,Van,Rain,422,2023-05-16,No,2023-05-18,2023-05-18
ORD-06008,East,Semi-Trailer,Clear,163,2023-07-23,No,2023-07-24,2023-07-24
ORD-06009,East,Van,Clear,212,2023-01-19,No,2023-01-20,2023-01-20
ORD-06010,South,Semi-Trailer,Clear,226,2022-12-01,No,2022-12-02,2022-12-04
ORD-06011,West,Semi-Trailer,Clear,491,2022-02-17,No,2022-02-19,2022-02-19
ORD-06012,East,Van,Snow,1348,2022-04-18,No,2022-04-23,2022-04-24
ORD-06013,East,Semi-Trailer,Clear,1034,2022-04-27,No,2022-05-01,2022-05-01
ORD-06014,East,Semi-Trailer,Clear,775,2023-07-15,No,2023-07-18,2023-07-18
ORD-06015,South,Van,Snow,512,2022-01-01,No,2022-01-03,2022-01-07
ORD-06016,West,Box Truck,Clear,808,2022-10-24,No,2022-10-27,2022-10-28
ORD-06017,West,Van,Clear,815,2022-05-18,,2022-05-21,2022-05-21
ORD-06018,West,Semi-Trailer,Rain,1311,2023-09-23,Yes,2023-09-28,2023-09-28
ORD-06019,West,Van,Clear,1227,2022-04-06,Yes,2022-04-11,2022-04-11
ORD-06020,North,Van,Clear,952,2023-01-30,No,2023-02-03,2023-02-03
ORD-06021,North,Van,Clear,778,2022-10-11,No,2022-10-14,2022-10-14
ORD-06022,West,Box Truck,Clear,771,2023-08-17,No,2023-08-20,2023-08-23
ORD-06023,South,Semi-Trailer,Snow,1281,2023-10-20,No,2023-10-25,2023-10-26
ORD-06024,North,Semi-Trailer,Rain,97,2023-01-20,No,2023-01-21,2023-01-21
ORD-06025,East,Van,Clear,443,2022-06-18,No,2022-06-20,2022-06-20
ORD-06026,North,Van,Clear,429,2022-04-11,No,2022-04-13,2022-04-13
ORD-06027,East,Box Truck,Fog,1286,2023-09-21,No,2023-09-26,2023-09-30
ORD-06028,West,Box Truck,Clear,438,2023-01-05,No,2023-01-07,2023-01-07
ORD-06029,North,Van,Clear,1197,2023-03-26,No,2023-03-30,2023-03-30
ORD-06030,South,Van,Fog,171,2023-01-26,No,2023-01-27,2023-01-30
ORD-06031,North,Box Truck,Fog,516,2023-01-21,No,2023-01-23,2023-01-26
ORD-06032,North,Van,Clear,274,2023-07-16,No,2023-07-17,2023-07-17
ORD-06033,North,Box Truck,Clear,119,2022-10-07,No,2022-10-08,2022-10-08
ORD-06034,West,Box Truck,Clear,909,2023-07-17,No,2023-07-21,2023-07-21
ORD-06035,South,Semi-Trailer,Clear,1352,2022-03-26,No,2022-03-31,2022-03-31
ORD-06036,North,Box Truck,Rain,1165,2023-06-20,No,2023-06-24,2023-06-24
ORD-06037,South,Van,Clear,1166,2023-12-19,No,2023-12-23,2023-12-24
ORD-06038,West,Semi-Trailer,Clear,403,2023-08-11,No,2023-08-13,2023-08-13
ORD-06039,East,Box Truck,Clear,629,2022-12-05,No,2022-12-08,2022-12-08
ORD-06040,North,Van,Fog,693,2022-03-22,No,2022-03-25,2022-03-26
ORD-06041,South,Box Truck,Clear,561,2023-09-18,No,2023-09-20,2023-09-23
ORD-06042,South,Van,Clear,813,2023-12-15,No,2023-12-18,2023-12-18
ORD-06043,West,Semi-Trailer,Fog,1068,2022-07-01,No,2022-07-05,2022-07-07
ORD-06044,North,Van,Clear,731,2022-06-10,Yes,2022-06-13,2022-06-13
ORD-06045,East,Box Truck,Clear,1405,2022-11-15,No,2022-11-20,2022-11-20
ORD-06046,South,Van,Clear,40,2022-05-05,No,2022-05-06,2022-05-06
ORD-06047,North,Van,Clear,1207,2023-10-29,No,2023-11-03,2023-11-03
ORD-06048,East,Semi-Trailer,Clear,826,2023-01-24,No,2023-01-27,2023-01-30
ORD-06049,South,Semi-Trailer,Clear,1423,2022-12-19,No,2022-12-24,2022-12-24
ORD-06050,South,Van,Clear,115,2022-08-12,No,2022-08-13,2022-08-13
ORD-06051,East,Van,Clear,1308,2022-10-23,No,2022-10-28,2022-10-29
ORD-06052,East,Van,Clear,1129,2023-10-03,No,2023-10-07,2023-10-07
ORD-06053,West,Box Truck,Clear,1026,2023-02-26,No,2023-03-02,2023-03-02
ORD-06054,North,Box Truck,Clear,1063,2023-02-03,No,2023-02-07,2023-02-07
ORD-06055,North,Box Truck,Clear,803,2023-10-15,No,2023-10-18,2023-10-19
ORD-06056,West,Box Truck,Fog,170,2022-01-12,No,2022-01-13,2022-01-20
ORD-06057,South,Semi-Trailer,Clear,1339,2023-07-13,No,2023-07-18,2023-07-18
ORD-06058,East,Van,Clear,205,2022-07-26,No,2022-07-27,2022-07-27
ORD-06059,East,Van,Rain,617,2022-07-16,No,2022-07-19,2022-07-22
ORD-06060,East,Box Truck,Clear,347,2022-01-03,No,2022-01-05,2022-01-06
ORD-06061,South,Semi-Trailer,Rain,1171,2022-05-08,No,2022-05-12,2022-05-12
ORD-06062,East,Box Truck,Rain,799,2022-09-09,No,2022-09-12,2022-09-15
ORD-06063,East,Box Truck,Rain,456,2023-04-22,No,2023-04-24,2023-04-24
ORD-06064,West,Box Truck,Rain,1343,2023-06-18,Yes,2023-06-23,2023-06-23
ORD-06065,South,Semi-Trailer,Clear,1212,2022-12-11,No,2022-12-16,2022-12-16
ORD-06066,North,Van,Rain,346,2023-07-27,No,2023-07-29,2023-07-29
ORD-06067,West,Van,Clear,1267,2023-07-27,No,2023-08-01,2023-08-01
ORD-06068,West,Semi-Trailer,Clear,1282,2023-06-20,No,2023-06-25,2023-06-27
ORD-06069,North,Semi-Trailer,Fog,141,2022-06-28,No,2022-06-29,2022-07-03
ORD-06070,West,Van,Clear,258,2022-08-03,,2022-08-04,2022-08-04
ORD-06071,South,Van,Fog,1488,2022-07-26,No,2022-07-31,2022-08-04
ORD-06072,East,Van,Clear,508,2022-10-15,No,2022-10-17,2022-10-17
ORD-06073,South,Van,Clear,72,2022-11-03,No,2022-11-04,2022-11-04
ORD-06074,North,Semi-Trailer,Clear,828,2023-03-22,No,2023-03-25,2023-03-25
ORD-06075,North,Van,Rain,1425,2023-08-31,No,2023-09-05,2023-09-05
ORD-06076,West,Semi-Trailer,Clear,266,2023-05-30,No,2023-05-31,2023-05-31
ORD-06077,South,Van,Clear,1281,2022-12-06,No,2022-12-11,2022-12-11
ORD-06078,South,Box Truck,Clear,1297,2022-03-21,No,2022-03-26,2022-03-26
ORD-06079,North,Van,Rain,476,2022-05-22,No,2022-05-24,2022-05-26
ORD-06080,South,Box Truck,Clear,858,2022-07-12,No,2022-07-15,2022-07-16
ORD-06081,North,Box Truck,Snow,370,2022-09-01,No,2022-09-03,2022-09-05
ORD-06082,South,Box Truck,Clear,889,2022-09-07,No,2022-09-10,2022-09-10
ORD-06083,South,Van,Clear,1426,2022-12-18,No,2022-12-23,2022-12-23
ORD-06084,South,Van,Clear,188,2023-11-13,,2023-11-14,2023-11-14
ORD-06085,North,Van,Fog,958,2022-07-03,No,2022-07-07,2022-07-11
ORD-06086,West,Van,Clear,508,2022-08-30,No,2022-09-01,2022-09-01
ORD-06087,South,Box Truck,Clear,686,2023-05-26,No,2023-05-29,2023-05-29
ORD-06088,North,Box Truck,Rain,301,2023-05-06,Yes,2023-05-08,2023-05-08
ORD-06089,North,Box Truck,Clear,597,2023-02-08,No,2023-02-10,2023-02-10
ORD-06090,South,Box Truck,Rain,827,2022-11-21,No,2022-11-24,2022-11-24
ORD-06091,South,Van,Clear,108,2023-05-09,No,2023-05-10,2023-05-10
ORD-06092,West,Van,Clear,190,2023-04-28,No,2023-04-29,2023-04-29
ORD-06093,North,Van,Clear,962,2023-03-05,,2023-03-09,2023-03-09
ORD-06094,North,Semi-Trailer,Clear,1436,2023-07-04,No,2023-07-09,
ORD-06095,East,Box Truck,Rain,383,2023-03-05,No,2023-03-07,2023-03-08
ORD-06096,North,Van,Rain,633,2023-03-12,No,2023-03-15,2023-03-16
ORD-06097,West,Van,Clear,262,2023-04-10,No,2023-04-11,2023-04-13
ORD-06098,East,Semi-Trailer,Fog,872,2023-08-01,No,2023-08-04,2023-08-06
ORD-06099,East,Box Truck,Clear,131,2022-04-05,No,2022-04-06,2022-04-06
ORD-06100,East,Box Truck,Clear,451,2022-01-07,No,2022-01-09,2022-01-09
ORD-06101,South,Van,Rain,254,2023-10-30,No,2023-10-31,2023-10-31
ORD-06102,South,Van,Rain,880,2023-08-19,No,2023-08-22,2023-08-22
ORD-06103,North,Semi-Trailer,Clear,836,2023-03-03,No,2023-03-06,2023-03-07
ORD-06104,East,Box Truck,Rain,1079,2022-07-18,No,2022-07-22,2022-07-22
ORD-06105,West,Van,Clear,461,2023-08-17,No,2023-08-19,2023-08-19
ORD-06106,South,Semi-Trailer,Rain,305,2022-06-23,No,2022-06-25,2022-06-25
ORD-06107,West,Box Truck,Snow,1174,2023-07-16,No,2023-07-20,2023-07-21
ORD-06108,West,Van,Clear,1099,2022-10-31,No,2022-11-04,2022-11-05
ORD-06109,South,Van,Clear,492,2023-07-12,Yes,2023-07-14,2023-07-14
ORD-06110,South,Van,Rain,318,2023-01-11,No,2023-01-13,2023-01-14
ORD-06111,South,Van,Rain,1493,2023-04-09,No,2023-04-14,2023-04-14
ORD-06112,South,Box Truck,Clear,602,2022-09-06,No,2022-09-09,2022-09-10
ORD-06113,East,Van,Clear,1028,2022-06-14,No,2022-06-18,2022-06-18
ORD-06114,East,Semi-Trailer,Fog,407,2023-02-28,No,2023-03-02,2023-03-03
ORD-06115,East,Semi-Trailer,Clear,478,2022-11-11,No,2022-11-13,2022-11-14
ORD-06116,East,Van,Clear,626,2023-10-28,No,2023-10-31,2023-11-01
ORD-06117,North,Van,Clear,401,2023-02-14,No,2023-02-16,2023-02-16
ORD-06118,East,Semi-Trailer,Clear,106,2022-08-18,No,2022-08-19,2022-08-19
ORD-06119,South,Box Truck,Fog,1223,2023-12-14,No,2023-12-19,2023-12-21
ORD-06120,West,Box Truck,Rain,950,2022-07-10,No,2022-07-14,2022-07-14
ORD-06121,East,Van,Clear,869,2022-04-09,No,2022-04-12,2022-04-12
ORD-06122,North,Van,Rain,204,2023-10-03,No,2023-10-04,2023-10-04
ORD-06123,South,Box Truck,Rain,967,2022-03-03,No,2022-03-07,
ORD-06124,West,Semi-Trailer,Clear,1367,2022-09-13,,2022-09-18,2022-09-18
ORD-06125,West,Van,Clear,92,2022-10-23,No,2022-10-24,2022-10-25
ORD-06126,East,Semi-Trailer,Rain,260,2022-02-21,No,2022-02-22,2022-02-22
ORD-06127,West,Van,Clear,1103,2022-12-21,No,2022-12-25,2022-12-25
ORD-06128,East,Semi-Trailer,Clear,1325,2022-05-24,No,2022-05-29,
ORD-06129,East,Box Truck,Clear,349,2023-12-05,Yes,2023-12-07,2023-12-07
ORD-06130,South,Van,Fog,1418,2023-12-13,No,2023-12-18,2023-12-22
ORD-06131,South,Box Truck,Clear,709,2023-10-07,No,2023-10-10,2023-10-10
ORD-06132,North,Van,Fog,1491,2023-09-14,No,2023-09-19,2023-09-23
ORD-06133,South,Van,Clear,1174,2023-11-07,No,2023-11-11,2023-11-12
ORD-06134,South,Van,Rain,1173,2023-04-06,No,2023-04-10,2023-04-11
ORD-06135,East,Van,Clear,1108,2023-03-06,No,2023-03-10,2023-03-10
ORD-06136,South,Van,Clear,109,2023-06-13,No,2023-06-14,2023-06-14
ORD-06137,East,Box Truck,Clear,1208,2022-09-13,No,2022-09-18,2022-09-21
ORD-06138,East,Box Truck,Clear,742,2022-09-13,No,2022-09-16,2022-09-16
ORD-06139,South,Van,Rain,332,2023-01-13,,2023-01-15,2023-01-15
ORD-06140,North,Semi-Trailer,Rain,19,2023-05-17,,2023-05-18,
ORD-06141,North,Box Truck,Clear,1022,2023-05-03,,2023-05-07,2023-05-07
ORD-06142,West,Semi-Trailer,Fog,1079,2022-09-24,No,2022-09-28,2022-09-30
ORD-06143,West,Box Truck,Clear,1346,2022-12-08,No,2022-12-13,2022-12-13
ORD-06144,South,Van,Clear,1271,2023-07-17,No,2023-07-22,2023-07-22
ORD-06145,North,Van,Clear,815,2023-06-29,No,2023-07-02,2023-07-02
ORD-06146,East,Box Truck,Clear,917,2022-12-16,No,2022-12-20,2022-12-23
ORD-06147,West,Van,Rain,1064,2022-05-13,No,2022-05-17,2022-05-17
ORD-06148,East,Van,Clear,139,2022-01-02,No,2022-01-03,2022-01-03
ORD-06149,West,Van,Clear,1418,2022-09-02,No,2022-09-07,2022-09-07
ORD-06150,South,Van,Clear,1058,2023-11-28,No,2023-12-02,2023-12-02
ORD-06151,North,Van,Clear,1294,2023-05-18,No,2023-05-23,2023-05-24
ORD-06152,West,Van,Clear,1431,2023-06-25,No,2023-06-30,2023-06-30
ORD-06153,North,Van,Clear,573,2023-06-12,No,2023-06-14,2023-06-14
ORD-06154,East,Box Truck,Clear,1363,2023-09-10,No,2023-09-15,2023-09-15
ORD-06155,South,Box Truck,Rain,158,2023-01-26,No,2023-01-27,
ORD-06156,North,Van,Clear,1442,2022-12-05,No,2022-12-10,2022-12-13
ORD-06157,South,Van,Clear,588,2022-05-17,No,2022-05-19,2022-05-19
ORD-06158,North,Van,Clear,1029,2023-01-23,No,2023-01-27,2023-01-27
ORD-06159,East,Van,Fog,128,2022-01-16,No,2022-01-17,2022-01-22
ORD-06160,East,Van,Clear,1467,2022-01-04,No,2022-01-09,2022-01-09
ORD-06161,South,Van,Fog,237,2022-06-30,No,2022-07-01,2022-07-05
ORD-06162,East,Box Truck,Fog,624,2022-10-09,No,2022-10-12,2022-10-15
ORD-06163,West,Box Truck,Rain,249,2022-10-18,No,2022-10-19,2022-10-19
ORD-06164,North,Van,Clear,922,2023-09-20,Yes,2023-09-24,2023-09-24
ORD-06165,East,Van,Clear,1265,2023-08-09,No,2023-08-14,2023-08-14
ORD-06166,West,Box Truck,Clear,975,2022-11-22,No,2022-11-26,2022-11-26
ORD-06167,South,Semi-Trailer,Snow,1323,2022-03-30,No,2022-04-04,2022-04-08
ORD-06168,West,Box Truck,Rain,1187,2023-12-30,No,2024-01-03,2024-01-03
ORD-06169,South,Box Truck,Fog,168,2023-06-18,No,2023-06-19,2023-06-23
ORD-06170,South,Van,Rain,572,2023-12-19,No,2023-12-21,2023-12-22
ORD-06171,North,Van,Clear,485,2022-03-21,,2022-03-23,2022-03-23
ORD-06172,North,Semi-Trailer,Clear,557,2022-09-30,No,2022-10-02,2022-10-02
ORD-06173,West,Van,Clear,1046,2023-09-27,No,2023-10-01,2023-10-01
ORD-06174,North,Semi-Trailer,Clear,862,2023-12-24,No,2023-12-27,2023-12-27
ORD-06175,North,Box Truck,Rain,227,2023-08-03,No,2023-08-04,2023-08-04
ORD-06176,North,Box Truck,Fog,764,2023-03-26,No,2023-03-29,2023-04-03
ORD-06177,West,Van,Clear,744,2023-01-30,No,2023-02-02,2023-02-02
ORD-06178,East,Box Truck,Snow,1000,2022-12-06,No,2022-12-10,2022-12-14
ORD-06179,North,Van,Snow,790,2022-01-09,No,2022-01-12,2022-01-14
ORD-06180,North,Van,Clear,231,2022-12-23,No,2022-12-24,2022-12-24
ORD-06181,West,Van,Clear,297,2022-07-12,No,2022-07-13,2022-07-13
ORD-06182,East,Semi-Trailer,Rain,533,2023-06-30,No,2023-07-02,2023-07-02
ORD-06183,North,Box Truck,Clear,708,2023-09-10,No,2023-09-13,2023-09-13
ORD-06184,South,Van,Clear,690,2023-01-20,No,2023-01-23,2023-01-23
ORD-06185,West,Van,Clear,333,2022-08-14,No,2022-08-16,2022-08-16
ORD-06186,North,Box Truck,Fog,627,2023-05-05,No,2023-05-08,2023-05-12
ORD-06187,North,Box Truck,Clear,1209,2022-04-24,No,2022-04-29,2022-04-29
ORD-06188,South,Box Truck,Rain,870,2023-01-24,No,2023-01-27,2023-01-27
ORD-06189,South,Box Truck,Snow,50,2022-12-21,No,2022-12-22,2022-12-26
ORD-06190,West,Van,Rain,1358,2022-07-29,No,2022-08-03,
ORD-06191,West,Box Truck,Clear,1300,2022-08-18,No,2022-08-23,2022-08-24
ORD-06192,South,Van,Rain,402,2023-12-05,No,2023-12-07,2023-12-07
ORD-06193,West,Semi-Trailer,Clear,1146,2022-03-03,No,2022-03-07,2022-03-08
ORD-06194,South,Box Truck,Clear,1317,2022-08-03,No,2022-08-08,2022-08-11
ORD-06195,North,Van,Fog,212,2023-10-11,No,2023-10-12,2023-10-14
ORD-06196,South,Van,Clear,862,2022-09-17,No,2022-09-20,2022-09-23
ORD-06197,South,Semi-Trailer,Rain,783,2023-07-03,No,2023-07-06,2023-07-07
ORD-06198,East,Van,Clear,1177,2023-10-07,No,2023-10-11,2023-10-11
ORD-06199,South,Van,Clear,1276,2022-12-17,No,2022-12-22,2022-12-23
ORD-06200,South,Box Truck,Fog,791,2023-11-03,No,2023-11-06,2023-11-08
ORD-06201,East,Van,Rain,44,2023-11-01,No,2023-11-02,2023-11-02
ORD-06202,West,Box Truck,Clear,62,2022-06-06,No,2022-06-07,2022-06-08
ORD-06203,East,Van,Fog,512,2022-02-11,No,2022-02-13,2022-02-16
ORD-06204,North,Box Truck,Rain,1389,2022-07-07,No,2022-07-12,
ORD-06205,East,Van,Clear,159,2022-11-15,No,2022-11-16,2022-11-16
ORD-06206,North,Van,Rain,446,2022-10-02,No,2022-10-04,2022-10-04
ORD-06207,West,Semi-Trailer,Clear,459,2022-02-05,,2022-02-07,2022-02-10
ORD-06208,East,Box Truck,Clear,534,2022-05-04,No,2022-05-06,2022-05-06
ORD-06209,East,Van,Clear,276,2023-05-27,No,2023-05-28,2023-05-28
ORD-06210,West,Van,Clear,95,2023-07-25,No,2023-07-26,2023-07-26
ORD-06211,North,Box Truck,Clear,318,2023-08-31,No,2023-09-02,2023-09-02
ORD-06212,East,Box Truck,Snow,274,2023-08-01,No,2023-08-02,2023-08-03
ORD-06213,North,Semi-Trailer,Rain,501,2022-10-02,No,2022-10-04,2022-10-06
ORD-06214,East,Semi-Trailer,Clear,1050,2023-11-20,No,2023-11-24,2023-11-24
ORD-06215,South,Box Truck,Snow,1222,2022-08-16,No,2022-08-21,2022-08-22
ORD-06216,East,Van,Clear,531,2023-04-11,No,2023-04-13,2023-04-15
ORD-06217,West,Van,Rain,1199,2022-07-31,No,2022-08-04,2022-08-04
ORD-06218,West,Box Truck,Clear,887,2022-05-31,No,2022-06-03,2022-06-03
ORD-06219,North,Van,Snow,1378,2022-05-17,No,2022-05-22,2022-05-27
ORD-06220,East,Van,Fog,1252,2022-09-11,No,2022-09-16,2022-09-21
ORD-06221,North,Van,Rain,103,2023-06-20,No,2023-06-21,2023-06-23
ORD-06222,North,Van,Fog,1191,2023-01-07,No,2023-01-11,2023-01-13
ORD-06223,South,Van,Clear,43,2023-02-10,No,2023-02-11,2023-02-11
ORD-06224,South,Van,Snow,810,2023-03-17,No,2023-03-20,2023-03-21
ORD-06225,West,Box Truck,Clear,425,2023-02-27,No,2023-03-01,2023-03-01
ORD-06226,North,Van,Clear,533,2023-12-21,No,2023-12-23,2023-12-23
ORD-06227,West,Van,Rain,242,2023-05-31,No,2023-06-01,2023-06-01
ORD-06228,East,Van,Rain,614,2022-08-30,No,2022-09-02,2022-09-05
ORD-06229,North,Box Truck,Clear,116,2022-03-05,No,2022-03-06,2022-03-07
ORD-06230,North,Van,Clear,1226,2023-08-09,No,2023-08-14,2023-08-14
ORD-06231,East,Box Truck,Clear,531,2022-02-08,No,2022-02-10,2022-02-10
ORD-06232,East,Semi-Trailer,Clear,646,2023-10-03,No,2023-10-06,2023-10-06
ORD-06233,West,Van,Clear,796,2022-11-27,No,2022-11-30,2022-11-30
ORD-06234,West,Van,Clear,1028,2023-04-05,No,2023-04-09,2023-04-09
ORD-06235,East,Van,Clear,1312,2023-02-24,No,2023-03-01,2023-03-04
ORD-06236,West,Semi-Trailer,Fog,1161,2022-05-22,No,2022-05-26,2022-05-27
ORD-06237,East,Box Truck,Rain,350,2022-02-01,No,2022-02-03,2022-02-03
ORD-06238,North,Semi-Trailer,Clear,706,2022-11-09,No,2022-11-12,2022-11-14
ORD-06239,North,Van,Fog,68,2023-12-26,No,2023-12-27,2023-12-29
ORD-06240,South,Semi-Trailer,Rain,1215,2022-01-15,No,2022-01-20,2022-01-20
ORD-06241,North,Van,Clear,595,2023-03-31,No,2023-04-02,2023-04-02
ORD-06242,East,Van,Clear,252,2022-01-14,No,2022-01-15,2022-01-15
ORD-06243,West,Semi-Trailer,Clear,237,2023-04-10,No,2023-04-11,2023-04-11
ORD-06244,South,Semi-Trailer,Clear,569,2022-01-30,No,2022-02-01,2022-02-01
ORD-06245,West,Van,Clear,527,2023-03-23,No,2023-03-25,2023-03-28
ORD-06246,East,Van,Clear,564,2023-04-28,No,2023-04-30,2023-04-30
ORD-06247,North,Van,Clear,1178,2023-06-15,No,2023-06-19,2023-06-19
ORD-06248,South,Van,Rain,136,2023-01-19,No,2023-01-20,2023-01-20
ORD-06249,East,Van,Clear,344,2023-03-02,No,2023-03-04,2023-03-04
ORD-06250,South,Semi-Trailer,Rain,767,2023-11-30,No,2023-12-03,2023-12-03
ORD-06251,South,Box Truck,Clear,1441,2023-05-19,No,2023-05-24,2023-05-24
ORD-06252,North,Box Truck,Fog,130,2023-02-10,No,2023-02-11,2023-02-13
ORD-06253,East,Box Truck,Clear,710,2023-06-24,No,2023-06-27,2023-06-27
ORD-06254,West,Box Truck,Fog,1318,2023-01-03,Yes,2023-01-08,
ORD-06255,South,Box Truck,Snow,251,2022-08-12,No,2022-08-13,2022-08-17
ORD-06256,South,Box Truck,Rain,87,2023-01-29,No,2023-01-30,2023-01-30
ORD-06257,West,Van,Rain,459,2023-07-21,Yes,2023-07-23,2023-07-26
ORD-06258,East,Box Truck,Clear,1214,2023-03-13,,2023-03-18,
ORD-06259,South,Box Truck,Fog,274,2022-06-07,No,2022-06-08,2022-06-13
ORD-06260,South,Semi-Trailer,Clear,691,2022-11-13,No,2022-11-16,2022-11-16
ORD-06261,South,Semi-Trailer,Clear,304,2022-02-23,No,2022-02-25,2022-02-25
ORD-06262,East,Van,Clear,974,2023-04-07,No,2023-04-11,2023-04-13
ORD-06263,East,Box Truck,Clear,899,2023-03-29,No,2023-04-01,2023-04-01
ORD-06264,West,Van,Rain,256,2023-06-09,No,2023-06-10,2023-06-10
ORD-06265,East,Box Truck,Fog,433,2022-07-28,Yes,2022-07-30,2022-08-02
ORD-06266,East,Van,Clear,1092,2022-11-01,No,2022-11-05,2022-11-05
ORD-06267,North,Van,Fog,842,2022-01-19,No,2022-01-22,2022-01-23
ORD-06268,West,Van,Clear,1491,2023-04-30,No,2023-05-05,2023-05-05
ORD-06269,South,Box Truck,Clear,20,2023-07-19,No,2023-07-20,2023-07-20
ORD-06270,East,Van,Clear,356,2022-11-27,No,2022-11-29,2022-11-29
ORD-06271,South,Semi-Trailer,Rain,861,2022-06-19,No,2022-06-22,
ORD-06272,South,Van,Clear,1038,2022-03-06,No,2022-03-10,2022-03-10
ORD-06273,North,Semi-Trailer,Clear,1403,2023-09-23,No,2023-09-28,2023-09-28
ORD-06274,East,Box Truck,Clear,1491,2022-06-04,No,2022-06-09,2022-06-10
ORD-06275,West,Van,Clear,254,2022-10-26,No,2022-10-27,2022-10-27
ORD-06276,East,Van,Rain,258,2022-03-15,No,2022-03-16,2022-03-16
ORD-06277,South,Box Truck,Clear,954,2023-10-05,No,2023-10-09,2023-10-10
ORD-06278,West,Box Truck,Clear,444,2023-02-25,No,2023-02-27,2023-02-27
ORD-06279,East,Box Truck,Clear,1453,2023-03-21,No,2023-03-26,2023-03-26
ORD-06280,South,Van,Clear,114,2023-06-05,No,2023-06-06,2023-06-06
ORD-06281,South,Van,Clear,251,2023-06-17,No,2023-06-18,2023-06-18
ORD-06282,North,Semi-Trailer,Clear,1305,2022-03-03,No,2022-03-08,2022-03-08
ORD-06283,North,Van,Rain,528,2023-02-19,No,2023-02-21,2023-02-21
ORD-06284,North,Van,Clear,738,2023-10-04,No,2023-10-07,2023-10-07
ORD-06285,South,Van,Clear,1077,2022-01-29,No,2022-02-02,2022-02-02
ORD-06286,East,Box Truck,Clear,1059,2022-06-01,No,2022-06-05,2022-06-08
ORD-06287,North,Box Truck,Clear,190,2022-08-18,No,2022-08-19,2022-08-19
ORD-06288,East,Van,Clear,613,2023-08-16,No,2023-08-19,2023-08-19
ORD-06289,North,Van,Clear,437,2022-02-06,No,2022-02-08,2022-02-08
ORD-06290,West,Van,Clear,277,2022-12-05,No,2022-12-06,2022-12-06
ORD-06291,West,Van,Rain,867,2022-08-24,,2022-08-27,2022-08-27
ORD-06292,North,Van,Clear,589,2023-08-14,No,2023-08-16,2023-08-16
ORD-06293,South,Semi-Trailer,Rain,885,2023-01-08,Yes,2023-01-11,2023-01-14
ORD-06294,North,Van,Clear,160,2022-06-17,No,2022-06-18,2022-06-18
ORD-06295,North,Van,Clear,609,2023-08-31,No,2023-09-03,2023-09-05
ORD-06296,South,Semi-Trailer,Rain,104,2022-01-29,No,2022-01-30,2022-01-30
ORD-06297,West,Van,Clear,391,2023-10-03,No,2023-10-05,2023-10-05
ORD-06298,East,Box Truck,Clear,524,2022-07-19,No,2022-07-21,2022-07-21
ORD-06299,North,Van,Rain,939,2022-07-09,No,2022-07-13,2022-07-13
ORD-06300,South,Van,Snow,1461,2023-01-25,No,2023-01-30,2023-01-31
ORD-06301,North,Semi-Trailer,Fog,1458,2023-12-09,No,2023-12-14,2023-12-20
ORD-06302,South,Box Truck,Rain,208,2023-10-05,No,2023-10-06,2023-10-06
ORD-06303,East,Van,Snow,17,2023-01-11,No,2023-01-12,2023-01-15
ORD-06304,East,Box Truck,Clear,814,2023-04-14,No,2023-04-17,2023-04-17
ORD-06305,West,Semi-Trailer,Clear,336,2023-12-02,No,2023-12-04,2023-12-04
ORD-06306,South,Van,Clear,880,2022-03-17,No,2022-03-20,2022-03-20
ORD-06307,South,Box Truck,Clear,1054,2022-03-31,No,2022-04-04,2022-04-04
ORD-06308,West,Semi-Trailer,Clear,264,2022-08-17,No,2022-08-18,2022-08-18
ORD-06309,West,Van,Rain,1466,2022-08-11,No,2022-08-16,2022-08-16
ORD-06310,South,Box Truck,Clear,1060,2022-03-17,,2022-03-21,2022-03-21
ORD-06311,West,Box Truck,Rain,529,2023-05-03,No,2023-05-05,2023-05-05
ORD-06312,East,Box Truck,Clear,939,2023-06-22,No,2023-06-26,2023-06-27
ORD-06313,North,Van,Clear,539,2023-03-18,No,2023-03-20,2023-03-20
ORD-06314,East,Van,Clear,956,2022-08-31,No,2022-09-04,2022-09-04
ORD-06315,West,Box Truck,Clear,509,2022-01-10,No,2022-01-12,
ORD-06316,South,Van,Clear,1266,2022-10-18,No,2022-10-23,2022-10-26
ORD-06317,South,Van,Rain,1429,2022-05-22,No,2022-05-27,2022-05-27
ORD-06318,East,Van,Clear,1340,2022-07-21,No,2022-07-26,2022-07-26
ORD-06319,South,Van,Clear,519,2023-09-16,,2023-09-18,2023-09-18
ORD-06320,West,Semi-Trailer,Rain,433,2022-10-09,No,2022-10-11,2022-10-11
ORD-06321,East,Van,Clear,159,2023-02-03,No,2023-02-04,2023-02-04
ORD-06322,South,Semi-Trailer,Clear,1425,2022-02-03,No,2022-02-08,2022-02-08
ORD-06323,North,Van,Clear,677,2023-04-19,No,2023-04-22,2023-04-23
ORD-06324,North,Box Truck,Clear,955,2023-08-28,No,2023-09-01,2023-09-01
ORD-06325,West,Van,Rain,1080,2023-06-06,No,2023-06-10,2023-06-12
ORD-06326,South,Box Truck,Snow,321,2023-05-10,No,2023-05-12,2023-05-16
ORD-06327,West,Box Truck,Rain,148,2022-02-26,No,2022-02-27,2022-03-02
ORD-06328,East,Van,Clear,1438,2022-10-01,No,2022-10-06,2022-10-06
ORD-06329,North,Semi-Trailer,Rain,931,2023-04-14,No,2023-04-18,2023-04-18
ORD-06330,East,Van,Clear,23,2022-10-19,No,2022-10-20,2022-10-20
ORD-06331,South,Box Truck,Clear,780,2023-04-23,No,2023-04-26,2023-04-28
ORD-06332,West,Semi-Trailer,Clear,194,2023-12-13,No,2023-12-14,2023-12-14
ORD-06333,West,Semi-Trailer,Rain,1148,2022-10-01,No,2022-10-05,2022-10-05
ORD-06334,West,Semi-Trailer,Rain,119,2022-07-23,No,2022-07-24,2022-07-24
ORD-06335,East,Van,Rain,752,2023-11-26,No,2023-11-29,2023-12-02
ORD-06336,North,Van,Rain,290,2022-03-10,No,2022-03-11,2022-03-14
ORD-06337,East,Van,Clear,552,2022-10-23,No,2022-10-25,2022-10-25
ORD-06338,East,Box Truck,Clear,95,2023-12-05,No,2023-12-06,2023-12-06
ORD-06339,South,Box Truck,Rain,147,2023-02-04,No,2023-02-05,2023-02-05
ORD-06340,South,Van,Rain,1499,2022-07-14,No,2022-07-19,2022-07-19
ORD-06341,South,Box Truck,Rain,86,2023-04-26,No,2023-04-27,2023-04-27
ORD-06342,North,Van,Clear,1170,2023-01-22,No,2023-01-26,2023-01-26
ORD-06343,North,Van,Rain,984,2022-02-14,No,2022-02-18,2022-02-18
ORD-06344,South,Box Truck,Clear,785,2022-08-28,Yes,2022-08-31,2022-08-31
ORD-06345,South,Van,Rain,1026,2022-06-24,No,2022-06-28,2022-06-28
ORD-06346,North,Semi-Trailer,Clear,106,2023-01-31,No,2023-02-01,2023-02-01
ORD-06347,West,Van,Fog,1004,2023-09-07,No,2023-09-11,2023-09-13
ORD-06348,North,Box Truck,Clear,807,2022-12-16,No,2022-12-19,2022-12-19
ORD-06349,North,Van,Rain,1042,2022-07-17,,2022-07-21,2022-07-21
ORD-06350,North,Van,Clear,92,2022-11-28,No,2022-11-29,2022-11-29
ORD-06351,South,Box Truck,Clear,56,2023-08-03,No,2023-08-04,2023-08-04
ORD-06352,West,Semi-Trailer,Clear,439,2023-11-09,No,2023-11-11,2023-11-13
ORD-06353,North,Van,Rain,1123,2022-10-05,No,2022-10-09,2022-10-09
ORD-06354,South,Van,Clear,522,2022-06-21,No,2022-06-23,2022-06-24
ORD-06355,East,Box Truck,Clear,1447,2022-10-25,No,2022-10-30,2022-10-30
ORD-06356,East,Van,Fog,522,2023-03-18,No,2023-03-20,2023-03-22
ORD-06357,North,Semi-Trailer,Rain,667,2023-06-28,No,2023-07-01,2023-07-01
ORD-06358,East,Box Truck,Clear,682,2022-08-17,No,2022-08-20,2022-08-20
ORD-06359,West,Van,Clear,656,2022-09-06,No,2022-09-09,2022-09-09
ORD-06360,East,Van,Clear,807,2022-09-25,No,2022-09-28,2022-09-28
ORD-06361,East,Box Truck,Snow,86,2022-02-21,No,2022-02-22,
ORD-06362,West,Van,Rain,90,2023-08-30,No,2023-08-31,2023-08-31
ORD-06363,North,Box Truck,Snow,563,2023-04-12,No,2023-04-14,2023-04-16
ORD-06364,North,Van,Clear,645,2023-01-14,,2023-01-17,2023-01-17
ORD-06365,West,Box Truck,Rain,751,2022-06-15,No,2022-06-18,
ORD-06366,West,Van,Clear,1235,2022-10-16,No,2022-10-21,2022-10-21
ORD-06367,West,Semi-Trailer,Clear,855,2022-10-05,No,2022-10-08,2022-10-08
ORD-06368,East,Van,Rain,1480,2023-12-26,No,2023-12-31,2023-12-31
ORD-06369,West,Van,Clear,116,2023-01-06,No,2023-01-07,2023-01-08
ORD-06370,South,Semi-Trailer,Clear,974,2023-05-14,No,2023-05-18,2023-05-18
ORD-06371,East,Van,Snow,1325,2023-11-01,No,2023-11-06,2023-11-10
ORD-06372,North,Van,Clear,695,2023-01-03,No,2023-01-06,2023-01-06
ORD-06373,North,Van,Clear,950,2023-05-22,No,2023-05-26,2023-05-29
ORD-06374,North,Van,Rain,321,2022-09-27,No,2022-09-29,2022-09-30
ORD-06375,East,Semi-Trailer,Fog,608,2023-09-20,No,2023-09-23,2023-09-25
ORD-06376,South,Box Truck,Rain,693,2022-06-13,No,2022-06-16,2022-06-16
ORD-06377,West,Van,Clear,642,2022-07-21,No,2022-07-24,2022-07-24
ORD-06378,West,Box Truck,Clear,677,2023-05-08,,2023-05-11,2023-05-11
ORD-06379,North,Box Truck,Clear,608,2022-12-07,No,2022-12-10,2022-12-10
ORD-06380,North,Semi-Trailer,Rain,1459,2022-09-02,No,2022-09-07,2022-09-08
ORD-06381,East,Van,Clear,424,2022-06-11,Yes,2022-06-13,2022-06-13
ORD-06382,South,Box Truck,Snow,1168,2023-09-29,No,2023-10-03,2023-10-07
ORD-06383,West,Box Truck,Clear,781,2022-01-12,No,2022-01-15,2022-01-15
ORD-06384,East,Van,Clear,1397,2022-11-25,No,2022-11-30,2022-11-30
ORD-06385,West,Van,Rain,393,2022-08-28,No,2022-08-30,2022-08-30
ORD-06386,North,Van,Rain,1065,2022-04-06,No,2022-04-10,2022-04-10
ORD-06387,West,Box Truck,Rain,549,2023-10-02,No,2023-10-04,2023-10-04
ORD-06388,South,Van,Fog,496,2022-10-13,No,2022-10-15,2022-10-17
ORD-06389,South,Semi-Trailer,Fog,1398,2022-06-22,Yes,2022-06-27,2022-07-01
ORD-06390,North,Van,Fog,273,2022-11-18,No,2022-11-19,2022-11-22
ORD-06391,South,Box Truck,Snow,1175,2022-04-12,No,2022-04-16,2022-04-20
ORD-06392,South,Semi-Trailer,Rain,39,2022-09-13,No,2022-09-14,2022-09-14
ORD-06393,East,Box Truck,Rain,908,2023-05-20,No,2023-05-24,2023-05-24
ORD-06394,West,Semi-Trailer,Clear,139,2023-03-10,,2023-03-11,2023-03-12
ORD-06395,North,Semi-Trailer,Clear,1103,2022-05-29,No,2022-06-02,2022-06-02
ORD-06396,North,Van,Clear,128,2023-09-19,No,2023-09-20,2023-09-21
ORD-06397,North,Box Truck,Clear,336,2023-03-07,No,2023-03-09,2023-03-09
ORD-06398,North,Van,Clear,1103,2023-07-18,No,2023-07-22,2023-07-22
ORD-06399,North,Box Truck,Clear,217,2023-08-11,Yes,2023-08-12,2023-08-15
ORD-06400,South,Van,Fog,100,2023-11-22,No,2023-11-23,2023-11-24
ORD-06401,East,Box Truck,Snow,129,2022-12-27,No,2022-12-28,2022-12-31
ORD-06402,North,Box Truck,Clear,991,2023-08-13,No,2023-08-17,2023-08-17
ORD-06403,East,Van,Clear,216,2022-03-26,No,2022-03-27,2022-03-27
ORD-06404,East,Van,Snow,415,2022-04-14,No,2022-04-16,2022-04-19
ORD-06405,South,Semi-Trailer,Snow,777,2022-01-14,,2022-01-17,2022-01-21
ORD-06406,North,Van,Fog,556,2023-08-22,No,2023-08-24,2023-08-27
ORD-06407,South,Van,Fog,133,2023-12-18,No,2023-12-19,2023-12-21
ORD-06408,North,Van,Fog,121,2022-09-15,No,2022-09-16,2022-09-20
ORD-06409,South,Semi-Trailer,Clear,1019,2022-12-04,No,2022-12-08,2022-12-08
ORD-06410,East,Semi-Trailer,Clear,1240,2023-03-27,No,2023-04-01,
ORD-06411,North,Box Truck,Rain,992,2022-05-12,No,2022-05-16,2022-05-16
ORD-06412,West,Semi-Trailer,Clear,623,2022-09-07,No,2022-09-10,2022-09-10
ORD-06413,East,Van,Snow,954,2022-09-27,No,2022-10-01,2022-10-05
ORD-06414,West,Semi-Trailer,Clear,1419,2022-02-27,No,2022-03-04,2022-03-04
ORD-06415,East,Van,Rain,715,2022-07-12,No,2022-07-15,2022-07-15
ORD-06416,South,Van,Clear,156,2022-06-10,No,2022-06-11,2022-06-11
ORD-06417,North,Van,Clear,141,2022-03-12,No,2022-03-13,2022-03-13
ORD-06418,East,Box Truck,Clear,741,2022-12-29,No,2023-01-01,2023-01-02
ORD-06419,South,Box Truck,Fog,859,2022-02-26,No,2022-03-01,2022-03-03
ORD-06420,North,Van,Clear,113,2022-11-01,No,2022-11-02,2022-11-02
ORD-06421,North,Semi-Trailer,Fog,562,2023-03-19,No,2023-03-21,2023-03-23
ORD-06422,East,Van,Snow,577,2023-11-23,No,2023-11-25,2023-11-29
ORD-06423,North,Van,Rain,771,2022-04-27,No,2022-04-30,2022-04-30
ORD-06424,East,Van,Rain,1275,2022-01-08,No,2022-01-13,2022-01-16
ORD-06425,North,Box Truck,Rain,936,2022-05-03,No,2022-05-07,2022-05-10
ORD-06426,West,Semi-Trailer,Clear,671,2023-02-08,No,2023-02-11,2023-02-11
ORD-06427,South,Van,Clear,1364,2022-02-07,No,2022-02-12,2022-02-12
ORD-06428,West,Box Truck,Snow,953,2023-02-07,Yes,2023-02-11,2023-02-12
ORD-06429,East,Van,Rain,857,2023-11-18,,2023-11-21,2023-11-21
ORD-06430,West,Box Truck,Clear,905,2023-04-15,Yes,2023-04-19,2023-04-19
ORD-06431,East,Semi-Trailer,Rain,1182,2022-10-11,No,2022-10-15,2022-10-15
ORD-06432,North,Van,Clear,178,2023-07-05,No,2023-07-06,2023-07-06
ORD-06433,North,Semi-Trailer,Clear,566,2022-04-04,No,2022-04-06,2022-04-06
ORD-06434,East,Box Truck,Clear,994,2023-10-13,Yes,2023-10-17,2023-10-17
ORD-06435,West,Van,Clear,1117,2023-05-22,No,2023-05-26,2023-05-26
ORD-06436,North,Semi-Trailer,Clear,529,2022-07-15,No,2022-07-17,2022-07-17
ORD-06437,South,Van,Clear,116,2022-08-21,No,2022-08-22,2022-08-23
ORD-06438,North,Van,Clear,894,2023-06-29,No,2023-07-02,2023-07-05
ORD-06439,South,Van,Clear,1298,2023-11-06,No,2023-11-11,2023-11-12
ORD-06440,West,Van,Clear,667,2022-11-29,No,2022-12-02,2022-12-02
ORD-06441,South,Semi-Trailer,Clear,40,2022-05-17,No,2022-05-18,2022-05-18
ORD-06442,South,Box Truck,Clear,256,2022-03-23,No,2022-03-24,2022-03-25
ORD-06443,South,Semi-Trailer,Clear,935,2022-11-13,No,2022-11-17,2022-11-17
ORD-06444,South,Van,Clear,33,2023-08-01,,2023-08-02,2023-08-02
ORD-06445,North,Van,Clear,507,2023-03-27,No,2023-03-29,2023-03-29
ORD-06446,South,Van,Snow,863,2022-08-26,No,2022-08-29,2022-09-02
ORD-06447,North,Box Truck,Clear,313,2023-03-14,No,2023-03-16,2023-03-16
ORD-06448,South,Semi-Trailer,Clear,1431,2022-03-28,No,2022-04-02,2022-04-03
ORD-06449,East,Box Truck,Clear,1436,2023-02-18,No,2023-02-23,2023-02-23
ORD-06450,West,Van,Clear,325,2023-05-29,No,2023-05-31,2023-05-31
ORD-06451,South,Semi-Trailer,Rain,287,2023-12-16,No,2023-12-17,2023-12-17
ORD-06452,East,Box Truck,Clear,551,2022-04-11,No,2022-04-13,2022-04-14
ORD-06453,South,Van,Clear,1176,2023-07-28,No,2023-08-01,2023-08-03
ORD-06454,South,Semi-Trailer,Clear,798,2022-02-16,Yes,2022-02-19,2022-02-19
ORD-06455,South,Van,Clear,1443,2022-03-18,No,2022-03-23,2022-03-23
ORD-06456,East,Van,Clear,365,2022-05-13,No,2022-05-15,2022-05-15
ORD-06457,West,Van,Rain,1236,2023-03-08,No,2023-03-13,2023-03-13
ORD-06458,East,Van,Clear,259,2023-07-03,No,2023-07-04,2023-07-04
ORD-06459,West,Van,Clear,112,2022-01-02,No,2022-01-03,2022-01-06
ORD-06460,South,Van,Rain,44,2022-07-12,Yes,2022-07-13,2022-07-13
ORD-06461,North,Van,Rain,1357,2022-06-18,No,2022-06-23,2022-06-23
ORD-06462,South,Box Truck,Rain,541,2022-05-24,No,2022-05-26,2022-05-26
ORD-06463,West,Semi-Trailer,Clear,568,2022-06-17,No,2022-06-19,2022-06-19
ORD-06464,East,Box Truck,Clear,1301,2023-06-15,No,2023-06-20,2023-06-20
ORD-06465,South,Van,Clear,1086,2022-11-25,Yes,2022-11-29,2022-11-29
ORD-06466,East,Van,Rain,794,2023-01-22,No,2023-01-25,2023-01-27
ORD-06467,East,Van,Clear,27,2023-04-22,No,2023-04-23,2023-04-24
ORD-06468,East,Van,Clear,1137,2022-12-12,No,2022-12-16,2022-12-16
ORD-06469,South,Box Truck,Rain,161,2023-10-30,Yes,2023-10-31,2023-10-31
ORD-06470,East,Box Truck,Rain,1025,2023-08-08,No,2023-08-12,2023-08-12
ORD-06471,East,Box Truck,Clear,882,2023-08-16,No,2023-08-19,2023-08-19
ORD-06472,South,Box Truck,Snow,1447,2023-07-26,No,2023-07-31,2023-08-02
ORD-06473,East,Van,Snow,1117,2022-11-07,No,2022-11-11,2022-11-14
ORD-06474,South,Van,Clear,1341,2023-02-12,No,2023-02-17,2023-02-17
ORD-06475,West,Box Truck,Fog,1184,2022-09-15,No,2022-09-19,2022-09-23
ORD-06476,West,Van,Clear,558,2022-07-08,No,2022-07-10,2022-07-10
ORD-06477,West,Van,Rain,388,2023-05-07,No,2023-05-09,2023-05-09
ORD-06478,East,Van,Snow,467,2023-05-21,No,2023-05-23,2023-05-26
ORD-06479,North,Van,Clear,362,2023-09-29,No,2023-10-01,2023-10-01
ORD-06480,North,Van,Clear,385,2023-06-24,No,2023-06-26,2023-06-26
ORD-06481,East,Semi-Trailer,Fog,217,2022-03-15,No,2022-03-16,2022-03-20
ORD-06482,North,Semi-Trailer,Clear,469,2023-04-16,No,2023-04-18,2023-04-18
ORD-06483,South,Van,Clear,1437,2022-08-03,No,2022-08-08,2022-08-08
ORD-06484,North,Van,Clear,539,2023-04-29,Yes,2023-05-01,2023-05-01
ORD-06485,East,Box Truck,Snow,494,2022-06-10,No,2022-06-12,
ORD-06486,East,Van,Fog,131,2022-01-10,,2022-01-11,2022-01-16
ORD-06487,South,Van,Clear,803,2022-02-15,No,2022-02-18,2022-02-18
ORD-06488,West,Van,Snow,1153,2023-11-29,No,2023-12-03,2023-12-05
ORD-06489,East,Van,Clear,260,2022-03-18,No,2022-03-19,2022-03-22
ORD-06490,South,Box Truck,Fog,1332,2022-09-11,No,2022-09-16,2022-09-20
ORD-06491,North,Semi-Trailer,Clear,56,2022-02-04,No,2022-02-05,2022-02-08
ORD-06492,North,Van,Clear,1332,2023-03-17,No,2023-03-22,2023-03-22
ORD-06493,South,Van,Clear,905,2023-06-04,No,2023-06-08,2023-06-08
ORD-06494,South,Van,Clear,254,2022-02-05,No,2022-02-06,2022-02-06
ORD-06495,East,Van,Clear,733,2023-02-23,No,2023-02-26,2023-02-26
ORD-06496,North,Semi-Trailer,Rain,227,2022-07-12,No,2022-07-13,2022-07-15
ORD-06497,South,Box Truck,Clear,772,2023-06-02,No,2023-06-05,2023-06-05
ORD-06498,North,Box Truck,Fog,1377,2022-11-07,No,2022-11-12,2022-11-14
ORD-06499,South,Box Truck,Rain,1347,2022-10-06,No,2022-10-11,2022-10-11
ORD-06500,North,Semi-Trailer,Rain,613,2023-12-15,No,2023-12-18,2023-12-19
ORD-06501,West,Semi-Trailer,Clear,299,2023-11-11,No,2023-11-12,2023-11-13
ORD-06502,East,Van,Snow,611,2022-06-09,No,2022-06-12,2022-06-13
ORD-06503,North,Van,Rain,1005,2022-05-23,No,2022-05-27,2022-05-27
ORD-06504,West,Box Truck,Snow,1230,2023-06-08,No,2023-06-13,2023-06-16
ORD-06505,North,Van,Fog,705,2022-04-04,No,2022-04-07,2022-04-11
ORD-06506,North,Semi-Trailer,Clear,1449,2022-04-20,Yes,2022-04-25,2022-04-25
ORD-06507,West,Box Truck,Clear,619,2022-07-02,Yes,2022-07-05,
ORD-06508,North,Semi-Trailer,Snow,315,2023-02-20,No,2023-02-22,2023-02-25
ORD-06509,North,Van,Snow,545,2023-05-13,No,2023-05-15,2023-05-19
ORD-06510,East,Semi-Trailer,Clear,1253,2023-10-23,No,2023-10-28,2023-10-28
ORD-06511,West,Van,Clear,766,2023-10-30,No,2023-11-02,2023-11-02
ORD-06512,West,Semi-Trailer,Rain,1023,2023-08-07,No,2023-08-11,2023-08-11
ORD-06513,South,Van,Clear,363,2023-02-20,No,2023-02-22,2023-02-22
ORD-06514,North,Box Truck,Clear,744,2022-01-08,No,2022-01-11,2022-01-11
ORD-06515,East,Box Truck,Clear,244,2023-11-27,No,2023-11-28,2023-11-28
ORD-06516,North,Van,Clear,315,2023-12-18,No,2023-12-20,2023-12-20
ORD-06517,North,Van,Clear,1143,2022-04-07,No,2022-04-11,2022-04-11
ORD-06518,South,Semi-Trailer,Fog,323,2023-02-05,No,2023-02-07,2023-02-11
ORD-06519,North,Van,Snow,957,2022-06-06,No,2022-06-10,2022-06-11
ORD-06520,East,Box Truck,Fog,1046,2023-03-21,No,2023-03-25,2023-03-29
ORD-06521,East,Van,Snow,836,2023-02-12,No,2023-02-15,2023-02-16
ORD-06522,South,Semi-Trailer,Clear,176,2022-09-08,No,2022-09-09,
ORD-06523,North,Box Truck,Snow,62,2023-12-17,No,2023-12-18,2023-12-21
ORD-06524,East,Van,Fog,1219,2022-04-06,No,2022-04-11,2022-04-16
ORD-06525,North,Van,Fog,285,2023-07-19,No,2023-07-20,2023-07-24
ORD-06526,North,Box Truck,Rain,456,2022-01-22,No,2022-01-24,2022-01-24
ORD-06527,North,Van,Clear,361,2023-12-16,No,2023-12-18,2023-12-18
ORD-06528,South,Van,Clear,19,2022-11-11,No,2022-11-12,2022-11-12
ORD-06529,North,Box Truck,Clear,419,2023-06-02,No,2023-06-04,2023-06-04
ORD-06530,East,Van,Fog,156,2023-02-22,,2023-02-23,2023-02-25
ORD-06531,North,Van,Clear,838,2023-12-08,No,2023-12-11,2023-12-11
ORD-06532,East,Box Truck,Snow,639,2022-08-10,No,2022-08-13,2022-08-17
ORD-06533,North,Van,Clear,861,2022-02-27,No,2022-03-02,2022-03-03
ORD-06534,East,Van,Rain,437,2022-09-06,No,2022-09-08,2022-09-08
ORD-06535,East,Van,Clear,497,2022-08-14,No,2022-08-16,2022-08-17
ORD-06536,North,Box Truck,Clear,1410,2023-08-10,No,2023-08-15,2023-08-15
ORD-06537,North,Box Truck,Clear,1145,2023-04-17,No,2023-04-21,2023-04-21
ORD-06538,East,Box Truck,Rain,593,2022-12-21,No,2022-12-23,2022-12-23
ORD-06539,West,Van,Clear,665,2022-02-26,No,2022-03-01,2022-03-01
ORD-06540,South,Van,Rain,625,2022-04-11,No,2022-04-14,2022-04-17
ORD-06541,West,Van,Clear,224,2022-12-01,No,2022-12-02,2022-12-02
ORD-06542,West,Van,Snow,1001,2022-10-23,No,2022-10-27,2022-10-28
ORD-06543,North,Semi-Trailer,Clear,519,2023-07-14,No,2023-07-16,2023-07-16
ORD-06544,South,Van,Rain,520,2022-10-05,No,2022-10-07,2022-10-07
ORD-06545,West,Van,Clear,35,2022-06-19,No,2022-06-20,2022-06-20
ORD-06546,North,Van,Rain,202,2023-02-16,No,2023-02-17,2023-02-17
ORD-06547,West,Box Truck,Clear,112,2022-08-16,No,2022-08-17,2022-08-17
ORD-06548,West,Box Truck,Rain,1238,2023-01-23,No,2023-01-28,2023-01-28
ORD-06549,North,Box Truck,Fog,420,2022-08-05,No,2022-08-07,2022-08-09
ORD-06550,North,Semi-Trailer,Clear,754,2023-10-30,No,2023-11-02,2023-11-02
ORD-06551,North,Van,Clear,60,2022-08-05,No,2022-08-06,2022-08-07
ORD-06552,South,Van,Rain,1164,2022-12-21,No,2022-12-25,2022-12-25
ORD-06553,West,Van,Rain,352,2023-03-20,,2023-03-22,2023-03-22
ORD-06554,North,Box Truck,Clear,1433,2022-02-27,No,2022-03-04,2022-03-04
ORD-06555,East,Box Truck,Clear,211,2023-09-15,No,2023-09-16,2023-09-16
ORD-06556,West,Box Truck,Clear,309,2023-04-15,No,2023-04-17,2023-04-18
ORD-06557,East,Box Truck,Clear,155,2022-10-08,No,2022-10-09,2022-10-09
ORD-06558,South,Box Truck,Clear,779,2023-12-05,No,2023-12-08,2023-12-08
ORD-06559,North,Semi-Trailer,Snow,471,2022-06-25,No,2022-06-27,2022-07-01
ORD-06560,East,Box Truck,Clear,925,2022-05-29,No,2022-06-02,2022-06-02
ORD-06561,South,Box Truck,Clear,833,2023-01-22,Yes,2023-01-25,2023-01-25
ORD-06562,North,Van,Snow,513,2022-01-10,No,2022-01-12,2022-01-13
ORD-06563,East,Box Truck,Clear,160,2022-06-28,No,2022-06-29,2022-06-30
ORD-06564,East,Semi-Trailer,Rain,1349,2023-10-15,No,2023-10-20,2023-10-20
ORD-06565,South,Van,Snow,208,2022-07-03,No,2022-07-04,2022-07-06
ORD-06566,North,Box Truck,Clear,438,2023-06-09,No,2023-06-11,2023-06-11
ORD-06567,North,Box Truck,Clear,312,2023-11-22,No,2023-11-24,2023-11-24
ORD-06568,East,Van,Fog,913,2022-12-08,Yes,2022-12-12,2022-12-14
ORD-06569,East,Box Truck,Fog,507,2023-12-01,No,2023-12-03,2023-12-10
ORD-06570,East,Van,Clear,910,2023-09-20,No,2023-09-24,2023-09-24
ORD-06571,North,Semi-Trailer,Clear,800,2022-01-27,No,2022-01-30,2022-01-30
ORD-06572,South,Semi-Trailer,Clear,114,2022-03-31,No,2022-04-01,2022-04-01
ORD-06573,South,Van,Clear,19,2022-03-19,No,2022-03-20,2022-03-20
ORD-06574,North,Van,Clear,1060,2022-06-04,No,2022-06-08,2022-06-08
ORD-06575,West,Box Truck,Rain,620,2022-03-15,No,2022-03-18,2022-03-18
ORD-06576,South,Van,Snow,778,2022-06-05,No,2022-06-08,2022-06-15
ORD-06577,East,Van,Clear,336,2022-08-07,No,2022-08-09,2022-08-09
ORD-06578,West,Box Truck,Snow,892,2022-10-29,No,2022-11-01,2022-11-05
ORD-06579,West,Van,Clear,916,2022-04-29,No,2022-05-03,2022-05-05
ORD-06580,South,Van,Clear,747,2022-07-01,No,2022-07-04,2022-07-07
ORD-06581,West,Semi-Trailer,Clear,136,2023-09-08,,2023-09-09,2023-09-10
ORD-06582,West,Semi-Trailer,Clear,1149,2022-01-17,No,2022-01-21,2022-01-21
ORD-06583,South,Box Truck,Clear,933,2023-05-28,No,2023-06-01,2023-06-01
ORD-06584,South,Semi-Trailer,Snow,180,2023-03-09,No,2023-03-10,2023-03-13
ORD-06585,West,Van,Clear,221,2023-06-09,No,2023-06-10,2023-06-10
ORD-06586,East,Van,Rain,933,2022-06-25,No,2022-06-29,2022-07-01
ORD-06587,North,Van,Clear,198,2023-04-09,No,2023-04-10,2023-04-10
ORD-06588,West,Box Truck,Clear,942,2023-07-22,No,2023-07-26,2023-07-26
ORD-06589,West,Semi-Trailer,Clear,396,2023-06-06,No,2023-06-08,2023-06-08
ORD-06590,East,Box Truck,Snow,786,2023-03-01,No,2023-03-04,2023-03-08
ORD-06591,West,Semi-Trailer,Clear,1021,2022-07-15,No,2022-07-19,2022-07-19
ORD-06592,West,Box Truck,Rain,735,2022-04-03,No,2022-04-06,2022-04-06
ORD-06593,North,Van,Fog,1163,2023-10-11,No,2023-10-15,2023-10-17
ORD-06594,North,Van,Rain,32,2022-10-11,No,2022-10-12,2022-10-12
ORD-06595,North,Van,Clear,1212,2023-10-22,No,2023-10-27,2023-10-27
ORD-06596,South,Van,Rain,410,2023-10-10,No,2023-10-12,2023-10-12
ORD-06597,South,Box Truck,Clear,514,2022-04-19,No,2022-04-21,2022-04-21
ORD-06598,North,Van,Rain,930,2023-10-27,No,2023-10-31,2023-10-31
ORD-06599,North,Box Truck,Clear,1444,2023-09-19,No,2023-09-24,2023-09-24
ORD-06600,South,Box Truck,Clear,338,2023-12-16,No,2023-12-18,2023-12-18
ORD-06601,East,Van,Clear,480,2023-09-18,No,2023-09-20,2023-09-20
ORD-06602,West,Van,Clear,1453,2022-03-18,No,2022-03-23,2022-03-23
ORD-06603,West,Van,Clear,421,2022-05-15,No,2022-05-17,2022-05-17
ORD-06604,North,Van,Snow,763,2022-10-28,No,2022-10-31,2022-11-03
ORD-06605,East,Semi-Trailer,Snow,38,2022-05-10,No,2022-05-11,2022-05-13
ORD-06606,South,Van,Clear,254,2023-03-31,No,2023-04-01,2023-04-01
ORD-06607,North,Box Truck,Clear,947,2022-05-20,No,2022-05-24,2022-05-24
ORD-06608,East,Semi-Trailer,Clear,835,2022-05-17,No,2022-05-20,2022-05-20
ORD-06609,East,Semi-Trailer,Clear,1093,2023-07-26,No,2023-07-30,2023-07-30
ORD-06610,East,Semi-Trailer,Fog,148,2023-08-25,No,2023-08-26,2023-08-27
ORD-06611,South,Van,Rain,366,2023-06-19,No,2023-06-21,2023-06-21
ORD-06612,South,Van,Clear,221,2023-08-24,No,2023-08-25,2023-08-25
ORD-06613,West,Van,Clear,1172,2023-10-16,No,2023-10-20,2023-10-20
ORD-06614,West,Van,Rain,1401,2023-07-07,No,2023-07-12,2023-07-13
ORD-06615,East,Semi-Trailer,Rain,495,2023-02-16,No,2023-02-18,2023-02-18
ORD-06616,East,Box Truck,Clear,1369,2023-10-30,No,2023-11-04,2023-11-04
ORD-06617,South,Van,Clear,187,2023-06-23,No,2023-06-24,2023-06-24
ORD-06618,West,Van,Clear,522,2023-02-14,No,2023-02-16,
ORD-06619,East,Van,Clear,122,2022-03-04,No,2022-03-05,2022-03-05
ORD-06620,West,Box Truck,Clear,292,2022-12-28,No,2022-12-29,2022-12-29
ORD-06621,West,Box Truck,Clear,1149,2022-05-11,Yes,2022-05-15,2022-05-15
ORD-06622,East,Semi-Trailer,Snow,553,2022-07-24,No,2022-07-26,2022-07-28
ORD-06623,South,Semi-Trailer,Clear,50,2023-11-14,No,2023-11-15,2023-11-16
ORD-06624,East,Van,Fog,941,2023-05-18,No,2023-05-22,2023-05-27
ORD-06625,East,Van,Clear,1200,2022-03-24,No,2022-03-29,2022-03-29
ORD-06626,West,Van,Clear,864,2022-12-17,No,2022-12-20,2022-12-20
ORD-06627,East,Van,Clear,1254,2022-08-01,No,2022-08-06,2022-08-07
ORD-06628,South,Semi-Trailer,Clear,935,2022-09-13,No,2022-09-17,2022-09-17
ORD-06629,East,Box Truck,Fog,322,2022-06-25,No,2022-06-27,2022-06-30
ORD-06630,South,Box Truck,Clear,1379,2023-11-25,,2023-11-30,2023-11-30
ORD-06631,South,Van,Clear,480,2022-03-02,No,2022-03-04,2022-03-04
ORD-06632,West,Van,Fog,1164,2022-07-10,No,2022-07-14,2022-07-17
ORD-06633,North,Van,Clear,57,2022-05-09,No,2022-05-10,2022-05-10
ORD-06634,North,Box Truck,Clear,143,2022-06-28,Yes,2022-06-29,2022-06-29
ORD-06635,West,Box Truck,Clear,528,2023-12-29,No,2023-12-31,2023-12-31
ORD-06636,East,Van,Clear,1008,2023-01-01,No,2023-01-05,2023-01-05
ORD-06637,West,Box Truck,Clear,326,2023-02-03,No,2023-02-05,2023-02-05
ORD-06638,South,Semi-Trailer,Clear,1471,2022-02-21,No,2022-02-26,2022-02-26
ORD-06639,North,Van,Snow,1468,2023-06-01,No,2023-06-06,2023-06-09
ORD-06640,West,Box Truck,Snow,95,2023-02-24,No,2023-02-25,2023-02-27
ORD-06641,East,Van,Clear,1081,2022-03-14,No,2022-03-18,2022-03-20
ORD-06642,West,Box Truck,Clear,1019,2022-11-05,No,2022-11-09,2022-11-10
ORD-06643,North,Box Truck,Clear,499,2022-11-30,No,2022-12-02,2022-12-02
ORD-06644,West,Semi-Trailer,Clear,433,2022-02-28,No,2022-03-02,2022-03-02
ORD-06645,West,Van,Clear,396,2022-10-19,No,2022-10-21,2022-10-21
ORD-06646,North,Van,Snow,935,2023-04-24,No,2023-04-28,2023-05-02
ORD-06647,South,Van,Rain,249,2023-01-22,,2023-01-23,2023-01-23
ORD-06648,South,Van,Clear,1484,2022-11-13,No,2022-11-18,2022-11-18
ORD-06649,North,Box Truck,Rain,267,2022-09-20,No,2022-09-21,2022-09-21
ORD-06650,West,Semi-Trailer,Clear,53,2022-11-27,No,2022-11-28,2022-11-29
ORD-06651,North,Van,Clear,1201,2023-06-08,No,2023-06-13,2023-06-13
ORD-06652,South,Van,Clear,1224,2023-01-02,No,2023-01-07,2023-01-07
ORD-06653,East,Van,Clear,673,2023-12-17,No,2023-12-20,2023-12-20
ORD-06654,West,Van,Rain,1309,2022-10-31,No,2022-11-05,2022-11-05
ORD-06655,South,Van,Clear,1016,2023-10-05,No,2023-10-09,2023-10-09
ORD-06656,West,Van,Clear,1402,2022-03-09,No,2022-03-14,2022-03-14
ORD-06657,North,Box Truck,Fog,1339,2022-07-16,No,2022-07-21,2022-07-24
ORD-06658,East,Van,Clear,763,2023-09-10,No,2023-09-13,2023-09-13
ORD-06659,North,Box Truck,Clear,114,2023-04-06,No,2023-04-07,2023-04-07
ORD-06660,East,Box Truck,Clear,963,2023-06-27,No,2023-07-01,2023-07-01
ORD-06661,West,Van,Clear,936,2022-09-15,No,2022-09-19,2022-09-19
ORD-06662,West,Box Truck,Fog,1454,2022-12-18,No,2022-12-23,2022-12-24
ORD-06663,North,Box Truck,Clear,1382,2023-02-13,No,2023-02-18,2023-02-18
ORD-06664,East,Box Truck,Fog,963,2022-08-17,No,2022-08-21,2022-08-23
ORD-06665,East,Van,Clear,1352,2023-01-22,No,2023-01-27,2023-01-27
ORD-06666,West,Van,Clear,1453,2023-02-27,No,2023-03-04,2023-03-04
ORD-06667,North,Semi-Trailer,Clear,704,2022-03-20,No,2022-03-23,2022-03-24
ORD-06668,East,Box Truck,Rain,66,2023-03-27,No,2023-03-28,2023-03-28
ORD-06669,West,Van,Clear,249,2023-01-10,No,2023-01-11,2023-01-11
ORD-06670,South,Van,Snow,990,2023-09-25,Yes,2023-09-29,2023-10-03
ORD-06671,North,Van,Clear,436,2023-04-13,No,2023-04-15,2023-04-15
ORD-06672,South,Van,Clear,626,2022-07-18,No,2022-07-21,2022-07-21
ORD-06673,North,Box Truck,Clear,586,2022-01-07,No,2022-01-09,2022-01-09
ORD-06674,West,Van,Rain,1011,2023-08-19,No,2023-08-23,2023-08-23
ORD-06675,East,Van,Clear,149,2022-08-09,No,2022-08-10,2022-08-10
ORD-06676,East,Box Truck,Clear,71,2022-05-22,No,2022-05-23,2022-05-23
ORD-06677,East,Van,Clear,161,2022-10-23,No,2022-10-24,2022-10-25
ORD-06678,North,Box Truck,Rain,139,2022-09-10,No,2022-09-11,2022-09-11
ORD-06679,West,Box Truck,Rain,440,2022-11-06,No,2022-11-08,2022-11-08
ORD-06680,South,Van,Rain,1473,2022-04-15,No,2022-04-20,2022-04-20
ORD-06681,West,Box Truck,Clear,1245,2023-05-07,No,2023-05-12,2023-05-12
ORD-06682,South,Box Truck,Fog,409,2022-02-05,No,2022-02-07,2022-02-11
ORD-06683,North,Van,Snow,683,2022-08-25,No,2022-08-28,2022-09-03
ORD-06684,North,Van,Clear,550,2022-12-29,No,2022-12-31,2022-12-31
ORD-06685,South,Box Truck,Clear,191,2022-06-09,,2022-06-10,2022-06-10
ORD-06686,South,Semi-Trailer,Clear,1084,2022-02-08,No,2022-02-12,2022-02-15
ORD-06687,South,Box Truck,Clear,535,2023-12-13,No,2023-12-15,2023-12-15
ORD-06688,West,Van,Snow,359,2022-08-29,No,2022-08-31,2022-09-02
ORD-06689,South,Box Truck,Rain,1091,2023-07-04,No,2023-07-08,2023-07-08
ORD-06690,North,Van,Snow,428,2023-08-26,No,2023-08-28,2023-09-01
ORD-06691,North,Box Truck,Clear,1170,2022-03-04,Yes,2022-03-08,2022-03-11
ORD-06692,East,Box Truck,Clear,649,2022-03-04,Yes,2022-03-07,2022-03-07
ORD-06693,South,Box Truck,Clear,46,2022-03-12,No,2022-03-13,2022-03-16
ORD-06694,West,Semi-Trailer,Clear,503,2023-11-24,No,2023-11-26,2023-11-26
ORD-06695,West,Box Truck,Rain,368,2022-11-04,No,2022-11-06,2022-11-06
ORD-06696,West,Box Truck,Clear,1118,2023-10-26,Yes,2023-10-30,2023-10-30
ORD-06697,East,Van,Rain,660,2023-09-05,No,2023-09-08,2023-09-08
ORD-06698,North,Semi-Trailer,Rain,548,2023-11-28,,2023-11-30,2023-11-30
ORD-06699,West,Semi-Trailer,Snow,353,2023-03-01,No,2023-03-03,2023-03-08
ORD-06700,North,Van,Clear,754,2023-07-12,No,2023-07-15,2023-07-15
ORD-06701,East,Van,Rain,180,2022-11-19,No,2022-11-20,2022-11-20
ORD-06702,South,Van,Fog,875,2022-04-11,No,2022-04-14,2022-04-18
ORD-06703,South,Box Truck,Snow,29,2022-10-10,No,2022-10-11,2022-10-14
ORD-06704,South,Box Truck,Rain,312,2022-03-01,No,2022-03-03,2022-03-03
ORD-06705,West,Van,Rain,785,2022-12-05,No,2022-12-08,2022-12-08
ORD-06706,South,Semi-Trailer,Clear,1006,2023-01-27,No,2023-01-31,2023-02-01
ORD-06707,West,Van,Rain,1230,2023-02-10,No,2023-02-15,2023-02-15
ORD-06708,East,Box Truck,Rain,336,2023-08-06,No,2023-08-08,2023-08-08
ORD-06709,East,Van,Rain,585,2023-04-14,No,2023-04-16,2023-04-16
ORD-06710,West,Van,Rain,1045,2022-05-19,No,2022-05-23,2022-05-23
ORD-06711,North,Van,Clear,370,2022-12-10,No,2022-12-12,2022-12-14
ORD-06712,South,Van,Clear,781,2022-08-28,No,2022-08-31,2022-08-31
ORD-06713,South,Box Truck,Clear,305,2023-09-14,No,2023-09-16,2023-09-16
ORD-06714,South,Box Truck,Clear,1436,2023-10-29,No,2023-11-03,2023-11-03
ORD-06715,West,Van,Clear,1471,2023-06-24,No,2023-06-29,2023-06-29
ORD-06716,East,Van,Clear,778,2022-04-19,No,2022-04-22,2022-04-22
ORD-06717,South,Van,Clear,1408,2023-06-17,No,2023-06-22,2023-06-23
ORD-06718,East,Box Truck,Snow,768,2022-03-15,Yes,2022-03-18,2022-03-21
ORD-06719,South,Box Truck,Clear,662,2023-06-25,No,2023-06-28,2023-06-28
ORD-06720,South,Van,Clear,827,2023-12-21,No,2023-12-24,2023-12-24
ORD-06721,West,Box Truck,Clear,702,2022-06-24,No,2022-06-27,2022-06-27
ORD-06722,North,Van,Clear,509,2023-02-05,No,2023-02-07,2023-02-09
ORD-06723,West,Semi-Trailer,Clear,1459,2023-09-16,No,2023-09-21,2023-09-21
ORD-06724,South,Semi-Trailer,Clear,1077,2023-04-04,No,2023-04-08,2023-04-08
ORD-06725,South,Box Truck,Fog,1142,2023-11-22,No,2023-11-26,2023-11-27
ORD-06726,North,Semi-Trailer,Clear,1131,2022-08-03,No,2022-08-07,2022-08-07
ORD-06727,East,Semi-Trailer,Rain,1478,2022-09-17,No,2022-09-22,2022-09-22
ORD-06728,East,Semi-Trailer,Snow,1114,2023-09-11,No,2023-09-15,2023-09-18
ORD-06729,South,Box Truck,Fog,1251,2022-10-15,No,2022-10-20,2022-10-21
ORD-06730,East,Van,Clear,158,2022-10-07,No,2022-10-08,2022-10-08
ORD-06731,South,Van,Clear,956,2023-02-06,No,2023-02-10,2023-02-10
ORD-06732,North,Van,Clear,1109,2022-02-01,No,2022-02-05,2022-02-05
ORD-06733,North,Box Truck,Clear,573,2023-04-28,No,2023-04-30,2023-04-30
ORD-06734,South,Van,Clear,72,2023-07-13,No,2023-07-14,2023-07-14
ORD-06735,North,Van,Snow,403,2022-09-27,No,2022-09-29,2022-09-30
ORD-06736,West,Van,Clear,1400,2023-01-13,No,2023-01-18,2023-01-18
ORD-06737,West,Van,Clear,1288,2023-02-23,No,2023-02-28,2023-02-28
ORD-06738,North,Box Truck,Clear,68,2022-02-02,Yes,2022-02-03,2022-02-03
ORD-06739,South,Semi-Trailer,Fog,529,2022-10-01,No,2022-10-03,2022-10-07
ORD-06740,South,Box Truck,Rain,828,2022-12-08,No,2022-12-11,2022-12-11
ORD-06741,North,Box Truck,Clear,398,2022-09-24,No,2022-09-26,2022-09-26
ORD-06742,East,Box Truck,Clear,597,2023-11-27,No,2023-11-29,2023-11-29
ORD-06743,West,Van,Clear,1459,2023-06-11,No,2023-06-16,2023-06-16
ORD-06744,East,Van,Rain,1023,2023-11-25,No,2023-11-29,2023-11-29
ORD-06745,South,Semi-Trailer,Rain,645,2023-05-09,,2023-05-12,2023-05-12
ORD-06746,South,Van,Rain,533,2023-02-08,No,2023-02-10,2023-02-10
ORD-06747,East,Van,Clear,289,2022-11-01,No,2022-11-02,2022-11-03
ORD-06748,North,Box Truck,Rain,1078,2023-07-11,No,2023-07-15,2023-07-15
ORD-06749,East,Van,Rain,574,2023-12-12,No,2023-12-14,2023-12-14
ORD-06750,East,Van,Fog,1214,2023-09-21,,2023-09-26,2023-09-28
ORD-06751,West,Van,Clear,1434,2022-11-24,,2022-11-29,2022-11-29
ORD-06752,West,Van,Clear,1407,2022-04-17,No,2022-04-22,2022-04-22
ORD-06753,East,Van,Clear,243,2022-03-30,No,2022-03-31,2022-03-31
ORD-06754,East,Van,Clear,195,2023-06-06,No,2023-06-07,2023-06-07
ORD-06755,South,Box Truck,Rain,814,2022-09-27,No,2022-09-30,2022-09-30
ORD-06756,West,Semi-Trailer,Rain,84,2023-01-31,No,2023-02-01,2023-02-04
ORD-06757,West,Van,Clear,947,2022-09-14,No,2022-09-18,2022-09-20
ORD-06758,South,Semi-Trailer,Clear,719,2023-09-15,No,2023-09-18,2023-09-19
ORD-06759,North,Van,Clear,242,2022-03-02,Yes,2022-03-03,2022-03-03
ORD-06760,West,Van,Fog,1201,2022-09-19,,2022-09-24,2022-09-28
ORD-06761,West,Van,Clear,544,2022-06-15,No,2022-06-17,2022-06-19
ORD-06762,North,Box Truck,Clear,1440,2023-12-24,No,2023-12-29,2023-12-29
ORD-06763,West,Van,Clear,1263,2023-08-16,No,2023-08-21,2023-08-21
ORD-06764,West,Box Truck,Clear,905,2022-06-18,Yes,2022-06-22,2022-06-22
ORD-06765,North,Box Truck,Rain,981,2022-10-28,No,2022-11-01,2022-11-04
ORD-06766,North,Box Truck,Snow,656,2023-08-26,Yes,2023-08-29,2023-09-04
ORD-06767,East,Box Truck,Clear,302,2022-08-07,No,2022-08-09,2022-08-09
ORD-06768,South,Semi-Trailer,Rain,1433,2022-02-02,No,2022-02-07,2022-02-07
ORD-06769,South,Van,Clear,47,2023-01-13,No,2023-01-14,2023-01-15
ORD-06770,North,Van,Fog,1265,2022-12-23,No,2022-12-28,2023-01-03
ORD-06771,North,Box Truck,Clear,177,2023-03-18,No,2023-03-19,2023-03-19
ORD-06772,West,Box Truck,Clear,1318,2022-06-29,No,2022-07-04,
ORD-06773,East,Van,Clear,112,2022-11-29,No,2022-11-30,2022-11-30
ORD-06774,East,Van,Clear,154,2022-04-02,No,2022-04-03,2022-04-03
ORD-06775,North,Van,Clear,764,2022-02-09,No,2022-02-12,2022-02-12
ORD-06776,West,Van,Rain,669,2023-02-26,No,2023-03-01,2023-03-01
ORD-06777,West,Van,Rain,375,2023-01-17,No,2023-01-19,2023-01-20
ORD-06778,South,Semi-Trailer,Clear,162,2023-05-15,No,2023-05-16,2023-05-16
ORD-06779,South,Box Truck,Rain,837,2023-03-30,Yes,2023-04-02,2023-04-02
ORD-06780,West,Van,Clear,431,2023-04-15,No,2023-04-17,2023-04-17
ORD-06781,South,Box Truck,Rain,328,2023-08-22,No,2023-08-24,2023-08-24
ORD-06782,North,Semi-Trailer,Clear,494,2022-04-25,No,2022-04-27,2022-04-27
ORD-06783,West,Van,Rain,92,2022-02-27,,2022-02-28,2022-02-28
ORD-06784,South,Van,Clear,1321,2022-10-15,No,2022-10-20,2022-10-20
ORD-06785,East,Box Truck,Clear,1301,2022-08-18,No,2022-08-23,2022-08-23
ORD-06786,West,Box Truck,Clear,88,2022-03-17,No,2022-03-18,2022-03-18
ORD-06787,West,Van,Clear,1409,2023-07-30,No,2023-08-04,2023-08-04
ORD-06788,East,Semi-Trailer,Rain,160,2023-10-05,Yes,2023-10-06,2023-10-06
ORD-06789,North,Van,Clear,765,2023-07-12,No,2023-07-15,2023-07-15
ORD-06790,East,Van,Clear,739,2022-02-11,,2022-02-14,2022-02-14
ORD-06791,West,Van,Clear,24,2022-11-14,No,2022-11-15,2022-11-17
ORD-06792,North,Van,Clear,110,2022-11-27,No,2022-11-28,2022-11-28
ORD-06793,South,Box Truck,Rain,789,2022-06-28,No,2022-07-01,2022-07-03
ORD-06794,South,Semi-Trailer,Clear,1421,2023-09-16,No,2023-09-21,2023-09-21
ORD-06795,South,Van,Rain,1068,2023-11-04,No,2023-11-08,2023-11-08
ORD-06796,West,Semi-Trailer,Clear,360,2022-10-04,No,2022-10-06,2022-10-06
ORD-06797,East,Semi-Trailer,Snow,966,2022-12-18,No,2022-12-22,2022-12-26
ORD-06798,North,Van,Fog,292,2023-11-05,No,2023-11-06,2023-11-07
ORD-06799,South,Box Truck,Rain,646,2023-02-12,No,2023-02-15,2023-02-15
ORD-06800,North,Van,Snow,534,2023-06-09,No,2023-06-11,2023-06-15
ORD-06801,West,Box Truck,Clear,174,2022-10-16,No,2022-10-17,2022-10-17
ORD-06802,South,Van,Fog,437,2023-07-04,No,2023-07-06,2023-07-09
ORD-06803,West,Box Truck,Snow,1291,2023-03-25,No,2023-03-30,2023-04-03
ORD-06804,East,Van,Fog,943,2023-03-18,No,2023-03-22,2023-03-26
ORD-06805,West,Semi-Trailer,Rain,452,2023-05-23,No,2023-05-25,2023-05-27
ORD-06806,West,Semi-Trailer,Rain,635,2023-05-26,No,2023-05-29,2023-05-29
ORD-06807,East,Van,Clear,1153,2023-02-04,No,2023-02-08,2023-02-08
ORD-06808,North,Van,Clear,78,2023-03-16,No,2023-03-17,2023-03-17
ORD-06809,East,Van,Clear,283,2022-06-26,No,2022-06-27,2022-06-27
ORD-06810,East,Box Truck,Snow,569,2022-01-10,,2022-01-12,2022-01-14
ORD-06811,West,Van,Clear,858,2023-11-24,No,2023-11-27,2023-11-27
ORD-06812,North,Box Truck,Clear,1355,2023-06-03,No,2023-06-08,2023-06-08
ORD-06813,South,Van,Clear,1395,2023-11-29,No,2023-12-04,2023-12-04
ORD-06814,East,Van,Clear,579,2023-06-22,No,2023-06-24,2023-06-27
ORD-06815,North,Van,Snow,599,2023-06-28,Yes,2023-06-30,2023-07-04
ORD-06816,East,Van,Snow,508,2023-02-11,No,2023-02-13,2023-02-14
ORD-06817,East,Box Truck,Clear,213,2023-10-28,No,2023-10-29,2023-10-29
ORD-06818,East,Semi-Trailer,Clear,784,2023-07-22,No,2023-07-25,2023-07-25
ORD-06819,East,Van,Clear,1142,2022-11-04,No,2022-11-08,2022-11-08
ORD-06820,West,Box Truck,Clear,1298,2022-11-22,No,2022-11-27,2022-11-27
ORD-06821,North,Van,Clear,397,2022-07-05,No,2022-07-07,2022-07-09
ORD-06822,North,Box Truck,Clear,425,2022-03-10,No,2022-03-12,
ORD-06823,North,Van,Clear,910,2022-05-29,No,2022-06-02,2022-06-03
ORD-06824,East,Box Truck,Clear,321,2023-11-27,No,2023-11-29,2023-11-29
ORD-06825,West,Semi-Trailer,Rain,261,2023-06-15,No,2023-06-16,2023-06-17
ORD-06826,East,Van,Clear,1421,2023-06-23,No,2023-06-28,2023-06-28
ORD-06827,East,Box Truck,Clear,212,2022-07-11,No,2022-07-12,
ORD-06828,North,Van,Clear,119,2023-04-17,No,2023-04-18,2023-04-18
ORD-06829,East,Van,Fog,91,2022-03-29,No,2022-03-30,2022-03-31
ORD-06830,South,Van,Clear,778,2022-09-26,No,2022-09-29,2022-09-29
ORD-06831,East,Van,Clear,202,2022-08-08,No,2022-08-09,2022-08-09
ORD-06832,South,Van,Clear,148,2023-09-25,No,2023-09-26,2023-09-27
ORD-06833,East,Van,Snow,230,2023-10-21,No,2023-10-22,2023-10-25
ORD-06834,West,Van,Rain,1222,2023-03-22,No,2023-03-27,2023-03-27
ORD-06835,West,Van,Rain,870,2023-10-05,No,2023-10-08,2023-10-08
ORD-06836,North,Box Truck,Clear,349,2022-06-29,No,2022-07-01,2022-07-03
ORD-06837,East,Semi-Trailer,Rain,487,2023-06-21,No,2023-06-23,2023-06-23
ORD-06838,South,Van,Rain,968,2022-03-17,No,2022-03-21,2022-03-21
ORD-06839,South,Van,Clear,1455,2023-11-26,Yes,2023-12-01,2023-12-01
ORD-06840,East,Van,Snow,1230,2023-03-04,No,2023-03-09,2023-03-13
ORD-06841,South,Semi-Trailer,Clear,822,2022-08-20,No,2022-08-23,2022-08-23
ORD-06842,West,Box Truck,Clear,207,2022-06-08,No,2022-06-09,2022-06-09
ORD-06843,South,Van,Snow,1357,2023-06-12,No,2023-06-17,2023-06-18
ORD-06844,North,Van,Rain,1293,2022-11-15,No,2022-11-20,2022-11-20
ORD-06845,West,Van,Clear,208,2022-05-02,Yes,2022-05-03,2022-05-03
ORD-06846,West,Van,Clear,825,2023-08-22,No,2023-08-25,2023-08-26
ORD-06847,West,Semi-Trailer,Snow,1170,2022-08-01,No,2022-08-05,2022-08-12
ORD-06848,East,Semi-Trailer,Clear,1379,2023-03-11,No,2023-03-16,2023-03-16
ORD-06849,East,Van,Clear,184,2023-08-14,No,2023-08-15,2023-08-15
ORD-06850,West,Box Truck,Clear,498,2023-04-23,No,2023-04-25,2023-04-28
ORD-06851,East,Van,Fog,325,2023-02-28,No,2023-03-02,2023-03-05
ORD-06852,South,Van,Fog,829,2022-09-25,No,2022-09-28,2022-09-29
ORD-06853,East,Semi-Trailer,Clear,389,2022-02-21,No,2022-02-23,2022-02-24
ORD-06854,East,Box Truck,Clear,451,2022-03-19,No,2022-03-21,2022-03-21
ORD-06855,West,Van,Clear,874,2022-12-18,No,2022-12-21,2022-12-21
ORD-06856,North,Van,Clear,142,2022-06-23,No,2022-06-24,2022-06-25
ORD-06857,North,Semi-Trailer,Snow,990,2023-07-29,No,2023-08-02,2023-08-03
ORD-06858,North,Box Truck,Clear,1060,2022-05-02,No,2022-05-06,2022-05-07
ORD-06859,South,Van,Clear,946,2022-05-10,No,2022-05-14,2022-05-16
ORD-06860,East,Van,Rain,1290,2023-01-27,No,2023-02-01,2023-02-01
ORD-06861,North,Van,Clear,665,2023-11-09,No,2023-11-12,2023-11-12
ORD-06862,West,Semi-Trailer,Clear,1389,2023-10-06,No,2023-10-11,2023-10-14
ORD-06863,North,Box Truck,Clear,245,2022-12-12,No,2022-12-13,2022-12-14
ORD-06864,North,Van,Rain,998,2023-06-12,No,2023-06-16,2023-06-16
ORD-06865,East,Box Truck,Clear,1392,2022-09-09,No,2022-09-14,
ORD-06866,East,Box Truck,Clear,824,2023-08-28,No,2023-08-31,2023-08-31
ORD-06867,East,Van,Clear,928,2023-06-07,No,2023-06-11,2023-06-11
ORD-06868,South,Van,Fog,1304,2022-12-26,No,2022-12-31,2023-01-01
ORD-06869,South,Box Truck,Clear,448,2023-11-27,No,2023-11-29,2023-11-29
ORD-06870,North,Box Truck,Fog,597,2023-06-19,No,2023-06-21,2023-06-24
ORD-06871,East,Box Truck,Rain,1344,2022-08-31,No,2022-09-05,2022-09-05
ORD-06872,North,Semi-Trailer,Snow,1250,2023-02-13,No,2023-02-18,2023-02-23
ORD-06873,West,Van,Clear,620,2022-05-22,No,2022-05-25,2022-05-25
ORD-06874,West,Van,Clear,1345,2023-06-27,No,2023-07-02,2023-07-02
ORD-06875,East,Semi-Trailer,Clear,239,2023-08-04,No,2023-08-05,2023-08-06
ORD-06876,East,Van,Clear,349,2022-11-06,No,2022-11-08,2022-11-08
ORD-06877,West,Box Truck,Fog,173,2023-12-06,No,2023-12-07,2023-12-08
ORD-06878,East,Box Truck,Clear,125,2023-09-10,No,2023-09-11,2023-09-11
ORD-06879,South,Box Truck,Clear,80,2023-01-19,,2023-01-20,2023-01-20
ORD-06880,South,Van,Clear,859,2023-03-13,No,2023-03-16,2023-03-16
ORD-06881,East,Box Truck,Rain,1086,2022-08-21,No,2022-08-25,2022-08-25
ORD-06882,West,Semi-Trailer,Clear,351,2022-09-11,No,2022-09-13,2022-09-14
ORD-06883,North,Box Truck,Clear,944,2023-05-23,No,2023-05-27,2023-05-27
ORD-06884,East,Van,Clear,597,2022-11-27,No,2022-11-29,2022-11-29
ORD-06885,East,Van,Rain,788,2023-05-14,No,2023-05-17,2023-05-17
ORD-06886,North,Van,Clear,341,2023-09-03,No,2023-09-05,2023-09-05
ORD-06887,East,Van,Clear,1112,2022-09-19,No,2022-09-23,2022-09-24
ORD-06888,North,Van,Clear,977,2023-01-10,No,2023-01-14,2023-01-14
ORD-06889,West,Semi-Trailer,Fog,116,2023-08-25,No,2023-08-26,2023-09-02
ORD-06890,South,Box Truck,Clear,91,2023-04-17,,2023-04-18,2023-04-18
ORD-06891,West,Box Truck,Rain,1235,2022-12-18,No,2022-12-23,2022-12-24
ORD-06892,South,Box Truck,Rain,401,2023-01-22,No,2023-01-24,2023-01-24
ORD-06893,North,Van,Clear,239,2022-07-29,No,2022-07-30,2022-07-30
ORD-06894,South,Semi-Trailer,Clear,29,2023-08-09,No,2023-08-10,2023-08-13
ORD-06895,West,Van,Clear,789,2023-09-22,No,2023-09-25,2023-09-25
ORD-06896,South,Van,Clear,1356,2023-11-07,No,2023-11-12,2023-11-12
ORD-06897,North,Van,Clear,661,2023-07-23,No,2023-07-26,2023-07-26
ORD-06898,South,Semi-Trailer,Clear,1343,2023-12-17,No,2023-12-22,2023-12-24
ORD-06899,East,Semi-Trailer,Clear,481,2023-06-26,Yes,2023-06-28,2023-06-28
ORD-06900,West,Van,Clear,601,2023-09-05,No,2023-09-08,2023-09-11
ORD-06901,East,Semi-Trailer,Rain,83,2022-11-15,No,2022-11-16,2022-11-16
ORD-06902,North,Van,Rain,663,2023-08-25,No,2023-08-28,2023-08-28
ORD-06903,South,Van,Clear,1469,2022-10-08,No,2022-10-13,2022-10-13
ORD-06904,East,Semi-Trailer,Clear,471,2023-04-04,No,2023-04-06,2023-04-06
ORD-06905,East,Semi-Trailer,Snow,1183,2022-03-29,Yes,2022-04-02,2022-04-09
ORD-06906,South,Box Truck,Rain,324,2023-08-17,,2023-08-19,2023-08-19
ORD-06907,South,Box Truck,Fog,1283,2022-05-28,No,2022-06-02,2022-06-06
ORD-06908,West,Semi-Trailer,Clear,649,2023-08-22,No,2023-08-25,2023-08-25
ORD-06909,East,Box Truck,Clear,283,2023-02-22,No,2023-02-23,2023-02-23
ORD-06910,East,Semi-Trailer,Clear,491,2023-03-18,No,2023-03-20,2023-03-20
ORD-06911,North,Box Truck,Rain,91,2022-03-15,No,2022-03-16,2022-03-16
ORD-06912,West,Semi-Trailer,Clear,1265,2023-06-30,No,2023-07-05,2023-07-05
ORD-06913,North,Semi-Trailer,Clear,40,2023-08-12,No,2023-08-13,2023-08-14
ORD-06914,East,Van,Clear,755,2023-04-10,No,2023-04-13,2023-04-13
ORD-06915,North,Semi-Trailer,Rain,1117,2023-09-19,No,2023-09-23,2023-09-23
ORD-06916,East,Van,Clear,1005,2023-10-24,No,2023-10-28,2023-10-28
ORD-06917,East,Van,Rain,51,2022-07-11,No,2022-07-12,2022-07-14
ORD-06918,North,Box Truck,Snow,260,2023-08-31,No,2023-09-01,2023-09-05
ORD-06919,North,Van,Rain,396,2022-06-21,,2022-06-23,2022-06-25
ORD-06920,South,Box Truck,Clear,1005,2022-02-01,No,2022-02-05,2022-02-05
ORD-06921,South,Semi-Trailer,Fog,275,2022-10-30,No,2022-10-31,2022-11-05
ORD-06922,South,Van,Clear,31,2023-09-22,No,2023-09-23,2023-09-23
ORD-06923,East,Van,Clear,1440,2023-02-17,Yes,2023-02-22,2023-02-22
ORD-06924,North,Semi-Trailer,Fog,85,2023-05-26,No,2023-05-27,2023-05-28
ORD-06925,West,Van,Clear,689,2023-10-05,No,2023-10-08,2023-10-09
ORD-06926,East,Van,Clear,900,2023-06-17,No,2023-06-21,2023-06-21
ORD-06927,West,Van,Clear,874,2023-12-30,No,2024-01-02,2024-01-05
ORD-06928,North,Box Truck,Clear,1384,2023-10-18,No,2023-10-23,2023-10-23
ORD-06929,East,Box Truck,Clear,249,2022-05-13,No,2022-05-14,2022-05-14
ORD-06930,West,Semi-Trailer,Clear,60,2023-03-30,No,2023-03-31,2023-04-02
ORD-06931,West,Van,Clear,969,2022-10-09,No,2022-10-13,2022-10-16
ORD-06932,South,Semi-Trailer,Rain,485,2023-04-30,No,2023-05-02,2023-05-02
ORD-06933,South,Box Truck,Clear,873,2023-10-31,No,2023-11-03,2023-11-03
ORD-06934,South,Van,Clear,903,2022-01-29,No,2022-02-02,2022-02-02
ORD-06935,East,Box Truck,Clear,534,2022-07-10,No,2022-07-12,2022-07-12
ORD-06936,North,Box Truck,Snow,166,2023-06-29,No,2023-06-30,2023-07-05
ORD-06937,North,Box Truck,Rain,208,2023-01-21,No,2023-01-22,2023-01-22
ORD-06938,South,Van,Snow,1033,2023-03-26,No,2023-03-30,2023-04-03
ORD-06939,South,Van,Clear,1464,2023-01-15,No,2023-01-20,2023-01-20
ORD-06940,South,Van,Clear,675,2022-12-18,No,2022-12-21,2022-12-21
ORD-06941,West,Van,Clear,745,2022-02-20,No,2022-02-23,2022-02-23
ORD-06942,South,Box Truck,Clear,1151,2022-10-31,No,2022-11-04,2022-11-04
ORD-06943,West,Van,Clear,84,2022-05-15,No,2022-05-16,2022-05-16
ORD-06944,North,Box Truck,Fog,961,2023-01-11,No,2023-01-15,2023-01-19
ORD-06945,East,Van,Clear,734,2023-06-03,No,2023-06-06,2023-06-06
ORD-06946,East,Van,Fog,1018,2022-04-12,No,2022-04-16,2022-04-20
ORD-06947,East,Box Truck,Clear,376,2022-10-13,,2022-10-15,2022-10-15
ORD-06948,East,Van,Fog,765,2023-10-03,No,2023-10-06,2023-10-09
ORD-06949,West,Semi-Trailer,Clear,1211,2022-08-27,No,2022-09-01,2022-09-01
ORD-06950,West,Van,Fog,117,2022-08-03,No,2022-08-04,2022-08-05
ORD-06951,South,Van,Clear,698,2023-10-06,No,2023-10-09,2023-10-10
ORD-06952,West,Semi-Trailer,Fog,102,2022-02-06,No,2022-02-07,2022-02-11
ORD-06953,South,Box Truck,Clear,975,2023-02-23,No,2023-02-27,2023-02-28
ORD-06954,South,Van,Clear,109,2023-09-03,No,2023-09-04,2023-09-04
ORD-06955,East,Van,Clear,190,2022-01-30,No,2022-01-31,2022-01-31
ORD-06956,West,Box Truck,Clear,680,2023-05-10,No,2023-05-13,2023-05-13
ORD-06957,West,Semi-Trailer,Rain,105,2022-05-26,No,2022-05-27,2022-05-27
ORD-06958,South,Semi-Trailer,Fog,241,2022-10-22,No,2022-10-23,2022-10-27
ORD-06959,South,Van,Rain,260,2022-10-20,No,2022-10-21,2022-10-21
ORD-06960,North,Semi-Trailer,Rain,913,2023-10-29,No,2023-11-02,2023-11-02
ORD-06961,North,Van,Clear,28,2023-04-11,No,2023-04-12,2023-04-12
ORD-06962,South,Van,Rain,1320,2023-09-08,No,2023-09-13,2023-09-16
ORD-06963,North,Semi-Trailer,Clear,216,2023-06-17,No,2023-06-18,2023-06-18
ORD-06964,North,Van,Snow,320,2022-08-05,No,2022-08-07,2022-08-10
ORD-06965,South,Van,Clear,112,2023-06-30,Yes,2023-07-01,2023-07-01
ORD-06966,South,Van,Rain,168,2022-04-20,No,2022-04-21,2022-04-21
ORD-06967,West,Van,Clear,387,2023-08-16,No,2023-08-18,2023-08-19
ORD-06968,South,Box Truck,Clear,1257,2023-01-17,No,2023-01-22,2023-01-22
ORD-06969,South,Box Truck,Clear,723,2023-09-28,No,2023-10-01,2023-10-01
ORD-06970,East,Van,Clear,101,2022-04-09,No,2022-04-10,2022-04-10
ORD-06971,West,Box Truck,Clear,676,2023-04-06,No,2023-04-09,2023-04-09
ORD-06972,West,Semi-Trailer,Clear,185,2022-12-04,No,2022-12-05,2022-12-05
ORD-06973,West,Semi-Trailer,Snow,1143,2023-02-21,No,2023-02-25,2023-02-28
ORD-06974,East,Van,Clear,744,2022-03-20,,2022-03-23,2022-03-23
ORD-06975,South,Semi-Trailer,Snow,188,2022-04-16,No,2022-04-17,2022-04-19
ORD-06976,West,Box Truck,Clear,747,2022-07-25,No,2022-07-28,2022-07-28
ORD-06977,West,Van,Clear,462,2022-11-25,No,2022-11-27,2022-11-27
ORD-06978,North,Van,Clear,1108,2022-12-30,No,2023-01-03,2023-01-03
ORD-06979,West,Van,Clear,592,2023-01-10,No,2023-01-12,2023-01-12
ORD-06980,South,Box Truck,Clear,501,2022-11-04,No,2022-11-06,2022-11-08
ORD-06981,South,Van,Clear,966,2023-05-05,No,2023-05-09,2023-05-11
ORD-06982,North,Box Truck,Clear,112,2023-02-03,No,2023-02-04,2023-02-04
ORD-06983,West,Van,Rain,50,2022-10-03,No,2022-10-04,
ORD-06984,West,Semi-Trailer,Clear,444,2022-11-12,No,2022-11-14,2022-11-15
ORD-06985,West,Van,Clear,1367,2023-12-01,No,2023-12-06,2023-12-06
ORD-06986,East,Semi-Trailer,Snow,1313,2022-12-15,No,2022-12-20,2022-12-24
ORD-06987,West,Semi-Trailer,Rain,1276,2022-02-06,No,2022-02-11,2022-02-13
ORD-06988,South,Van,Clear,955,2022-05-24,No,2022-05-28,2022-05-28
ORD-06989,South,Van,Snow,711,2022-05-14,No,2022-05-17,2022-05-18
ORD-06990,East,Van,Fog,1112,2022-01-15,No,2022-01-19,2022-01-20
ORD-06991,East,Semi-Trailer,Clear,446,2023-06-01,No,2023-06-03,2023-06-03
ORD-06992,West,Box Truck,Clear,717,2022-09-04,No,2022-09-07,2022-09-08
ORD-06993,North,Van,Fog,1494,2022-08-26,No,2022-08-31,2022-09-04
ORD-06994,East,Van,Clear,1230,2022-12-04,No,2022-12-09,2022-12-09
ORD-06995,East,Van,Clear,1064,2022-06-29,No,2022-07-03,2022-07-03
ORD-06996,West,Semi-Trailer,Clear,39,2022-08-18,No,2022-08-19,2022-08-21
ORD-06997,West,Box Truck,Rain,1146,2023-10-07,No,2023-10-11,2023-10-11
ORD-06998,East,Semi-Trailer,Fog,995,2023-02-15,No,2023-02-19,2023-02-21
ORD-06999,North,Van,Rain,693,2023-12-01,No,2023-12-04,2023-12-04
ORD-07000,East,Van,Fog,399,2022-10-14,No,2022-10-16,2022-10-19
ORD-07001,West,Semi-Trailer,Clear,285,2023-06-17,No,2023-06-18,2023-06-18
ORD-07002,West,Van,Clear,1253,2022-05-04,No,2022-05-09,2022-05-09
ORD-07003,East,Semi-Trailer,Rain,1309,2022-08-07,No,2022-08-12,2022-08-12
ORD-07004,North,Van,Fog,21,2023-08-08,No,2023-08-09,2023-08-13
ORD-07005,East,Van,Clear,58,2022-11-29,No,2022-11-30,2022-11-30
ORD-07006,East,Box Truck,Clear,19,2023-07-06,No,2023-07-07,2023-07-07
ORD-07007,West,Semi-Trailer,Clear,270,2023-04-18,No,2023-04-19,2023-04-19
ORD-07008,North,Semi-Trailer,Clear,329,2023-07-12,No,2023-07-14,2023-07-14
ORD-07009,South,Van,Clear,195,2023-11-05,No,2023-11-06,2023-11-06
ORD-07010,North,Van,Clear,238,2022-09-04,No,2022-09-05,2022-09-05
ORD-07011,East,Box Truck,Fog,679,2022-09-20,No,2022-09-23,2022-09-25
ORD-07012,East,Box Truck,Clear,794,2023-02-14,No,2023-02-17,2023-02-17
ORD-07013,East,Box Truck,Rain,844,2023-06-11,No,2023-06-14,2023-06-14
ORD-07014,North,Van,Clear,30,2022-02-07,No,2022-02-08,2022-02-08
ORD-07015,West,Semi-Trailer,Clear,25,2022-02-24,No,2022-02-25,2022-02-28
ORD-07016,East,Box Truck,Clear,489,2022-05-28,No,2022-05-30,2022-06-02
ORD-07017,East,Semi-Trailer,Snow,15,2023-07-28,No,2023-07-29,2023-08-02
ORD-07018,North,Box Truck,Clear,307,2023-05-16,No,2023-05-18,2023-05-18
ORD-07019,South,Van,Snow,921,2022-10-02,No,2022-10-06,2022-10-10
ORD-07020,South,Semi-Trailer,Snow,950,2022-12-10,,2022-12-14,2022-12-18
ORD-07021,West,Box Truck,Clear,268,2022-01-29,No,2022-01-30,2022-01-31
ORD-07022,West,Semi-Trailer,Clear,1023,2023-09-04,No,2023-09-08,2023-09-11
ORD-07023,East,Semi-Trailer,Rain,1073,2023-02-14,No,2023-02-18,2023-02-18
ORD-07024,North,Box Truck,Clear,285,2023-02-18,No,2023-02-19,2023-02-19
ORD-07025,East,Box Truck,Clear,753,2022-12-16,No,2022-12-19,2022-12-19
ORD-07026,West,Van,Clear,528,2022-11-22,No,2022-11-24,2022-11-24
ORD-07027,North,Van,Clear,836,2022-05-21,No,2022-05-24,2022-05-24
ORD-07028,North,Van,Fog,614,2022-11-11,,2022-11-14,2022-11-16
ORD-07029,West,Van,Clear,1341,2022-11-22,No,2022-11-27,2022-11-27
ORD-07030,South,Van,Clear,958,2022-06-24,No,2022-06-28,2022-06-28
ORD-07031,South,Van,Clear,489,2022-12-05,No,2022-12-07,2022-12-07
ORD-07032,North,Van,Rain,423,2022-03-28,No,2022-03-30,2022-03-30
ORD-07033,East,Van,Rain,1008,2022-04-25,Yes,2022-04-29,2022-04-29
ORD-07034,South,Van,Fog,1498,2023-05-07,No,2023-05-12,2023-05-14
ORD-07035,East,Van,Rain,1442,2022-05-13,No,2022-05-18,2022-05-18
ORD-07036,South,Box Truck,Clear,1083,2022-03-25,No,2022-03-29,2022-03-29
ORD-07037,South,Box Truck,Clear,786,2022-03-25,No,2022-03-28,2022-03-29
ORD-07038,East,Van,Clear,54,2022-03-01,No,2022-03-02,2022-03-02
ORD-07039,West,Box Truck,Rain,839,2023-10-17,No,2023-10-20,2023-10-20
ORD-07040,South,Semi-Trailer,Snow,1304,2022-04-18,No,2022-04-23,2022-04-27
ORD-07041,South,Van,Fog,284,2023-10-21,No,2023-10-22,2023-10-23
ORD-07042,East,Box Truck,Rain,1456,2023-03-31,No,2023-04-05,2023-04-06
ORD-07043,West,Semi-Trailer,Clear,1068,2023-04-04,,2023-04-08,2023-04-08
ORD-07044,South,Semi-Trailer,Clear,662,2022-02-23,No,2022-02-26,2022-02-26
ORD-07045,South,Van,Clear,153,2022-08-30,No,2022-08-31,2022-09-02
ORD-07046,West,Box Truck,Clear,844,2022-02-19,No,2022-02-22,2022-02-25
ORD-07047,South,Van,Clear,766,2023-12-29,No,2024-01-01,2024-01-01
ORD-07048,West,Box Truck,Clear,202,2023-06-21,No,2023-06-22,2023-06-22
ORD-07049,West,Semi-Trailer,Clear,556,2022-02-04,No,2022-02-06,2022-02-06
ORD-07050,East,Box Truck,Rain,793,2022-08-21,No,2022-08-24,2022-08-24
ORD-07051,North,Semi-Trailer,Clear,187,2022-09-27,No,2022-09-28,2022-09-28
ORD-07052,West,Van,Clear,791,2023-02-28,No,2023-03-03,2023-03-04
ORD-07053,East,Semi-Trailer,Clear,327,2023-08-13,Yes,2023-08-15,2023-08-15
ORD-07054,North,Box Truck,Clear,1424,2022-03-02,No,2022-03-07,2022-03-07
ORD-07055,South,Van,Fog,160,2023-06-19,No,2023-06-20,2023-06-23
ORD-07056,North,Box Truck,Clear,620,2022-09-02,No,2022-09-05,2022-09-05
ORD-07057,West,Van,Fog,1480,2022-11-03,No,2022-11-08,2022-11-09
ORD-07058,West,Van,Clear,550,2022-11-07,No,2022-11-09,2022-11-12
ORD-07059,West,Semi-Trailer,Clear,159,2022-03-15,No,2022-03-16,2022-03-16
ORD-07060,West,Van,Clear,1241,2022-02-25,No,2022-03-02,2022-03-02
ORD-07061,West,Box Truck,Clear,1382,2023-12-23,No,2023-12-28,2023-12-28
ORD-07062,East,Van,Clear,271,2022-12-23,No,2022-12-24,2022-12-24
ORD-07063,West,Van,Rain,422,2023-04-01,No,2023-04-03,2023-04-03
ORD-07064,East,Semi-Trailer,Clear,1122,2023-08-24,Yes,2023-08-28,2023-08-28
ORD-07065,South,Van,Clear,1291,2023-11-08,No,2023-11-13,2023-11-13
ORD-07066,West,Box Truck,Clear,501,2022-03-12,No,2022-03-14,2022-03-14
ORD-07067,West,Box Truck,Clear,1129,2023-01-06,No,2023-01-10,2023-01-10
ORD-07068,North,Box Truck,Fog,1010,2023-05-13,No,2023-05-17,2023-05-18
ORD-07069,South,Semi-Trailer,Snow,1437,2023-01-05,No,2023-01-10,2023-01-11
ORD-07070,West,Box Truck,Clear,1472,2023-01-31,No,2023-02-05,2023-02-05
ORD-07071,West,Van,Clear,46,2023-06-07,No,2023-06-08,2023-06-08
ORD-07072,South,Semi-Trailer,Clear,490,2023-05-25,No,2023-05-27,2023-05-27
ORD-07073,East,Van,Fog,189,2023-09-29,No,2023-09-30,2023-10-01
ORD-07074,West,Box Truck,Clear,1358,2022-03-11,No,2022-03-16,2022-03-18
ORD-07075,North,Semi-Trailer,Snow,591,2022-10-17,No,2022-10-19,2022-10-21
ORD-07076,West,Box Truck,Clear,1439,2022-08-03,No,2022-08-08,2022-08-08
ORD-07077,North,Semi-Trailer,Fog,988,2023-08-26,No,2023-08-30,2023-09-01
ORD-07078,North,Box Truck,Clear,1304,2022-08-29,No,2022-09-03,2022-09-04
ORD-07079,West,Semi-Trailer,Clear,363,2022-01-08,No,2022-01-10,2022-01-10
ORD-07080,West,Semi-Trailer,Rain,976,2023-06-01,No,2023-06-05,2023-06-05
ORD-07081,North,Van,Fog,1498,2022-12-26,No,2022-12-31,2023-01-03
ORD-07082,South,Van,Fog,373,2022-04-02,No,2022-04-04,2022-04-07
ORD-07083,South,Van,Rain,78,2023-01-30,No,2023-01-31,2023-02-01
ORD-07084,West,Box Truck,Rain,317,2023-01-03,No,2023-01-05,2023-01-05
ORD-07085,East,Van,Clear,432,2023-08-01,No,2023-08-03,2023-08-05
ORD-07086,South,Van,Rain,523,2023-03-12,No,2023-03-14,2023-03-15
ORD-07087,West,Van,Snow,228,2022-01-17,No,2022-01-18,2022-01-22
ORD-07088,South,Semi-Trailer,Clear,1078,2023-04-03,Yes,2023-04-07,2023-04-07
ORD-07089,East,Box Truck,Rain,1266,2023-05-06,No,2023-05-11,2023-05-11
ORD-07090,West,Van,Clear,376,2022-07-10,No,2022-07-12,2022-07-12
ORD-07091,East,Van,Clear,131,2023-11-03,No,2023-11-04,2023-11-04
ORD-07092,West,Van,Snow,504,2023-02-22,No,2023-02-24,2023-02-27
ORD-07093,East,Van,Clear,586,2023-09-22,No,2023-09-24,2023-09-24
ORD-07094,South,Van,Clear,893,2023-08-28,No,2023-08-31,2023-08-31
ORD-07095,South,Semi-Trailer,Clear,1182,2023-09-07,No,2023-09-11,2023-09-11
ORD-07096,East,Semi-Trailer,Clear,904,2022-03-09,No,2022-03-13,2022-03-13
ORD-07097,East,Van,Clear,588,2022-07-25,,2022-07-27,2022-07-27
ORD-07098,East,Van,Fog,359,2022-11-29,No,2022-12-01,2022-12-04
ORD-07099,West,Van,Rain,124,2023-07-29,No,2023-07-30,2023-08-01
ORD-07100,South,Van,Snow,637,2022-12-22,No,2022-12-25,2022-12-27
ORD-07101,West,Van,Clear,246,2023-12-26,No,2023-12-27,2023-12-27
ORD-07102,South,Van,Fog,56,2023-12-22,No,2023-12-23,2023-12-27
ORD-07103,North,Van,Rain,283,2022-03-22,No,2022-03-23,2022-03-23
ORD-07104,West,Box Truck,Clear,122,2022-12-18,No,2022-12-19,2022-12-19
ORD-07105,South,Box Truck,Rain,554,2022-07-16,No,2022-07-18,2022-07-18
ORD-07106,South,Box Truck,Fog,408,2022-10-31,No,2022-11-02,2022-11-03
ORD-07107,West,Van,Clear,801,2022-07-17,No,2022-07-20,2022-07-20
ORD-07108,West,Semi-Trailer,Clear,1325,2023-11-02,No,2023-11-07,2023-11-07
ORD-07109,South,Semi-Trailer,Fog,325,2022-05-31,No,2022-06-02,2022-06-05
ORD-07110,West,Van,Clear,1195,2022-09-28,No,2022-10-02,2022-10-02
ORD-07111,East,Van,Rain,1123,2023-09-16,Yes,2023-09-20,2023-09-20
ORD-07112,West,Box Truck,Clear,60,2022-07-06,No,2022-07-07,2022-07-08
ORD-07113,West,Van,Clear,1457,2022-07-21,No,2022-07-26,2022-07-26
ORD-07114,West,Van,Rain,1439,2022-08-26,No,2022-08-31,2022-09-03
ORD-07115,South,Box Truck,Clear,153,2022-12-10,No,2022-12-11,2022-12-11
ORD-07116,East,Box Truck,Rain,537,2023-03-13,No,2023-03-15,2023-03-15
ORD-07117,North,Van,Clear,1166,2022-07-14,No,2022-07-18,2022-07-18
ORD-07118,North,Box Truck,Clear,399,2023-11-07,No,2023-11-09,2023-11-09
ORD-07119,East,Semi-Trailer,Clear,1203,2023-04-15,No,2023-04-20,2023-04-20
ORD-07120,East,Van,Clear,1193,2023-06-07,No,2023-06-11,2023-06-14
ORD-07121,East,Box Truck,Clear,828,2023-11-07,No,2023-11-10,2023-11-10
ORD-07122,South,Van,Snow,758,2022-10-20,No,2022-10-23,2022-10-29
ORD-07123,North,Van,Fog,421,2022-08-05,Yes,2022-08-07,2022-08-09
ORD-07124,East,Box Truck,Snow,393,2022-09-25,No,2022-09-27,2022-09-28
ORD-07125,South,Van,Clear,884,2023-02-23,,2023-02-26,2023-02-26
ORD-07126,North,Van,Snow,906,2022-01-23,No,2022-01-27,2022-01-31
ORD-07127,West,Van,Fog,717,2022-03-10,No,2022-03-13,2022-03-17
ORD-07128,South,Box Truck,Clear,1218,2022-07-29,No,2022-08-03,2022-08-05
ORD-07129,North,Box Truck,Clear,223,2023-04-13,No,2023-04-14,
ORD-07130,South,Van,Clear,1127,2023-02-18,No,2023-02-22,2023-02-22
ORD-07131,North,Box Truck,Clear,579,2022-04-20,No,2022-04-22,2022-04-22
ORD-07132,North,Van,Fog,228,2022-04-03,No,2022-04-04,2022-04-07
ORD-07133,West,Box Truck,Clear,228,2022-05-01,No,2022-05-02,2022-05-02
ORD-07134,South,Van,Rain,22,2023-04-27,No,2023-04-28,2023-04-28
ORD-07135,East,Box Truck,Clear,432,2022-02-26,No,2022-02-28,2022-02-28
ORD-07136,West,Semi-Trailer,Clear,1456,2023-07-14,No,2023-07-19,2023-07-19
ORD-07137,West,Semi-Trailer,Clear,495,2022-06-12,No,2022-06-14,2022-06-15
ORD-07138,North,Van,Fog,1410,2023-08-10,No,2023-08-15,2023-08-22
ORD-07139,East,Semi-Trailer,Clear,977,2022-12-14,No,2022-12-18,2022-12-18
ORD-07140,South,Van,Snow,1441,2022-06-16,,2022-06-21,2022-06-23
ORD-07141,East,Semi-Trailer,Clear,795,2022-06-14,No,2022-06-17,2022-06-17
ORD-07142,East,Van,Rain,128,2022-07-10,Yes,2022-07-11,2022-07-11
ORD-07143,East,Van,Rain,280,2022-11-17,No,2022-11-18,2022-11-18
ORD-07144,East,Van,Snow,921,2022-04-27,No,2022-05-01,2022-05-04
ORD-07145,East,Van,Clear,1130,2022-02-23,No,2022-02-27,2022-02-28
ORD-07146,North,Box Truck,Clear,851,2022-05-24,No,2022-05-27,2022-05-27
ORD-07147,North,Semi-Trailer,Clear,1080,2022-12-21,No,2022-12-25,2022-12-27
ORD-07148,West,Box Truck,Fog,673,2023-05-26,No,2023-05-29,2023-06-01
ORD-07149,North,Box Truck,Clear,1033,2022-02-24,No,2022-02-28,2022-02-28
ORD-07150,West,Box Truck,Clear,182,2022-12-04,No,2022-12-05,2022-12-05
ORD-07151,West,Van,Clear,796,2022-11-24,No,2022-11-27,2022-11-27
ORD-07152,South,Van,Clear,356,2023-09-12,No,2023-09-14,2023-09-14
ORD-07153,East,Van,Snow,246,2023-11-12,No,2023-11-13,2023-11-16
ORD-07154,North,Van,Fog,946,2022-03-03,No,2022-03-07,2022-03-08
ORD-07155,South,Van,Clear,552,2022-06-09,No,2022-06-11,2022-06-11
ORD-07156,North,Van,Fog,1246,2023-08-19,No,2023-08-24,2023-08-28
ORD-07157,West,Van,Rain,1305,2023-05-31,No,2023-06-05,2023-06-05
ORD-07158,North,Van,Clear,416,2022-02-02,No,2022-02-04,2022-02-04
ORD-07159,East,Semi-Trailer,Fog,87,2022-11-06,Yes,2022-11-07,2022-11-09
ORD-07160,West,Van,Rain,1179,2023-10-19,Yes,2023-10-23,2023-10-23
ORD-07161,West,Box Truck,Clear,21,2022-11-16,No,2022-11-17,2022-11-17
ORD-07162,South,Box Truck,Rain,238,2023-02-20,No,2023-02-21,2023-02-24
ORD-07163,East,Box Truck,Clear,852,2023-02-22,,2023-02-25,2023-02-25
ORD-07164,West,Van,Clear,974,2022-07-24,No,2022-07-28,2022-07-28
ORD-07165,East,Van,Rain,1374,2023-01-27,Yes,2023-02-01,2023-02-01
ORD-07166,North,Van,Snow,681,2023-09-13,No,2023-09-16,2023-09-18
ORD-07167,East,Van,Rain,848,2023-11-17,No,2023-11-20,2023-11-23
ORD-07168,West,Van,Clear,173,2022-05-07,No,2022-05-08,2022-05-08
ORD-07169,South,Box Truck,Fog,391,2022-05-26,,2022-05-28,2022-05-30
ORD-07170,West,Box Truck,Clear,740,2022-07-05,No,2022-07-08,2022-07-08
ORD-07171,East,Box Truck,Clear,591,2022-02-23,No,2022-02-25,2022-02-25
ORD-07172,East,Van,Clear,1455,2023-10-09,No,2023-10-14,2023-10-15
ORD-07173,West,Van,Clear,1471,2022-01-06,No,2022-01-11,2022-01-11
ORD-07174,East,Semi-Trailer,Clear,781,2023-01-19,No,2023-01-22,2023-01-22
ORD-07175,North,Van,Rain,951,2023-02-21,No,2023-02-25,2023-02-25
ORD-07176,West,Box Truck,Snow,1096,2022-01-24,No,2022-01-28,2022-01-30
ORD-07177,South,Box Truck,Fog,1004,2023-10-23,No,2023-10-27,2023-10-29
ORD-07178,West,Van,Snow,255,2023-06-24,No,2023-06-25,2023-06-29
ORD-07179,North,Van,Clear,1007,2022-06-15,No,2022-06-19,2022-06-19
ORD-07180,North,Van,Rain,59,2022-06-21,No,2022-06-22,2022-06-22
ORD-07181,North,Van,Snow,1267,2023-01-21,No,2023-01-26,2023-01-28
ORD-07182,North,Van,Clear,1315,2022-12-27,No,2023-01-01,2023-01-01
ORD-07183,North,Van,Rain,678,2023-08-12,No,2023-08-15,2023-08-15
ORD-07184,South,Van,Clear,229,2023-06-15,No,2023-06-16,2023-06-16
ORD-07185,East,Box Truck,Clear,916,2022-05-24,No,2022-05-28,2022-05-28
ORD-07186,North,Semi-Trailer,Clear,1381,2022-09-17,No,2022-09-22,2022-09-22
ORD-07187,North,Van,Rain,373,2022-08-03,No,2022-08-05,2022-08-05
ORD-07188,West,Semi-Trailer,Rain,1001,2022-12-22,No,2022-12-26,2022-12-26
ORD-07189,South,Semi-Trailer,Clear,929,2022-06-28,No,2022-07-02,2022-07-02
ORD-07190,South,Semi-Trailer,Clear,572,2023-11-21,No,2023-11-23,2023-11-23
ORD-07191,East,Semi-Trailer,Fog,51,2022-05-31,No,2022-06-01,2022-06-03
ORD-07192,South,Van,Fog,432,2022-06-04,No,2022-06-06,2022-06-09
ORD-07193,West,Van,Clear,144,2022-03-25,No,2022-03-26,2022-03-26
ORD-07194,West,Box Truck,Clear,795,2022-06-12,No,2022-06-15,2022-06-15
ORD-07195,East,Box Truck,Rain,1292,2022-08-31,No,2022-09-05,2022-09-05
ORD-07196,West,Semi-Trailer,Clear,1224,2022-10-17,No,2022-10-22,2022-10-22
ORD-07197,North,Semi-Trailer,Clear,1289,2023-12-24,No,2023-12-29,2023-12-29
ORD-07198,North,Box Truck,Clear,757,2022-11-01,No,2022-11-04,2022-11-04
ORD-07199,West,Van,Snow,82,2023-12-25,No,2023-12-26,2023-12-31
ORD-07200,East,Van,Rain,1107,2022-12-28,No,2023-01-01,2023-01-03
ORD-07201,South,Van,Clear,644,2022-03-21,No,2022-03-24,2022-03-27
ORD-07202,East,Box Truck,Clear,410,2022-07-15,No,2022-07-17,2022-07-17
ORD-07203,South,Box Truck,Clear,1112,2022-07-13,No,2022-07-17,2022-07-17
ORD-07204,West,Semi-Trailer,Clear,1002,2023-11-19,No,2023-11-23,2023-11-24
ORD-07205,West,Box Truck,Clear,1281,2022-09-24,No,2022-09-29,2022-09-29
ORD-07206,North,Semi-Trailer,Clear,1220,2022-06-28,No,2022-07-03,2022-07-03
ORD-07207,South,Box Truck,Clear,479,2023-03-06,No,2023-03-08,2023-03-09
ORD-07208,East,Semi-Trailer,Clear,588,2022-05-03,No,2022-05-05,2022-05-05
ORD-07209,West,Van,Rain,465,2022-06-30,No,2022-07-02,2022-07-02
ORD-07210,East,Semi-Trailer,Rain,1309,2023-12-09,No,2023-12-14,2023-12-14
ORD-07211,North,Box Truck,Clear,1212,2022-10-31,No,2022-11-05,2022-11-05
ORD-07212,South,Van,Clear,923,2023-02-08,No,2023-02-12,2023-02-12
ORD-07213,South,Van,Clear,138,2023-12-01,No,2023-12-02,2023-12-02
ORD-07214,West,Semi-Trailer,Rain,388,2023-03-14,No,2023-03-16,2023-03-17
ORD-07215,South,Van,Clear,1148,2023-05-30,,2023-06-03,2023-06-04
ORD-07216,West,Van,Clear,1355,2022-02-07,No,2022-02-12,2022-02-15
ORD-07217,North,Van,Rain,398,2022-07-07,No,2022-07-09,2022-07-12
ORD-07218,South,Box Truck,Rain,795,2022-07-06,No,2022-07-09,2022-07-09
ORD-07219,West,Semi-Trailer,Clear,473,2022-05-05,No,2022-05-07,2022-05-07
ORD-07220,East,Van,Clear,1235,2023-12-27,No,2024-01-01,2024-01-01
ORD-07221,West,Van,Fog,998,2023-04-14,No,2023-04-18,2023-04-22
ORD-07222,South,Semi-Trailer,Fog,556,2022-01-27,No,2022-01-29,2022-01-31
ORD-07223,North,Box Truck,Clear,418,2023-04-09,No,2023-04-11,2023-04-11
ORD-07224,South,Semi-Trailer,Snow,627,2023-02-28,No,2023-03-03,2023-03-07
ORD-07225,South,Van,Clear,770,2023-10-08,No,2023-10-11,2023-10-12
ORD-07226,West,Van,Fog,1185,2022-03-23,No,2022-03-27,2022-03-29
ORD-07227,East,Van,Clear,662,2023-04-03,,2023-04-06,2023-04-06
ORD-07228,South,Box Truck,Rain,1438,2022-01-26,No,2022-01-31,2022-01-31
ORD-07229,East,Van,Rain,1011,2023-08-12,No,2023-08-16,2023-08-16
ORD-07230,West,Van,Clear,500,2023-11-03,No,2023-11-05,2023-11-05
ORD-07231,East,Van,Rain,816,2023-12-15,No,2023-12-18,2023-12-18
ORD-07232,West,Van,Clear,1195,2022-04-27,No,2022-05-01,2022-05-01
ORD-07233,North,Semi-Trailer,Clear,156,2023-12-08,No,2023-12-09,2023-12-09
ORD-07234,East,Van,Clear,1445,2023-08-09,No,2023-08-14,2023-08-16
ORD-07235,East,Box Truck,Fog,265,2023-11-18,No,2023-11-19,2023-11-23
ORD-07236,North,Semi-Trailer,Clear,379,2022-01-17,No,2022-01-19,2022-01-19
ORD-07237,East,Van,Rain,660,2022-07-21,No,2022-07-24,2022-07-25
ORD-07238,North,Box Truck,Rain,1324,2022-05-22,No,2022-05-27,2022-05-29
ORD-07239,South,Semi-Trailer,Clear,1373,2022-11-19,,2022-11-24,2022-11-26
ORD-07240,West,Semi-Trailer,Clear,85,2022-07-22,No,2022-07-23,2022-07-23
ORD-07241,North,Van,Rain,578,2023-06-13,Yes,2023-06-15,2023-06-17
ORD-07242,East,Van,Fog,514,2023-12-12,No,2023-12-14,2023-12-15
ORD-07243,North,Van,Clear,1354,2023-12-20,No,2023-12-25,2023-12-25
ORD-07244,East,Box Truck,Clear,671,2022-05-12,No,2022-05-15,2022-05-15
ORD-07245,South,Box Truck,Clear,1025,2023-04-11,No,2023-04-15,2023-04-15
ORD-07246,North,Box Truck,Clear,1340,2022-06-16,No,2022-06-21,2022-06-21
ORD-07247,South,Van,Clear,356,2023-10-02,No,2023-10-04,2023-10-04
ORD-07248,West,Van,Clear,1426,2023-09-18,No,2023-09-23,2023-09-23
ORD-07249,East,Box Truck,Clear,1232,2023-06-07,No,2023-06-12,2023-06-12
ORD-07250,East,Van,Clear,191,2022-04-17,No,2022-04-18,2022-04-18
ORD-07251,South,Box Truck,Rain,249,2022-10-29,No,2022-10-30,2022-10-30
ORD-07252,West,Van,Fog,75,2023-11-14,No,2023-11-15,2023-11-18
ORD-07253,North,Van,Clear,180,2022-11-27,No,2022-11-28,2022-11-28
ORD-07254,North,Van,Rain,174,2023-09-09,No,2023-09-10,2023-09-10
ORD-07255,East,Van,Clear,963,2022-07-10,No,2022-07-14,2022-07-14
ORD-07256,South,Van,Fog,72,2022-04-02,No,2022-04-03,2022-04-04
ORD-07257,South,Van,Rain,364,2022-06-15,No,2022-06-17,2022-06-17
ORD-07258,North,Van,Snow,60,2022-07-14,No,2022-07-15,2022-07-16
ORD-07259,West,Van,Clear,593,2023-06-03,No,2023-06-05,2023-06-07
ORD-07260,West,Van,Clear,52,2022-10-22,No,2022-10-23,2022-10-23
ORD-07261,North,Box Truck,Clear,972,2022-06-17,No,2022-06-21,2022-06-21
ORD-07262,North,Van,Clear,1354,2022-05-14,No,2022-05-19,2022-05-19
ORD-07263,South,Box Truck,Clear,1351,2022-05-22,No,2022-05-27,2022-05-27
ORD-07264,West,Box Truck,Clear,1249,2022-05-06,No,2022-05-11,2022-05-11
ORD-07265,North,Box Truck,Rain,1224,2023-02-13,No,2023-02-18,2023-02-19
ORD-07266,North,Semi-Trailer,Clear,679,2022-07-27,No,2022-07-30,2022-07-30
ORD-07267,East,Van,Clear,99,2022-10-02,No,2022-10-03,2022-10-03
ORD-07268,North,Box Truck,Clear,1455,2022-05-11,No,2022-05-16,2022-05-16
ORD-07269,North,Semi-Trailer,Clear,625,2023-07-18,No,2023-07-21,2023-07-21
ORD-07270,West,Semi-Trailer,Rain,572,2022-09-16,No,2022-09-18,2022-09-18
ORD-07271,South,Van,Clear,1287,2023-09-04,No,2023-09-09,2023-09-09
ORD-07272,West,Van,Clear,1140,2022-03-05,No,2022-03-09,2022-03-09
ORD-07273,South,Van,Clear,1327,2023-04-29,No,2023-05-04,2023-05-04
ORD-07274,East,Box Truck,Rain,1269,2022-06-20,No,2022-06-25,2022-06-25
ORD-07275,North,Box Truck,Clear,844,2023-03-13,No,2023-03-16,2023-03-16
ORD-07276,East,Van,Fog,365,2023-06-28,No,2023-06-30,2023-07-03
ORD-07277,South,Box Truck,Clear,626,2022-09-24,No,2022-09-27,2022-09-30
ORD-07278,West,Box Truck,Rain,776,2023-06-09,No,2023-06-12,2023-06-12
ORD-07279,West,Van,Clear,313,2023-02-28,No,2023-03-02,2023-03-02
ORD-07280,East,Semi-Trailer,Clear,593,2023-04-15,No,2023-04-17,2023-04-17
ORD-07281,South,Box Truck,Clear,1150,2023-04-05,No,2023-04-09,
ORD-07282,East,Van,Clear,376,2022-09-29,No,2022-10-01,2022-10-01
ORD-07283,East,Box Truck,Clear,468,2022-07-02,No,2022-07-04,2022-07-04
ORD-07284,North,Van,Clear,129,2023-09-04,No,2023-09-05,2023-09-05
ORD-07285,East,Box Truck,Clear,1246,2022-03-10,No,2022-03-15,2022-03-15
ORD-07286,North,Semi-Trailer,Clear,1216,2022-02-07,No,2022-02-12,2022-02-13
ORD-07287,North,Semi-Trailer,Rain,1372,2023-09-19,No,2023-09-24,2023-09-24
ORD-07288,West,Van,Rain,1264,2022-09-28,No,2022-10-03,2022-10-03
ORD-07289,North,Van,Clear,373,2023-02-17,No,2023-02-19,2023-02-19
ORD-07290,North,Van,Clear,1479,2022-03-25,No,2022-03-30,2022-03-31
ORD-07291,West,Box Truck,Clear,493,2022-03-26,No,2022-03-28,2022-03-28
ORD-07292,East,Van,Clear,861,2022-10-30,No,2022-11-02,2022-11-02
ORD-07293,South,Box Truck,Rain,959,2022-08-26,No,2022-08-30,2022-08-31
ORD-07294,South,Van,Rain,255,2022-09-02,Yes,2022-09-03,2022-09-03
ORD-07295,South,Van,Clear,773,2022-04-04,No,2022-04-07,2022-04-07
ORD-07296,East,Van,Clear,1258,2023-12-12,No,2023-12-17,2023-12-17
ORD-07297,North,Semi-Trailer,Snow,1190,2023-08-06,No,2023-08-10,2023-08-12
ORD-07298,South,Box Truck,Clear,640,2022-02-15,No,2022-02-18,2022-02-20
ORD-07299,East,Van,Clear,374,2022-10-20,No,2022-10-22,2022-10-22
ORD-07300,North,Van,Rain,911,2023-06-30,No,2023-07-04,2023-07-07
ORD-07301,West,Box Truck,Clear,195,2022-03-10,No,2022-03-11,2022-03-11
ORD-07302,South,Van,Clear,1218,2023-07-19,No,2023-07-24,
ORD-07303,North,Box Truck,Snow,1420,2023-03-01,No,2023-03-06,2023-03-08
ORD-07304,South,Semi-Trailer,Clear,289,2022-11-04,No,2022-11-05,2022-11-05
ORD-07305,South,Box Truck,Rain,751,2023-12-20,No,2023-12-23,2023-12-23
ORD-07306,South,Box Truck,Clear,1298,2022-06-10,No,2022-06-15,2022-06-15
ORD-07307,North,Box Truck,Rain,361,2022-06-06,No,2022-06-08,2022-06-08
ORD-07308,East,Semi-Trailer,Snow,598,2022-01-28,No,2022-01-30,2022-02-03
ORD-07309,North,Semi-Trailer,Clear,91,2022-04-20,No,2022-04-21,2022-04-21
ORD-07310,South,Box Truck,Rain,1214,2023-06-12,No,2023-06-17,2023-06-17
ORD-07311,North,Van,Snow,1375,2023-01-28,No,2023-02-02,2023-02-08
ORD-07312,West,Van,Clear,205,2022-10-02,No,2022-10-03,2022-10-03
ORD-07313,East,Van,Rain,69,2023-09-23,No,2023-09-24,2023-09-24
ORD-07314,North,Box Truck,Fog,160,2022-05-16,No,2022-05-17,2022-05-21
ORD-07315,West,Box Truck,Clear,1094,2022-11-24,,2022-11-28,2022-11-28
ORD-07316,East,Van,Clear,437,2023-05-31,No,2023-06-02,2023-06-02
ORD-07317,West,Van,Clear,960,2023-11-13,No,2023-11-17,2023-11-17
ORD-07318,East,Van,Clear,340,2022-10-02,No,2022-10-04,2022-10-07
ORD-07319,North,Semi-Trailer,Clear,1072,2022-04-16,No,2022-04-20,2022-04-21
ORD-07320,West,Box Truck,Clear,1286,2022-04-10,,2022-04-15,2022-04-15
ORD-07321,South,Box Truck,Clear,899,2023-08-14,Yes,2023-08-17,2023-08-17
ORD-07322,West,Van,Clear,964,2022-07-23,Yes,2022-07-27,2022-07-28
ORD-07323,East,Box Truck,Clear,1266,2022-07-24,No,2022-07-29,2022-07-29
ORD-07324,North,Van,Clear,363,2023-10-21,,2023-10-23,2023-10-23
ORD-07325,East,Box Truck,Clear,910,2023-06-14,No,2023-06-18,2023-06-18
ORD-07326,West,Van,Rain,1203,2023-11-15,No,2023-11-20,2023-11-22
ORD-07327,West,Van,Clear,226,2022-05-23,No,2022-05-24,2022-05-24
ORD-07328,South,Van,Clear,357,2023-09-17,No,2023-09-19,2023-09-19
ORD-07329,North,Van,Clear,420,2023-10-24,No,2023-10-26,2023-10-27
ORD-07330,North,Semi-Trailer,Clear,740,2023-04-08,No,2023-04-11,2023-04-11
ORD-07331,West,Van,Clear,907,2023-10-17,No,2023-10-21,2023-10-24
ORD-07332,North,Van,Rain,924,2023-03-14,No,2023-03-18,2023-03-18
ORD-07333,South,Box Truck,Clear,252,2022-01-14,No,2022-01-15,2022-01-15
ORD-07334,East,Semi-Trailer,Fog,17,2022-10-27,No,2022-10-28,2022-11-01
ORD-07335,North,Van,Clear,1316,2022-05-21,No,2022-05-26,2022-05-26
ORD-07336,West,Box Truck,Clear,632,2022-04-17,Yes,2022-04-20,2022-04-21
ORD-07337,East,Semi-Trailer,Rain,933,2022-06-21,No,2022-06-25,2022-06-26
ORD-07338,East,Van,Rain,589,2022-07-13,No,2022-07-15,2022-07-15
ORD-07339,South,Van,Rain,175,2023-06-17,No,2023-06-18,2023-06-18
ORD-07340,West,Van,Fog,1236,2023-08-29,No,2023-09-03,2023-09-06
ORD-07341,North,Semi-Trailer,Clear,373,2023-12-21,No,2023-12-23,2023-12-23
ORD-07342,West,Van,Snow,1185,2023-02-09,No,2023-02-13,2023-02-17
ORD-07343,East,Van,Clear,1458,2022-01-19,No,2022-01-24,2022-01-25
ORD-07344,West,Box Truck,Snow,667,2023-07-12,No,2023-07-15,2023-07-16
ORD-07345,North,Box Truck,Clear,1443,2022-04-16,No,2022-04-21,2022-04-22
ORD-07346,North,Van,Clear,524,2023-09-02,No,2023-09-04,2023-09-05
ORD-07347,South,Box Truck,Rain,1284,2023-08-25,No,2023-08-30,2023-08-30
ORD-07348,North,Van,Clear,1110,2023-06-10,No,2023-06-14,2023-06-16
ORD-07349,North,Van,Clear,1455,2022-05-03,Yes,2022-05-08,2022-05-09
ORD-07350,West,Box Truck,Clear,741,2023-07-29,No,2023-08-01,2023-08-01
ORD-07351,West,Semi-Trailer,Rain,919,2022-08-18,No,2022-08-22,2022-08-22
ORD-07352,East,Van,Snow,1418,2022-07-21,No,2022-07-26,2022-07-27
ORD-07353,South,Semi-Trailer,Rain,1412,2023-03-17,No,2023-03-22,2023-03-22
ORD-07354,West,Box Truck,Snow,1261,2023-05-20,No,2023-05-25,2023-05-26
ORD-07355,North,Van,Clear,127,2023-02-27,No,2023-02-28,2023-03-03
ORD-07356,East,Box Truck,Clear,1019,2023-07-26,No,2023-07-30,
ORD-07357,West,Van,Clear,1300,2023-02-05,No,2023-02-10,2023-02-10
ORD-07358,South,Semi-Trailer,Clear,1268,2023-04-17,No,2023-04-22,2023-04-22
ORD-07359,South,Semi-Trailer,Clear,1201,2022-01-18,No,2022-01-23,2022-01-23
ORD-07360,East,Van,Clear,781,2022-12-27,No,2022-12-30,2023-01-02
ORD-07361,East,Van,Clear,939,2022-03-31,No,2022-04-04,2022-04-04
ORD-07362,East,Van,Rain,705,2023-10-19,No,2023-10-22,2023-10-22
ORD-07363,East,Van,Clear,531,2023-12-14,No,2023-12-16,2023-12-18
ORD-07364,East,Van,Snow,346,2022-01-26,No,2022-01-28,2022-02-01
ORD-07365,North,Van,Rain,1360,2023-11-30,No,2023-12-05,2023-12-05
ORD-07366,North,Box Truck,Rain,1392,2023-05-01,Yes,2023-05-06,2023-05-09
ORD-07367,West,Van,Fog,457,2022-02-09,No,2022-02-11,2022-02-13
ORD-07368,South,Semi-Trailer,Clear,662,2022-10-15,No,2022-10-18,2022-10-20
ORD-07369,North,Semi-Trailer,Rain,899,2022-03-15,No,2022-03-18,2022-03-21
ORD-07370,North,Van,Snow,613,2022-02-08,No,2022-02-11,2022-02-13
ORD-07371,North,Semi-Trailer,Clear,1130,2022-05-02,No,2022-05-06,2022-05-06
ORD-07372,West,Van,Rain,662,2022-09-21,No,2022-09-24,2022-09-25
ORD-07373,East,Van,Clear,768,2023-12-28,Yes,2023-12-31,2023-12-31
ORD-07374,West,Box Truck,Clear,1289,2023-09-09,No,2023-09-14,2023-09-14
ORD-07375,South,Van,Clear,451,2022-07-05,No,2022-07-07,2022-07-07
ORD-07376,South,Box Truck,Fog,418,2023-01-24,,2023-01-26,2023-01-27
ORD-07377,South,Semi-Trailer,Snow,819,2022-09-06,No,2022-09-09,2022-09-13
ORD-07378,South,Semi-Trailer,Snow,94,2022-01-27,No,2022-01-28,2022-01-31
ORD-07379,North,Box Truck,Rain,1450,2022-12-26,No,2022-12-31,2023-01-02
ORD-07380,North,Box Truck,Clear,962,2023-02-15,No,2023-02-19,2023-02-20
ORD-07381,West,Van,Clear,706,2022-01-21,No,2022-01-24,2022-01-25
ORD-07382,East,Van,Snow,107,2022-03-14,No,2022-03-15,2022-03-16
ORD-07383,South,Box Truck,Clear,551,2022-03-08,No,2022-03-10,2022-03-10
ORD-07384,West,Van,Clear,1484,2023-07-26,No,2023-07-31,2023-07-31
ORD-07385,North,Van,Clear,200,2023-10-26,No,2023-10-27,2023-10-27
ORD-07386,North,Van,Clear,977,2023-02-05,No,2023-02-09,2023-02-09
ORD-07387,East,Box Truck,Rain,1234,2023-01-23,No,2023-01-28,2023-01-28
ORD-07388,East,Van,Clear,1355,2023-01-31,No,2023-02-05,2023-02-05
ORD-07389,East,Box Truck,Rain,267,2023-08-28,No,2023-08-29,2023-08-30
ORD-07390,West,Van,Snow,164,2022-08-23,No,2022-08-24,2022-08-28
ORD-07391,North,Van,Clear,953,2022-01-03,No,2022-01-07,2022-01-08
ORD-07392,North,Van,Clear,237,2023-12-25,No,2023-12-26,2023-12-26
ORD-07393,East,Van,Clear,526,2022-02-02,No,2022-02-04,2022-02-04
ORD-07394,South,Semi-Trailer,Fog,650,2022-05-06,No,2022-05-09,2022-05-11
ORD-07395,East,Van,Clear,83,2022-10-16,No,2022-10-17,2022-10-17
ORD-07396,West,Van,Clear,374,2022-06-30,No,2022-07-02,2022-07-02
ORD-07397,East,Box Truck,Rain,33,2022-08-16,Yes,2022-08-17,2022-08-17
ORD-07398,East,Van,Clear,472,2023-02-08,,2023-02-10,2023-02-10
ORD-07399,West,Van,Fog,490,2022-06-14,No,2022-06-16,2022-06-21
ORD-07400,East,Van,Snow,1122,2023-03-09,No,2023-03-13,2023-03-14
ORD-07401,North,Semi-Trailer,Clear,1333,2023-05-10,No,2023-05-15,2023-05-18
ORD-07402,South,Box Truck,Rain,53,2022-06-13,No,2022-06-14,2022-06-15
ORD-07403,East,Van,Clear,1070,2022-12-26,No,2022-12-30,2022-12-30
ORD-07404,West,Van,Rain,1313,2023-12-01,No,2023-12-06,2023-12-06
ORD-07405,South,Van,Rain,470,2023-07-13,,2023-07-15,2023-07-16
ORD-07406,West,Van,Clear,1202,2022-10-26,No,2022-10-31,2022-11-01
ORD-07407,South,Box Truck,Clear,79,2022-02-04,No,2022-02-05,2022-02-05
ORD-07408,South,Semi-Trailer,Fog,222,2022-09-08,No,2022-09-09,2022-09-12
ORD-07409,East,Van,Clear,923,2023-11-10,No,2023-11-14,2023-11-15
ORD-07410,North,Semi-Trailer,Rain,81,2023-03-12,No,2023-03-13,2023-03-13
ORD-07411,East,Van,Clear,837,2022-03-27,No,2022-03-30,2022-03-30
ORD-07412,West,Van,Clear,189,2023-02-13,,2023-02-14,2023-02-14
ORD-07413,West,Van,Snow,217,2022-01-13,No,2022-01-14,2022-01-18
ORD-07414,South,Van,Clear,186,2022-09-28,No,2022-09-29,2022-09-29
ORD-07415,South,Semi-Trailer,Rain,716,2022-06-29,No,2022-07-02,2022-07-04
ORD-07416,North,Van,Clear,1334,2022-05-10,No,2022-05-15,2022-05-15
ORD-07417,East,Van,Clear,893,2022-07-04,No,2022-07-07,2022-07-07
ORD-07418,West,Semi-Trailer,Fog,760,2023-09-13,No,2023-09-16,2023-09-19
ORD-07419,South,Semi-Trailer,Clear,1187,2022-05-08,No,2022-05-12,2022-05-13
ORD-07420,North,Box Truck,Fog,163,2022-12-07,No,2022-12-08,2022-12-11
ORD-07421,West,Semi-Trailer,Fog,39,2023-08-02,No,2023-08-03,2023-08-04
ORD-07422,South,Van,Fog,1060,2023-09-18,No,2023-09-22,2023-09-26
ORD-07423,West,Semi-Trailer,Snow,985,2022-03-26,No,2022-03-30,2022-04-01
ORD-07424,North,Box Truck,Clear,1273,2022-04-13,,2022-04-18,2022-04-18
ORD-07425,North,Semi-Trailer,Fog,653,2023-03-22,No,2023-03-25,2023-03-27
ORD-07426,West,Box Truck,Clear,700,2023-09-27,No,2023-09-30,2023-09-30
ORD-07427,East,Van,Clear,107,2022-05-31,No,2022-06-01,2022-06-01
ORD-07428,West,Box Truck,Clear,335,2023-12-02,No,2023-12-04,2023-12-04
ORD-07429,South,Van,Clear,246,2022-10-10,No,2022-10-11,2022-10-11
ORD-07430,East,Van,Rain,147,2023-04-24,No,2023-04-25,2023-04-25
ORD-07431,South,Van,Clear,639,2022-06-04,,2022-06-07,2022-06-07
ORD-07432,West,Semi-Trailer,Clear,627,2023-11-18,No,2023-11-21,2023-11-21
ORD-07433,East,Van,Clear,1079,2022-11-17,No,2022-11-21,2022-11-21
ORD-07434,South,Box Truck,Clear,399,2023-05-16,No,2023-05-18,2023-05-18
ORD-07435,West,Van,Rain,1397,2023-08-16,No,2023-08-21,2023-08-21
ORD-07436,West,Semi-Trailer,Clear,369,2022-09-13,No,2022-09-15,2022-09-18
ORD-07437,East,Van,Clear,591,2022-11-04,No,2022-11-06,2022-11-06
ORD-07438,West,Box Truck,Clear,216,2023-03-08,,2023-03-09,2023-03-09
ORD-07439,North,Semi-Trailer,Clear,610,2023-08-29,No,2023-09-01,2023-09-01
ORD-07440,South,Van,Clear,988,2023-11-06,No,2023-11-10,2023-11-10
ORD-07441,South,Van,Clear,524,2023-12-29,No,2023-12-31,2023-12-31
ORD-07442,West,Box Truck,Clear,819,2022-05-09,No,2022-05-12,2022-05-12
ORD-07443,West,Semi-Trailer,Clear,1399,2022-01-27,No,2022-02-01,2022-02-01
ORD-07444,North,Box Truck,Clear,447,2023-08-06,No,2023-08-08,2023-08-08
ORD-07445,East,Van,Fog,1264,2022-02-09,No,2022-02-14,2022-02-17
ORD-07446,West,Semi-Trailer,Clear,1456,2022-06-11,No,2022-06-16,2022-06-16
ORD-07447,West,Van,Snow,478,2023-01-06,No,2023-01-08,2023-01-10
ORD-07448,West,Box Truck,Rain,639,2023-09-01,No,2023-09-04,2023-09-04
ORD-07449,West,Semi-Trailer,Clear,1344,2023-09-12,No,2023-09-17,2023-09-19
ORD-07450,South,Van,Fog,404,2022-10-14,No,2022-10-16,2022-10-21
ORD-07451,West,Box Truck,Rain,123,2022-06-04,No,2022-06-05,2022-06-05
ORD-07452,South,Box Truck,Rain,1235,2023-10-25,No,2023-10-30,2023-11-01
ORD-07453,West,Semi-Trailer,Clear,472,2022-03-25,No,2022-03-27,2022-03-27
ORD-07454,East,Van,Clear,551,2023-12-13,No,2023-12-15,2023-12-15
ORD-07455,North,Van,Clear,1397,2023-06-27,No,2023-07-02,2023-07-02
ORD-07456,East,Semi-Trailer,Clear,256,2023-11-20,Yes,2023-11-21,2023-11-21
ORD-07457,West,Van,Snow,1279,2023-05-20,No,2023-05-25,2023-05-28
ORD-07458,West,Van,Snow,1217,2022-02-04,No,2022-02-09,2022-02-10
ORD-07459,West,Semi-Trailer,Clear,1446,2023-10-16,No,2023-10-21,2023-10-21
ORD-07460,East,Van,Rain,282,2022-05-25,No,2022-05-26,2022-05-26
ORD-07461,West,Semi-Trailer,Rain,554,2022-07-11,No,2022-07-13,2022-07-13
ORD-07462,East,Van,Clear,1310,2022-11-10,No,2022-11-15,2022-11-15
ORD-07463,South,Van,Clear,632,2022-09-06,No,2022-09-09,2022-09-09
ORD-07464,North,Box Truck,Clear,727,2023-07-28,No,2023-07-31,2023-07-31
ORD-07465,North,Box Truck,Rain,787,2022-09-15,No,2022-09-18,2022-09-18
ORD-07466,East,Box Truck,Snow,1030,2022-06-04,No,2022-06-08,2022-06-10
ORD-07467,South,Box Truck,Clear,499,2022-10-18,No,2022-10-20,2022-10-20
ORD-07468,East,Semi-Trailer,Clear,224,2022-11-09,No,2022-11-10,2022-11-13
ORD-07469,South,Van,Rain,1136,2022-08-14,Yes,2022-08-18,2022-08-19
ORD-07470,West,Van,Rain,599,2023-06-29,No,2023-07-01,2023-07-01
ORD-07471,South,Van,Clear,184,2023-09-24,No,2023-09-25,2023-09-25
ORD-07472,South,Box Truck,Clear,61,2022-05-06,No,2022-05-07,2022-05-07
ORD-07473,South,Van,Snow,306,2023-11-06,No,2023-11-08,2023-11-09
ORD-07474,North,Van,Clear,184,2023-09-22,No,2023-09-23,2023-09-23
ORD-07475,South,Van,Clear,978,2023-09-11,No,2023-09-15,2023-09-15
ORD-07476,West,Van,Snow,352,2023-04-25,No,2023-04-27,2023-05-01
ORD-07477,West,Van,Clear,609,2023-12-20,No,2023-12-23,2023-12-24
ORD-07478,West,Box Truck,Snow,180,2022-10-07,No,2022-10-08,2022-10-09
ORD-07479,South,Van,Clear,1070,2023-07-16,No,2023-07-20,2023-07-21
ORD-07480,East,Semi-Trailer,Clear,1234,2022-03-21,No,2022-03-26,2022-03-26
ORD-07481,East,Box Truck,Clear,1097,2023-01-17,No,2023-01-21,2023-01-21
ORD-07482,West,Van,Clear,464,2022-05-09,No,2022-05-11,2022-05-11
ORD-07483,North,Box Truck,Clear,736,2022-08-21,No,2022-08-24,2022-08-24
ORD-07484,East,Van,Rain,1442,2022-07-12,No,2022-07-17,2022-07-18
ORD-07485,South,Box Truck,Clear,896,2022-11-05,No,2022-11-08,2022-11-08
ORD-07486,East,Semi-Trailer,Fog,1015,2022-11-27,No,2022-12-01,2022-12-02
ORD-07487,West,Box Truck,Clear,764,2023-12-30,No,2024-01-02,2024-01-03
ORD-07488,North,Box Truck,Clear,159,2022-10-19,No,2022-10-20,2022-10-20
ORD-07489,East,Van,Clear,645,2023-08-30,No,2023-09-02,2023-09-03
ORD-07490,East,Van,Rain,976,2023-05-18,No,2023-05-22,2023-05-22
ORD-07491,West,Semi-Trailer,Clear,719,2022-05-18,No,2022-05-21,2022-05-23
ORD-07492,North,Van,Clear,287,2023-06-23,No,2023-06-24,2023-06-25
ORD-07493,North,Van,Snow,44,2022-01-25,No,2022-01-26,2022-02-01
ORD-07494,West,Van,Clear,184,2023-08-20,No,2023-08-21,2023-08-21
ORD-07495,South,Box Truck,Clear,1066,2022-04-04,,2022-04-08,2022-04-08
ORD-07496,East,Van,Clear,724,2022-10-24,No,2022-10-27,2022-10-27
ORD-07497,South,Semi-Trailer,Rain,1430,2023-07-31,No,2023-08-05,2023-08-05
ORD-07498,East,Van,Clear,263,2022-06-16,No,2022-06-17,2022-06-17
ORD-07499,East,Van,Snow,577,2023-07-18,No,2023-07-20,2023-07-21
ORD-07500,South,Box Truck,Rain,332,2023-08-26,Yes,2023-08-28,2023-08-28
ORD-07501,West,Van,Rain,22,2023-11-17,No,2023-11-18,2023-11-18
ORD-07502,West,Box Truck,Clear,59,2023-03-17,No,2023-03-18,2023-03-18
ORD-07503,East,Van,Fog,1266,2023-02-17,No,2023-02-22,2023-02-26
ORD-07504,West,Van,Clear,962,2023-02-17,No,2023-02-21,2023-02-21
ORD-07505,East,Van,Clear,1003,2023-06-11,No,2023-06-15,2023-06-15
ORD-07506,West,Semi-Trailer,Clear,625,2023-03-13,Yes,2023-03-16,2023-03-16
ORD-07507,East,Box Truck,Rain,875,2023-09-29,No,2023-10-02,2023-10-02
ORD-07508,West,Box Truck,Clear,105,2023-12-27,No,2023-12-28,2023-12-28
ORD-07509,North,Van,Clear,352,2022-04-30,No,2022-05-02,2022-05-02
ORD-07510,South,Box Truck,Snow,865,2022-03-31,No,2022-04-03,2022-04-07
ORD-07511,North,Van,Clear,202,2022-07-22,No,2022-07-23,2022-07-23
ORD-07512,South,Semi-Trailer,Clear,520,2022-04-05,No,2022-04-07,2022-04-10
ORD-07513,South,Box Truck,Rain,1484,2022-08-23,No,2022-08-28,2022-08-31
ORD-07514,East,Box Truck,Rain,1158,2023-05-17,No,2023-05-21,2023-05-21
ORD-07515,South,Van,Clear,1114,2023-09-22,No,2023-09-26,2023-09-26
ORD-07516,North,Box Truck,Clear,16,2023-10-27,No,2023-10-28,2023-10-28
ORD-07517,North,Van,Fog,339,2022-06-07,No,2022-06-09,2022-06-13
ORD-07518,West,Semi-Trailer,Clear,92,2022-11-21,No,2022-11-22,2022-11-22
ORD-07519,North,Van,Clear,914,2022-03-20,No,2022-03-24,2022-03-24
ORD-07520,West,Van,Snow,635,2023-07-11,No,2023-07-14,2023-07-19
ORD-07521,South,Van,Clear,536,2022-08-29,No,2022-08-31,2022-08-31
ORD-07522,North,Van,Clear,1146,2022-05-20,No,2022-05-24,2022-05-24
ORD-07523,South,Van,Clear,449,2022-03-12,No,2022-03-14,2022-03-14
ORD-07524,North,Semi-Trailer,Clear,899,2022-07-18,No,2022-07-21,2022-07-21
ORD-07525,North,Box Truck,Snow,771,2022-11-03,No,2022-11-06,2022-11-07
ORD-07526,West,Semi-Trailer,Clear,1033,2023-08-16,No,2023-08-20,2023-08-20
ORD-07527,South,Semi-Trailer,Clear,28,2023-09-14,No,2023-09-15,2023-09-16
ORD-07528,North,Van,Snow,18,2023-08-01,No,2023-08-02,2023-08-05
ORD-07529,East,Box Truck,Clear,1218,2023-10-09,No,2023-10-14,2023-10-14
ORD-07530,South,Van,Rain,1071,2022-07-02,No,2022-07-06,2022-07-06
ORD-07531,South,Semi-Trailer,Clear,732,2023-06-17,No,2023-06-20,2023-06-20
ORD-07532,South,Van,Rain,913,2022-12-25,No,2022-12-29,2022-12-29
ORD-07533,West,Van,Clear,143,2022-02-19,No,2022-02-20,2022-02-20
ORD-07534,East,Van,Clear,1135,2023-11-16,No,2023-11-20,2023-11-20
ORD-07535,South,Van,Clear,1182,2023-06-27,No,2023-07-01,2023-07-01
ORD-07536,North,Van,Rain,102,2023-03-15,No,2023-03-16,2023-03-18
ORD-07537,North,Van,Rain,811,2023-12-12,No,2023-12-15,2023-12-15
ORD-07538,West,Box Truck,Rain,1173,2022-12-15,No,2022-12-19,2022-12-19
ORD-07539,North,Semi-Trailer,Clear,1328,2022-05-17,No,2022-05-22,2022-05-22
ORD-07540,South,Van,Clear,873,2022-05-20,No,2022-05-23,2022-05-23
ORD-07541,North,Van,Rain,783,2023-06-22,No,2023-06-25,2023-06-25
ORD-07542,South,Semi-Trailer,Rain,553,2022-09-05,No,2022-09-07,2022-09-07
ORD-07543,North,Van,Rain,197,2022-03-10,No,2022-03-11,2022-03-11
ORD-07544,East,Semi-Trailer,Clear,145,2022-05-19,No,2022-05-20,2022-05-20
ORD-07545,West,Van,Clear,175,2022-11-20,No,2022-11-21,2022-11-21
ORD-07546,West,Box Truck,Clear,1000,2022-09-25,No,2022-09-29,2022-09-29
ORD-07547,East,Box Truck,Clear,1180,2022-03-17,No,2022-03-21,2022-03-21
ORD-07548,East,Box Truck,Fog,254,2023-09-15,No,2023-09-16,2023-09-17
ORD-07549,West,Semi-Trailer,Rain,1216,2022-10-15,No,2022-10-20,2022-10-20
ORD-07550,East,Van,Clear,1042,2022-06-10,No,2022-06-14,
ORD-07551,South,Van,Clear,1469,2023-12-21,No,2023-12-26,2023-12-27
ORD-07552,North,Box Truck,Clear,1189,2022-03-31,No,2022-04-04,2022-04-04
ORD-07553,West,Semi-Trailer,Snow,839,2022-03-26,Yes,2022-03-29,2022-03-31
ORD-07554,East,Van,Snow,697,2022-10-04,No,2022-10-07,2022-10-08
ORD-07555,South,Semi-Trailer,Clear,123,2022-03-15,No,2022-03-16,2022-03-16
ORD-07556,West,Van,Rain,176,2023-01-20,,2023-01-21,2023-01-21
ORD-07557,East,Van,Clear,497,2022-02-03,No,2022-02-05,2022-02-05
ORD-07558,West,Box Truck,Clear,446,2023-10-30,No,2023-11-01,2023-11-01
ORD-07559,East,Van,Rain,232,2023-03-24,No,2023-03-25,2023-03-25
ORD-07560,West,Box Truck,Rain,200,2022-01-18,No,2022-01-19,2022-01-19
ORD-07561,South,Van,Rain,585,2022-10-02,No,2022-10-04,2022-10-04
ORD-07562,South,Van,Clear,803,2023-11-02,No,2023-11-05,2023-11-05
ORD-07563,North,Box Truck,Clear,182,2023-03-10,No,2023-03-11,2023-03-11
ORD-07564,West,Box Truck,Clear,1290,2022-05-09,,2022-05-14,2022-05-14
ORD-07565,North,Van,Clear,459,2023-05-20,Yes,2023-05-22,2023-05-22
ORD-07566,West,Van,Clear,86,2023-11-05,No,2023-11-06,
ORD-07567,East,Van,Clear,624,2022-12-07,No,2022-12-10,2022-12-11
ORD-07568,East,Van,Clear,235,2022-09-15,No,2022-09-16,2022-09-16
ORD-07569,North,Semi-Trailer,Clear,1259,2023-09-06,No,2023-09-11,2023-09-11
ORD-07570,West,Semi-Trailer,Rain,748,2023-06-18,No,2023-06-21,2023-06-21
ORD-07571,North,Van,Rain,950,2022-09-06,No,2022-09-10,2022-09-12
ORD-07572,South,Van,Rain,85,2022-09-22,Yes,2022-09-23,2022-09-23
ORD-07573,North,Semi-Trailer,Clear,1066,2023-06-27,,2023-07-01,2023-07-01
ORD-07574,North,Box Truck,Clear,78,2022-06-13,No,2022-06-14,2022-06-14
ORD-07575,East,Box Truck,Clear,424,2022-10-04,No,2022-10-06,2022-10-06
ORD-07576,North,Box Truck,Clear,740,2023-07-02,No,2023-07-05,2023-07-05
ORD-07577,West,Van,Clear,1481,2022-09-22,No,2022-09-27,2022-09-27
ORD-07578,East,Van,Clear,371,2023-06-29,No,2023-07-01,2023-07-01
ORD-07579,North,Semi-Trailer,Rain,879,2022-07-27,No,2022-07-30,2022-07-30
ORD-07580,South,Box Truck,Fog,1403,2022-03-06,No,2022-03-11,2022-03-12
ORD-07581,North,Van,Clear,1432,2022-10-27,No,2022-11-01,2022-11-04
ORD-07582,North,Van,Snow,1153,2023-05-01,No,2023-05-05,2023-05-07
ORD-07583,North,Van,Clear,1081,2022-09-25,No,2022-09-29,2022-09-29
ORD-07584,East,Box Truck,Rain,77,2022-05-09,No,2022-05-10,2022-05-11
ORD-07585,West,Van,Rain,1372,2022-02-21,No,2022-02-26,2022-02-26
ORD-07586,South,Van,Fog,1118,2023-03-15,No,2023-03-19,2023-03-21
ORD-07587,North,Semi-Trailer,Clear,945,2023-03-24,No,2023-03-28,2023-03-28
ORD-07588,West,Van,Clear,386,2022-03-07,No,2022-03-09,2022-03-09
ORD-07589,West,Van,Clear,1418,2023-03-09,Yes,2023-03-14,2023-03-15
ORD-07590,East,Van,Clear,285,2023-06-17,No,2023-06-18,2023-06-19
ORD-07591,South,Van,Fog,777,2023-03-14,No,2023-03-17,2023-03-20
ORD-07592,East,Van,Rain,959,2023-06-10,No,2023-06-14,2023-06-14
ORD-07593,West,Semi-Trailer,Rain,214,2022-03-20,No,2022-03-21,2022-03-21
ORD-07594,West,Semi-Trailer,Clear,754,2023-11-13,Yes,2023-11-16,2023-11-16
ORD-07595,West,Van,Snow,1098,2023-03-04,No,2023-03-08,2023-03-10
ORD-07596,East,Van,Clear,920,2023-08-06,No,2023-08-10,2023-08-10
ORD-07597,South,Box Truck,Clear,1112,2022-01-19,No,2022-01-23,2022-01-23
ORD-07598,North,Van,Snow,334,2022-04-05,No,2022-04-07,2022-04-09
ORD-07599,East,Van,Clear,387,2022-07-20,No,2022-07-22,2022-07-22
ORD-07600,West,Semi-Trailer,Clear,826,2023-04-23,Yes,2023-04-26,2023-04-26
ORD-07601,East,Van,Clear,690,2023-09-18,No,2023-09-21,2023-09-21
ORD-07602,West,Van,Rain,680,2022-05-13,No,2022-05-16,2022-05-17
ORD-07603,North,Van,Rain,637,2022-03-10,No,2022-03-13,2022-03-13
ORD-07604,North,Van,Clear,1379,2023-07-28,No,2023-08-02,2023-08-02
ORD-07605,South,Van,Rain,1027,2023-10-18,No,2023-10-22,2023-10-22
ORD-07606,West,Van,Rain,444,2023-11-10,Yes,2023-11-12,2023-11-12
ORD-07607,South,Van,Fog,894,2022-07-12,Yes,2022-07-15,2022-07-19
ORD-07608,South,Box Truck,Clear,1411,2022-03-18,,2022-03-23,2022-03-23
ORD-07609,North,Van,Rain,1048,2022-12-24,No,2022-12-28,2022-12-29
ORD-07610,East,Van,Rain,1487,2023-02-19,No,2023-02-24,2023-02-24
ORD-07611,East,Box Truck,Clear,1226,2022-05-11,No,2022-05-16,2022-05-16
ORD-07612,South,Semi-Trailer,Clear,1266,2023-11-09,No,2023-11-14,2023-11-14
ORD-07613,North,Van,Clear,1296,2023-03-19,No,2023-03-24,2023-03-24
ORD-07614,West,Van,Clear,455,2022-09-29,No,2022-10-01,2022-10-02
ORD-07615,East,Van,Clear,63,2023-01-23,No,2023-01-24,2023-01-24
ORD-07616,South,Box Truck,Clear,701,2023-05-21,No,2023-05-24,2023-05-24
ORD-07617,East,Van,Clear,13,2023-06-30,No,2023-07-01,2023-07-01
ORD-07618,East,Van,Clear,266,2022-06-15,No,2022-06-16,2022-06-17
ORD-07619,West,Van,Clear,1394,2023-04-12,No,2023-04-17,2023-04-19
ORD-07620,North,Van,Rain,843,2023-08-08,No,2023-08-11,2023-08-11
ORD-07621,West,Van,Snow,1273,2023-02-19,No,2023-02-24,2023-02-25
ORD-07622,North,Van,Clear,491,2022-07-18,No,2022-07-20,2022-07-20
ORD-07623,East,Semi-Trailer,Clear,470,2023-01-19,No,2023-01-21,2023-01-21
ORD-07624,South,Box Truck,Clear,858,2022-03-04,No,2022-03-07,2022-03-08
ORD-07625,West,Van,Clear,1171,2023-09-30,No,2023-10-04,2023-10-05
ORD-07626,North,Van,Clear,1484,2023-05-09,No,2023-05-14,2023-05-14
ORD-07627,East,Van,Rain,1357,2022-09-11,No,2022-09-16,2022-09-17
ORD-07628,North,Van,Clear,482,2023-07-22,No,2023-07-24,2023-07-24
ORD-07629,North,Semi-Trailer,Rain,202,2023-10-21,No,2023-10-22,2023-10-22
ORD-07630,North,Semi-Trailer,Rain,316,2022-05-04,No,2022-05-06,2022-05-06
ORD-07631,East,Van,Clear,768,2023-06-13,Yes,2023-06-16,2023-06-17
ORD-07632,South,Van,Clear,915,2022-04-22,No,2022-04-26,2022-04-29
ORD-07633,South,Van,Clear,230,2023-12-26,No,2023-12-27,2023-12-27
ORD-07634,South,Box Truck,Clear,181,2022-06-22,No,2022-06-23,2022-06-23
ORD-07635,North,Box Truck,Clear,1193,2023-03-27,No,2023-03-31,2023-03-31
ORD-07636,East,Semi-Trailer,Fog,181,2022-12-08,,2022-12-09,2022-12-13
ORD-07637,North,Box Truck,Snow,1096,2023-06-18,No,2023-06-22,2023-06-24
ORD-07638,South,Van,Fog,1098,2022-04-14,No,2022-04-18,2022-04-21
ORD-07639,South,Box Truck,Clear,1202,2022-01-05,No,2022-01-10,2022-01-10
ORD-07640,East,Box Truck,Clear,90,2023-07-02,No,2023-07-03,2023-07-03
ORD-07641,North,Box Truck,Clear,768,2023-10-27,No,2023-10-30,2023-10-31
ORD-07642,West,Van,Clear,1301,2023-10-16,No,2023-10-21,2023-10-22
ORD-07643,West,Box Truck,Clear,1413,2023-02-18,No,2023-02-23,2023-02-24
ORD-07644,South,Box Truck,Rain,82,2022-09-09,No,2022-09-10,2022-09-11
ORD-07645,East,Box Truck,Clear,341,2022-11-06,No,2022-11-08,2022-11-08
ORD-07646,North,Box Truck,Fog,1221,2023-09-26,No,2023-10-01,2023-10-05
ORD-07647,North,Box Truck,Fog,1058,2023-09-21,Yes,2023-09-25,2023-09-28
ORD-07648,South,Box Truck,Clear,237,2023-12-25,No,2023-12-26,2023-12-27
ORD-07649,South,Box Truck,Snow,1151,2023-10-18,No,2023-10-22,2023-10-26
ORD-07650,North,Box Truck,Clear,1478,2023-11-08,No,2023-11-13,2023-11-13
ORD-07651,North,Van,Clear,1141,2022-03-15,No,2022-03-19,2022-03-19
ORD-07652,South,Van,Rain,251,2022-03-03,No,2022-03-04,2022-03-04
ORD-07653,North,Van,Clear,512,2023-02-01,No,2023-02-03,2023-02-04
ORD-07654,West,Box Truck,Snow,1089,2023-07-14,No,2023-07-18,2023-07-21
ORD-07655,South,Box Truck,Rain,1182,2022-07-09,No,2022-07-13,2022-07-13
ORD-07656,North,Semi-Trailer,Snow,1344,2023-03-08,,2023-03-13,2023-03-15
ORD-07657,South,Van,Fog,561,2022-02-07,No,2022-02-09,2022-02-12
ORD-07658,East,Van,Clear,933,2022-02-05,No,2022-02-09,2022-02-09
ORD-07659,South,Van,Clear,130,2023-04-27,Yes,2023-04-28,2023-04-28
ORD-07660,South,Van,Clear,35,2023-11-19,,2023-11-20,2023-11-20
ORD-07661,East,Box Truck,Clear,1145,2022-05-07,No,2022-05-11,2022-05-11
ORD-07662,West,Van,Clear,520,2023-06-01,No,2023-06-03,2023-06-03
ORD-07663,North,Box Truck,Snow,890,2022-09-24,Yes,2022-09-27,2022-09-30
ORD-07664,East,Box Truck,Clear,32,2023-08-08,No,2023-08-09,2023-08-09
ORD-07665,South,Van,Fog,1297,2022-06-24,No,2022-06-29,2022-06-30
ORD-07666,North,Semi-Trailer,Rain,125,2022-10-11,No,2022-10-12,2022-10-12
ORD-07667,East,Van,Clear,489,2022-02-26,No,2022-02-28,2022-03-02
ORD-07668,North,Van,Clear,316,2022-07-14,No,2022-07-16,2022-07-17
ORD-07669,North,Semi-Trailer,Clear,240,2023-11-14,No,2023-11-15,2023-11-15
ORD-07670,East,Semi-Trailer,Clear,710,2022-10-01,No,2022-10-04,2022-10-04
ORD-07671,North,Van,Clear,501,2022-01-16,No,2022-01-18,2022-01-18
ORD-07672,West,Van,Clear,778,2023-04-06,No,2023-04-09,2023-04-09
ORD-07673,East,Van,Rain,1153,2022-12-21,No,2022-12-25,2022-12-25
ORD-07674,West,Van,Clear,295,2023-05-01,No,2023-05-02,2023-05-02
ORD-07675,South,Semi-Trailer,Rain,997,2023-02-06,Yes,2023-02-10,2023-02-10
ORD-07676,North,Box Truck,Snow,1440,2023-02-15,No,2023-02-20,2023-02-24
ORD-07677,South,Van,Clear,1391,2022-07-14,No,2022-07-19,2022-07-19
ORD-07678,South,Semi-Trailer,Clear,899,2023-02-13,No,2023-02-16,2023-02-16
ORD-07679,North,Van,Rain,1185,2022-01-21,No,2022-01-25,2022-01-25
ORD-07680,East,Van,Fog,607,2022-01-20,No,2022-01-23,2022-01-26
ORD-07681,North,Semi-Trailer,Clear,1358,2022-03-11,No,2022-03-16,2022-03-16
ORD-07682,South,Semi-Trailer,Clear,866,2022-07-13,No,2022-07-16,2022-07-16
ORD-07683,South,Semi-Trailer,Clear,848,2022-12-11,,2022-12-14,2022-12-14
ORD-07684,East,Box Truck,Clear,1279,2023-10-26,No,2023-10-31,2023-11-01
ORD-07685,North,Box Truck,Clear,927,2023-01-09,No,2023-01-13,2023-01-13
ORD-07686,South,Van,Clear,1348,2023-04-22,No,2023-04-27,2023-04-27
ORD-07687,West,Box Truck,Rain,949,2022-04-12,No,2022-04-16,2022-04-16
ORD-07688,South,Semi-Trailer,Clear,814,2023-04-10,No,2023-04-13,2023-04-13
ORD-07689,South,Van,Clear,171,2023-12-25,,2023-12-26,2023-12-27
ORD-07690,East,Box Truck,Clear,621,2022-02-10,No,2022-02-13,2022-02-13
ORD-07691,West,Van,Snow,1402,2022-10-16,No,2022-10-21,2022-10-25
ORD-07692,South,Van,Clear,1218,2022-08-11,No,2022-08-16,2022-08-16
ORD-07693,South,Box Truck,Fog,962,2023-09-23,,2023-09-27,2023-09-28
ORD-07694,West,Van,Clear,285,2023-10-10,No,2023-10-11,2023-10-14
ORD-07695,North,Box Truck,Clear,1006,2023-05-03,No,2023-05-07,2023-05-07
ORD-07696,North,Van,Clear,538,2023-11-22,No,2023-11-24,2023-11-26
ORD-07697,South,Semi-Trailer,Rain,1469,2023-07-16,No,2023-07-21,2023-07-21
ORD-07698,South,Van,Clear,1293,2022-12-29,No,2023-01-03,2023-01-03
ORD-07699,North,Van,Rain,968,2022-02-08,No,2022-02-12,2022-02-12
ORD-07700,East,Van,Rain,1278,2023-08-29,No,2023-09-03,2023-09-03
ORD-07701,West,Semi-Trailer,Rain,1371,2023-07-18,No,2023-07-23,2023-07-23
ORD-07702,West,Box Truck,Clear,59,2022-10-02,No,2022-10-03,2022-10-03
ORD-07703,East,Box Truck,Snow,1305,2022-04-12,No,2022-04-17,2022-04-21
ORD-07704,East,Van,Clear,1268,2023-02-05,No,2023-02-10,2023-02-10
ORD-07705,East,Van,Clear,593,2022-08-15,No,2022-08-17,2022-08-17
ORD-07706,East,Van,Clear,923,2022-01-15,No,2022-01-19,2022-01-22
ORD-07707,East,Box Truck,Rain,1339,2022-06-26,No,2022-07-01,2022-07-01
ORD-07708,East,Van,Clear,486,2022-03-04,No,2022-03-06,2022-03-06
ORD-07709,West,Semi-Trailer,Clear,497,2023-04-09,No,2023-04-11,2023-04-11
ORD-07710,East,Box Truck,Clear,89,2023-11-05,No,2023-11-06,2023-11-06
ORD-07711,North,Van,Clear,1319,2023-10-16,No,2023-10-21,2023-10-21
ORD-07712,East,Van,Clear,570,2022-05-12,No,2022-05-14,2022-05-14
ORD-07713,East,Box Truck,Clear,1131,2022-09-06,,2022-09-10,2022-09-10
ORD-07714,West,Van,Clear,415,2022-01-22,No,2022-01-24,2022-01-24
ORD-07715,West,Van,Clear,546,2023-07-10,No,2023-07-12,2023-07-12
ORD-07716,East,Van,Snow,264,2022-07-19,No,2022-07-20,2022-07-23
ORD-07717,West,Box Truck,Clear,969,2023-05-24,No,2023-05-28,2023-05-28
ORD-07718,South,Box Truck,Clear,496,2023-12-30,No,2024-01-01,2024-01-01
ORD-07719,West,Van,Clear,1227,2022-11-27,No,2022-12-02,2022-12-02
ORD-07720,West,Van,Rain,525,2023-07-03,No,2023-07-05,2023-07-05
ORD-07721,West,Van,Clear,473,2022-07-20,No,2022-07-22,2022-07-22
ORD-07722,West,Box Truck,Clear,789,2023-07-08,,2023-07-11,2023-07-11
ORD-07723,North,Van,Clear,45,2022-09-20,No,2022-09-21,2022-09-21
ORD-07724,North,Van,Fog,25,2022-01-03,No,2022-01-04,2022-01-06
ORD-07725,North,Semi-Trailer,Clear,928,2023-05-08,No,2023-05-12,2023-05-12
ORD-07726,East,Semi-Trailer,Clear,658,2023-11-19,No,2023-11-22,2023-11-22
ORD-07727,East,Semi-Trailer,Clear,832,2022-03-19,No,2022-03-22,2022-03-24
ORD-07728,South,Semi-Trailer,Clear,82,2023-07-20,No,2023-07-21,2023-07-21
ORD-07729,North,Van,Clear,1353,2022-01-25,No,2022-01-30,2022-01-30
ORD-07730,East,Van,Rain,1278,2022-11-10,No,2022-11-15,2022-11-15
ORD-07731,West,Van,Clear,749,2022-07-13,No,2022-07-16,2022-07-16
ORD-07732,West,Van,Rain,1228,2022-03-23,No,2022-03-28,2022-03-28
ORD-07733,North,Semi-Trailer,Clear,767,2022-05-01,No,2022-05-04,2022-05-04
ORD-07734,South,Box Truck,Clear,915,2022-12-24,No,2022-12-28,2022-12-28
ORD-07735,South,Box Truck,Clear,1028,2023-10-22,,2023-10-26,2023-10-26
ORD-07736,West,Van,Clear,1122,2023-06-23,No,2023-06-27,2023-06-27
ORD-07737,South,Semi-Trailer,Rain,807,2022-06-09,No,2022-06-12,2022-06-15
ORD-07738,North,Semi-Trailer,Clear,1172,2022-05-19,No,2022-05-23,2022-05-23
ORD-07739,West,Van,Rain,1430,2022-10-02,No,2022-10-07,2022-10-10
ORD-07740,East,Semi-Trailer,Snow,962,2022-01-18,No,2022-01-22,2022-01-24
ORD-07741,East,Van,Clear,493,2022-04-02,No,2022-04-04,2022-04-04
ORD-07742,South,Van,Snow,396,2023-02-01,No,2023-02-03,2023-02-07
ORD-07743,West,Box Truck,Clear,1401,2023-05-19,No,2023-05-24,2023-05-24
ORD-07744,West,Box Truck,Clear,467,2022-05-01,Yes,2022-05-03,2022-05-03
ORD-07745,East,Van,Rain,431,2023-03-27,No,2023-03-29,2023-04-01
ORD-07746,West,Van,Clear,241,2022-11-25,No,2022-11-26,2022-11-26
ORD-07747,West,Semi-Trailer,Clear,548,2022-12-30,No,2023-01-01,2023-01-01
ORD-07748,West,Box Truck,Rain,1377,2022-05-22,,2022-05-27,2022-05-27
ORD-07749,South,Box Truck,Fog,729,2023-05-17,No,2023-05-20,2023-05-25
ORD-07750,West,Van,Clear,1171,2023-09-28,No,2023-10-02,2023-10-02
ORD-07751,North,Van,Snow,1407,2023-06-12,No,2023-06-17,2023-06-20
ORD-07752,South,Van,Clear,1470,2023-11-04,No,2023-11-09,2023-11-09
ORD-07753,West,Van,Fog,164,2022-01-17,Yes,2022-01-18,2022-01-24
ORD-07754,West,Van,Clear,528,2022-05-19,No,2022-05-21,2022-05-21
ORD-07755,North,Van,Rain,1148,2023-11-16,No,2023-11-20,2023-11-20
ORD-07756,South,Box Truck,Clear,1125,2023-05-30,No,2023-06-03,2023-06-03
ORD-07757,East,Van,Snow,1379,2023-03-11,No,2023-03-16,2023-03-18
ORD-07758,East,Semi-Trailer,Rain,593,2023-11-20,No,2023-11-22,2023-11-22
ORD-07759,South,Van,Clear,1124,2022-11-14,No,2022-11-18,2022-11-18
ORD-07760,West,Van,Clear,709,2023-02-06,No,2023-02-09,2023-02-09
ORD-07761,West,Van,Snow,1431,2023-08-27,No,2023-09-01,2023-09-06
ORD-07762,East,Van,Rain,114,2022-07-17,No,2022-07-18,2022-07-19
ORD-07763,East,Van,Clear,821,2022-12-31,,2023-01-03,2023-01-03
ORD-07764,East,Semi-Trailer,Clear,975,2023-10-15,Yes,2023-10-19,2023-10-19
ORD-07765,North,Box Truck,Snow,605,2023-10-23,No,2023-10-26,2023-10-29
ORD-07766,East,Van,Clear,1023,2023-03-20,No,2023-03-24,2023-03-24
ORD-07767,North,Van,Clear,549,2023-06-05,No,2023-06-07,2023-06-08
ORD-07768,South,Box Truck,Fog,1312,2022-11-24,No,2022-11-29,2022-12-04
ORD-07769,West,Box Truck,Clear,21,2022-08-01,No,2022-08-02,2022-08-02
ORD-07770,East,Van,Clear,1340,2022-05-12,No,2022-05-17,2022-05-17
ORD-07771,West,Box Truck,Clear,373,2023-02-27,No,2023-03-01,2023-03-04
ORD-07772,West,Semi-Trailer,Snow,671,2022-07-09,Yes,2022-07-12,2022-07-14
ORD-07773,East,Box Truck,Clear,1351,2022-10-26,No,2022-10-31,2022-11-03
ORD-07774,East,Semi-Trailer,Rain,547,2023-02-18,No,2023-02-20,2023-02-21
ORD-07775,South,Semi-Trailer,Snow,1247,2022-04-27,No,2022-05-02,2022-05-05
ORD-07776,North,Semi-Trailer,Clear,323,2022-06-10,No,2022-06-12,2022-06-13
ORD-07777,North,Van,Snow,1488,2023-07-10,No,2023-07-15,2023-07-17
ORD-07778,West,Box Truck,Clear,1432,2023-11-20,No,2023-11-25,2023-11-25
ORD-07779,East,Box Truck,Rain,1255,2023-11-18,No,2023-11-23,2023-11-23
ORD-07780,South,Box Truck,Clear,589,2022-04-03,No,2022-04-05,2022-04-05
ORD-07781,South,Semi-Trailer,Rain,271,2023-06-15,No,2023-06-16,2023-06-16
ORD-07782,South,Van,Clear,505,2023-07-08,No,2023-07-10,2023-07-13
ORD-07783,South,Van,Clear,632,2023-12-19,No,2023-12-22,2023-12-22
ORD-07784,South,Van,Fog,139,2023-04-30,No,2023-05-01,2023-05-05
ORD-07785,North,Van,Clear,1192,2022-11-16,No,2022-11-20,2022-11-20
ORD-07786,North,Van,Snow,801,2022-07-03,No,2022-07-06,2022-07-11
ORD-07787,North,Box Truck,Clear,1324,2023-12-05,No,2023-12-10,2023-12-10
ORD-07788,East,Van,Clear,98,2023-07-23,No,2023-07-24,2023-07-26
ORD-07789,West,Box Truck,Snow,977,2022-05-27,No,2022-05-31,2022-06-06
ORD-07790,South,Box Truck,Clear,1365,2022-12-23,No,2022-12-28,2022-12-30
ORD-07791,East,Van,Snow,639,2022-12-01,No,2022-12-04,2022-12-06
ORD-07792,South,Van,Clear,515,2023-09-18,No,2023-09-20,2023-09-20
ORD-07793,North,Box Truck,Clear,1163,2022-11-26,No,2022-11-30,2022-11-30
ORD-07794,East,Box Truck,Rain,216,2023-08-22,No,2023-08-23,2023-08-23
ORD-07795,North,Semi-Trailer,Clear,1393,2022-05-15,,2022-05-20,2022-05-23
ORD-07796,South,Semi-Trailer,Clear,1092,2023-03-20,No,2023-03-24,2023-03-24
ORD-07797,South,Semi-Trailer,Rain,1129,2022-03-10,No,2022-03-14,2022-03-14
ORD-07798,West,Box Truck,Clear,1279,2022-06-27,No,2022-07-02,2022-07-02
ORD-07799,South,Semi-Trailer,Clear,1492,2023-01-18,No,2023-01-23,2023-01-23
ORD-07800,North,Semi-Trailer,Snow,1178,2022-05-06,No,2022-05-10,2022-05-14
ORD-07801,South,Semi-Trailer,Snow,1343,2022-10-11,No,2022-10-16,2022-10-18
ORD-07802,West,Van,Clear,543,2022-11-22,No,2022-11-24,2022-11-24
ORD-07803,West,Semi-Trailer,Clear,1414,2023-12-30,No,2024-01-04,2024-01-04
ORD-07804,North,Van,Rain,1386,2023-10-16,No,2023-10-21,2023-10-22
ORD-07805,East,Box Truck,Clear,893,2023-08-21,No,2023-08-24,2023-08-24
ORD-07806,South,Van,Clear,960,2022-12-09,No,2022-12-13,2022-12-13
ORD-07807,West,Van,Fog,294,2023-04-10,No,2023-04-11,2023-04-15
ORD-07808,South,Van,Clear,728,2023-04-10,No,2023-04-13,2023-04-16
ORD-07809,South,Van,Clear,511,2022-06-27,No,2022-06-29,2022-07-01
ORD-07810,East,Van,Snow,267,2023-08-31,No,2023-09-01,2023-09-02
ORD-07811,West,Semi-Trailer,Rain,819,2022-12-20,No,2022-12-23,2022-12-23
ORD-07812,South,Van,Snow,61,2023-11-14,No,2023-11-15,2023-11-18
ORD-07813,West,Van,Clear,559,2023-08-04,No,2023-08-06,2023-08-06
ORD-07814,North,Van,Clear,674,2022-06-30,No,2022-07-03,2022-07-03
ORD-07815,North,Box Truck,Snow,1249,2022-11-21,No,2022-11-26,2022-12-01
ORD-07816,South,Van,Clear,1479,2023-04-05,No,2023-04-10,2023-04-10
ORD-07817,West,Van,Rain,1256,2022-11-13,No,2022-11-18,2022-11-19
ORD-07818,South,Van,Clear,664,2023-06-13,No,2023-06-16,2023-06-17
ORD-07819,West,Box Truck,Rain,975,2022-11-10,No,2022-11-14,2022-11-14
ORD-07820,West,Van,Clear,1138,2023-02-12,No,2023-02-16,2023-02-16
ORD-07821,East,Van,Clear,531,2022-01-20,No,2022-01-22,2022-01-22
ORD-07822,East,Van,Clear,978,2022-10-08,No,2022-10-12,2022-10-13
ORD-07823,East,Semi-Trailer,Rain,1010,2023-11-13,No,2023-11-17,2023-11-18
ORD-07824,South,Van,Clear,897,2023-10-26,No,2023-10-29,2023-10-29
ORD-07825,East,Box Truck,Rain,1416,2023-05-19,No,2023-05-24,2023-05-26
ORD-07826,East,Van,Clear,1147,2023-06-27,No,2023-07-01,2023-07-01
ORD-07827,North,Van,Clear,754,2022-08-06,No,2022-08-09,2022-08-09
ORD-07828,West,Van,Rain,1102,2023-02-26,No,2023-03-02,2023-03-02
ORD-07829,West,Van,Clear,1398,2023-09-29,No,2023-10-04,2023-10-04
ORD-07830,East,Van,Clear,1077,2022-08-08,No,2022-08-12,2022-08-12
ORD-07831,West,Van,Clear,220,2023-12-18,No,2023-12-19,2023-12-19
ORD-07832,North,Van,Rain,285,2023-01-19,No,2023-01-20,2023-01-20
ORD-07833,North,Box Truck,Fog,1140,2022-11-23,No,2022-11-27,2022-12-01
ORD-07834,East,Semi-Trailer,Clear,488,2022-08-01,No,2022-08-03,2022-08-03
ORD-07835,North,Van,Clear,214,2022-12-11,No,2022-12-12,2022-12-12
ORD-07836,West,Box Truck,Clear,128,2022-08-05,No,2022-08-06,2022-08-06
ORD-07837,South,Semi-Trailer,Rain,495,2022-01-04,No,2022-01-06,2022-01-06
ORD-07838,West,Semi-Trailer,Clear,118,2023-10-16,No,2023-10-17,2023-10-17
ORD-07839,South,Van,Rain,463,2023-04-05,No,2023-04-07,2023-04-07
ORD-07840,East,Box Truck,Clear,1272,2023-10-13,Yes,2023-10-18,2023-10-18
ORD-07841,South,Van,Snow,1041,2023-02-14,No,2023-02-18,
ORD-07842,North,Box Truck,Clear,521,2023-12-01,No,2023-12-03,2023-12-03
ORD-07843,West,Van,Fog,1076,2022-06-17,No,2022-06-21,2022-06-25
ORD-07844,South,Van,Clear,1427,2023-02-04,No,2023-02-09,2023-02-09
ORD-07845,West,Van,Clear,141,2023-06-08,No,2023-06-09,2023-06-10
ORD-07846,East,Van,Rain,760,2023-11-29,No,2023-12-02,2023-12-05
ORD-07847,East,Box Truck,Rain,403,2023-06-19,No,2023-06-21,2023-06-21
ORD-07848,North,Van,Clear,207,2022-07-19,Yes,2022-07-20,2022-07-21
ORD-07849,East,Box Truck,Fog,1497,2023-08-10,No,2023-08-15,2023-08-16
ORD-07850,South,Van,Clear,1154,2022-10-02,No,2022-10-06,2022-10-06
ORD-07851,East,Van,Clear,1333,2023-05-01,No,2023-05-06,2023-05-06
ORD-07852,North,Box Truck,Clear,229,2023-12-01,Yes,2023-12-02,2023-12-02
ORD-07853,West,Semi-Trailer,Clear,877,2023-08-03,No,2023-08-06,2023-08-06
ORD-07854,West,Van,Rain,103,2022-09-17,No,2022-09-18,2022-09-18
ORD-07855,East,Van,Clear,1325,2023-05-03,No,2023-05-08,2023-05-08
ORD-07856,South,Semi-Trailer,Clear,162,2023-03-17,No,2023-03-18,2023-03-20
ORD-07857,North,Van,Clear,534,2022-09-10,No,2022-09-12,2022-09-12
ORD-07858,South,Semi-Trailer,Clear,728,2023-02-07,No,2023-02-10,2023-02-10
ORD-07859,North,Box Truck,Fog,776,2023-04-26,No,2023-04-29,2023-04-30
ORD-07860,East,Van,Snow,1455,2022-01-07,No,2022-01-12,2022-01-15
ORD-07861,North,Van,Clear,1191,2022-09-03,No,2022-09-07,2022-09-07
ORD-07862,North,Van,Clear,1303,2022-03-01,No,2022-03-06,2022-03-06
ORD-07863,East,Van,Fog,827,2022-04-17,No,2022-04-20,2022-04-23
ORD-07864,South,Semi-Trailer,Clear,266,2022-09-10,No,2022-09-11,2022-09-11
ORD-07865,East,Box Truck,Clear,710,2023-01-02,No,2023-01-05,2023-01-05
ORD-07866,North,Box Truck,Clear,524,2022-03-04,No,2022-03-06,2022-03-06
ORD-07867,East,Box Truck,Clear,1270,2022-01-01,No,2022-01-06,2022-01-06
ORD-07868,North,Van,Snow,454,2023-11-15,No,2023-11-17,2023-11-18
ORD-07869,East,Box Truck,Clear,180,2022-06-09,No,2022-06-10,2022-06-10
ORD-07870,West,Van,Fog,279,2022-01-04,No,2022-01-05,2022-01-06
ORD-07871,West,Box Truck,Clear,610,2023-02-09,No,2023-02-12,2023-02-12
ORD-07872,East,Van,Clear,646,2023-09-22,No,2023-09-25,2023-09-25
ORD-07873,South,Box Truck,Fog,76,2023-06-12,,2023-06-13,2023-06-16
ORD-07874,North,Semi-Trailer,Snow,784,2022-12-19,No,2022-12-22,2022-12-26
ORD-07875,West,Van,Rain,17,2022-01-23,No,2022-01-24,2022-01-24
ORD-07876,South,Van,Clear,1481,2022-01-26,No,2022-01-31,2022-01-31
ORD-07877,North,Box Truck,Rain,144,2022-05-16,No,2022-05-17,2022-05-17
ORD-07878,West,Van,Clear,825,2023-02-05,No,2023-02-08,2023-02-11
ORD-07879,West,Box Truck,Clear,839,2023-12-06,No,2023-12-09,2023-12-11
ORD-07880,East,Semi-Trailer,Rain,34,2023-02-13,No,2023-02-14,2023-02-14
ORD-07881,North,Van,Rain,474,2022-05-11,No,2022-05-13,2022-05-13
ORD-07882,South,Van,Rain,383,2023-08-30,No,2023-09-01,2023-09-01
ORD-07883,South,Box Truck,Rain,205,2023-04-24,No,2023-04-25,2023-04-25
ORD-07884,South,Van,Clear,713,2022-10-16,No,2022-10-19,2022-10-21
ORD-07885,North,Van,Clear,411,2022-08-29,No,2022-08-31,2022-08-31
ORD-07886,South,Semi-Trailer,Rain,131,2023-06-21,No,2023-06-22,2023-06-22
ORD-07887,South,Box Truck,Clear,781,2023-11-06,No,2023-11-09,2023-11-09
ORD-07888,South,Van,Clear,568,2023-01-05,No,2023-01-07,2023-01-07
ORD-07889,East,Van,Clear,1242,2023-05-22,No,2023-05-27,2023-05-27
ORD-07890,East,Box Truck,Clear,1334,2022-01-11,No,2022-01-16,2022-01-16
ORD-07891,North,Box Truck,Fog,963,2022-12-14,No,2022-12-18,2022-12-19
ORD-07892,North,Semi-Trailer,Clear,917,2022-12-21,No,2022-12-25,2022-12-28
ORD-07893,South,Van,Clear,1072,2023-07-28,No,2023-08-01,2023-08-01
ORD-07894,East,Semi-Trailer,Rain,628,2022-08-14,,2022-08-17,2022-08-20
ORD-07895,West,Box Truck,Clear,750,2022-06-03,,2022-06-06,2022-06-07
ORD-07896,West,Box Truck,Fog,956,2023-12-19,No,2023-12-23,2023-12-28
ORD-07897,South,Box Truck,Clear,806,2023-03-26,No,2023-03-29,2023-03-30
ORD-07898,South,Van,Snow,215,2023-09-21,No,2023-09-22,2023-09-27
ORD-07899,East,Semi-Trailer,Clear,592,2023-09-03,No,2023-09-05,2023-09-05
ORD-07900,East,Van,Clear,706,2022-06-20,No,2022-06-23,2022-06-23
ORD-07901,East,Van,Clear,421,2022-08-25,No,2022-08-27,2022-08-27
ORD-07902,North,Semi-Trailer,Clear,1366,2023-10-21,No,2023-10-26,2023-10-26
ORD-07903,North,Box Truck,Snow,217,2022-08-27,No,2022-08-28,2022-09-03
ORD-07904,South,Semi-Trailer,Clear,414,2023-05-06,No,2023-05-08,2023-05-08
ORD-07905,North,Box Truck,Rain,397,2023-08-12,No,2023-08-14,2023-08-14
ORD-07906,East,Van,Clear,1415,2022-06-25,No,2022-06-30,2022-07-03
ORD-07907,East,Semi-Trailer,Snow,876,2022-01-22,No,2022-01-25,2022-01-26
ORD-07908,North,Van,Rain,280,2022-04-25,No,2022-04-26,2022-04-26
ORD-07909,West,Semi-Trailer,Clear,446,2023-12-23,No,2023-12-25,2023-12-25
ORD-07910,South,Van,Clear,867,2023-10-24,No,2023-10-27,2023-10-27
ORD-07911,West,Semi-Trailer,Rain,1463,2022-06-30,No,2022-07-05,2022-07-05
ORD-07912,South,Van,Clear,354,2022-12-30,No,2023-01-01,2023-01-01
ORD-07913,West,Box Truck,Clear,158,2022-10-06,Yes,2022-10-07,2022-10-07
ORD-07914,North,Semi-Trailer,Rain,637,2023-05-30,,2023-06-02,2023-06-05
ORD-07915,South,Van,Fog,1425,2022-06-26,No,2022-07-01,2022-07-03
ORD-07916,South,Box Truck,Snow,196,2022-04-05,No,2022-04-06,2022-04-08
ORD-07917,South,Semi-Trailer,Clear,29,2023-01-02,No,2023-01-03,2023-01-04
ORD-07918,East,Box Truck,Clear,1371,2023-11-14,No,2023-11-19,
ORD-07919,East,Semi-Trailer,Fog,382,2023-08-27,No,2023-08-29,2023-09-01
ORD-07920,West,Van,Clear,988,2022-12-14,No,2022-12-18,2022-12-18
ORD-07921,North,Van,Clear,76,2022-09-13,,2022-09-14,2022-09-15
ORD-07922,East,Van,Fog,1472,2022-10-23,No,2022-10-28,
ORD-07923,South,Van,Clear,1095,2022-05-18,,2022-05-22,2022-05-22
ORD-07924,East,Van,Clear,795,2022-12-13,No,2022-12-16,2022-12-16
ORD-07925,North,Box Truck,Rain,631,2022-04-18,No,2022-04-21,2022-04-21
ORD-07926,East,Van,Clear,94,2022-02-15,No,2022-02-16,2022-02-16
ORD-07927,South,Van,Clear,1439,2023-01-08,No,2023-01-13,2023-01-13
ORD-07928,West,Van,Clear,1428,2022-08-11,No,2022-08-16,2022-08-16
ORD-07929,South,Semi-Trailer,Clear,185,2023-09-30,No,2023-10-01,2023-10-01
ORD-07930,North,Box Truck,Fog,368,2023-02-11,Yes,2023-02-13,2023-02-17
ORD-07931,West,Van,Clear,840,2022-03-20,,2022-03-23,2022-03-23
ORD-07932,East,Semi-Trailer,Clear,300,2023-10-02,No,2023-10-04,2023-10-04
ORD-07933,East,Van,Clear,139,2023-07-22,No,2023-07-23,2023-07-26
ORD-07934,East,Semi-Trailer,Rain,488,2022-01-04,No,2022-01-06,2022-01-07
ORD-07935,West,Box Truck,Rain,657,2022-07-27,No,2022-07-30,2022-08-02
ORD-07936,South,Van,Clear,541,2023-09-16,No,2023-09-18,2023-09-18
ORD-07937,West,Box Truck,Clear,273,2022-07-06,No,2022-07-07,2022-07-07
ORD-07938,West,Box Truck,Rain,968,2023-11-04,No,2023-11-08,2023-11-09
ORD-07939,North,Van,Clear,512,2022-08-28,No,2022-08-30,2022-08-30
ORD-07940,West,Semi-Trailer,Clear,1193,2022-01-10,No,2022-01-14,2022-01-14
ORD-07941,East,Van,Clear,918,2023-10-26,No,2023-10-30,2023-10-30
ORD-07942,South,Van,Clear,1114,2022-02-19,No,2022-02-23,2022-02-23
ORD-07943,South,Van,Fog,1446,2023-08-17,No,2023-08-22,2023-08-26
ORD-07944,South,Van,Snow,484,2023-07-08,No,2023-07-10,2023-07-12
ORD-07945,East,Van,Rain,897,2023-03-12,No,2023-03-15,2023-03-15
ORD-07946,East,Semi-Trailer,Snow,27,2022-10-15,No,2022-10-16,2022-10-18
ORD-07947,East,Van,Rain,1102,2023-10-14,No,2023-10-18,2023-10-18
ORD-07948,East,Van,Fog,917,2022-02-03,No,2022-02-07,2022-02-08
ORD-07949,East,Box Truck,Clear,139,2023-07-17,,2023-07-18,2023-07-18
ORD-07950,West,Semi-Trailer,Clear,947,2022-01-21,No,2022-01-25,2022-01-25
ORD-07951,East,Semi-Trailer,Rain,824,2022-04-26,No,2022-04-29,2022-04-29
ORD-07952,East,Box Truck,Clear,1343,2023-07-06,No,2023-07-11,2023-07-11
ORD-07953,East,Semi-Trailer,Clear,24,2023-01-29,No,2023-01-30,2023-01-30
ORD-07954,East,Box Truck,Clear,1219,2023-03-09,No,2023-03-14,2023-03-14
ORD-07955,South,Semi-Trailer,Clear,1450,2022-08-19,No,2022-08-24,2022-08-24
ORD-07956,East,Box Truck,Clear,1016,2022-09-16,No,2022-09-20,2022-09-22
ORD-07957,West,Van,Clear,716,2022-03-31,No,2022-04-03,2022-04-05
ORD-07958,West,Van,Clear,712,2023-11-20,,2023-11-23,2023-11-26
ORD-07959,West,Box Truck,Snow,755,2022-12-22,No,2022-12-25,2022-12-27
ORD-07960,North,Van,Rain,441,2022-02-12,No,2022-02-14,2022-02-14
ORD-07961,South,Van,Snow,1099,2022-01-22,No,2022-01-26,2022-01-29
ORD-07962,East,Box Truck,Snow,1114,2023-05-30,No,2023-06-03,2023-06-04
ORD-07963,North,Semi-Trailer,Clear,45,2022-08-26,No,2022-08-27,2022-08-27
ORD-07964,East,Van,Clear,756,2022-02-15,No,2022-02-18,
ORD-07965,North,Box Truck,Clear,26,2022-06-30,No,2022-07-01,2022-07-01
ORD-07966,North,Box Truck,Fog,523,2022-03-21,No,2022-03-23,2022-03-27
ORD-07967,West,Semi-Trailer,Clear,42,2022-01-18,No,2022-01-19,2022-01-19
ORD-07968,West,Semi-Trailer,Rain,358,2022-10-13,No,2022-10-15,2022-10-18
ORD-07969,North,Box Truck,Clear,1413,2023-02-19,Yes,2023-02-24,2023-02-24
ORD-07970,West,Box Truck,Fog,517,2022-01-10,No,2022-01-12,2022-01-15
ORD-07971,North,Van,Clear,655,2023-10-02,No,2023-10-05,2023-10-05
ORD-07972,South,Box Truck,Snow,948,2022-11-18,No,2022-11-22,2022-11-24
ORD-07973,West,Box Truck,Clear,865,2022-01-01,No,2022-01-04,2022-01-04
ORD-07974,West,Semi-Trailer,Clear,1300,2023-08-26,Yes,2023-08-31,2023-09-01
ORD-07975,West,Box Truck,Clear,526,2022-02-11,No,2022-02-13,2022-02-16
ORD-07976,South,Van,Fog,807,2022-02-04,No,2022-02-07,2022-02-10
ORD-07977,North,Box Truck,Clear,494,2022-05-18,No,2022-05-20,2022-05-20
ORD-07978,East,Van,Fog,1380,2023-12-10,,2023-12-15,2023-12-17
ORD-07979,West,Van,Rain,673,2022-04-18,No,2022-04-21,2022-04-22
ORD-07980,North,Van,Rain,452,2023-10-25,No,2023-10-27,2023-10-27
ORD-07981,South,Van,Clear,387,2023-04-06,No,2023-04-08,2023-04-08
ORD-07982,East,Semi-Trailer,Clear,1023,2023-10-03,,2023-10-07,2023-10-07
ORD-07983,West,Van,Clear,972,2023-05-09,No,2023-05-13,2023-05-13
ORD-07984,South,Van,Fog,582,2023-10-19,No,2023-10-21,2023-10-25
ORD-07985,South,Semi-Trailer,Fog,367,2023-05-23,No,2023-05-25,2023-05-28
ORD-07986,East,Van,Rain,547,2022-03-05,No,2022-03-07,2022-03-07
ORD-07987,North,Van,Clear,630,2022-01-25,,2022-01-28,2022-01-28
ORD-07988,West,Van,Clear,1243,2022-10-15,No,2022-10-20,2022-10-20
ORD-07989,West,Van,Fog,815,2022-01-10,No,2022-01-13,2022-01-15
ORD-07990,North,Van,Clear,1075,2022-12-27,No,2022-12-31,2022-12-31
ORD-07991,North,Van,Snow,825,2023-06-02,Yes,2023-06-05,2023-06-09
ORD-07992,North,Box Truck,Clear,22,2023-02-12,No,2023-02-13,
ORD-07993,East,Van,Clear,833,2023-11-21,No,2023-11-24,2023-11-24
ORD-07994,East,Van,Snow,498,2022-01-11,No,2022-01-13,2022-01-18
ORD-07995,West,Semi-Trailer,Clear,1220,2022-07-02,,2022-07-07,2022-07-07
ORD-07996,East,Van,Clear,1096,2023-02-14,No,2023-02-18,2023-02-18
ORD-07997,South,Semi-Trailer,Fog,1369,2023-05-28,No,2023-06-02,2023-06-04
ORD-07998,West,Van,Rain,564,2022-03-14,No,2022-03-16,2022-03-16
ORD-07999,East,Van,Rain,754,2023-12-30,No,2024-01-02,2024-01-02
ORD-08000,North,Box Truck,Rain,84,2023-02-08,No,2023-02-09,2023-02-09
ORD-08001,South,Van,Clear,774,2023-09-04,,2023-09-07,2023-09-07
ORD-08002,North,Van,Clear,834,2022-11-21,No,2022-11-24,2022-11-24
ORD-08003,West,Box Truck,Clear,1182,2022-02-16,No,2022-02-20,2022-02-21
ORD-08004,North,Van,Clear,216,2022-01-03,Yes,2022-01-04,2022-01-04
ORD-08005,East,Box Truck,Clear,702,2023-01-29,No,2023-02-01,2023-02-01
ORD-08006,East,Semi-Trailer,Rain,1274,2022-04-15,No,2022-04-20,2022-04-20
ORD-08007,West,Van,Clear,685,2022-05-04,No,2022-05-07,2022-05-10
ORD-08008,North,Box Truck,Rain,584,2022-07-18,No,2022-07-20,2022-07-20
ORD-08009,West,Box Truck,Clear,903,2023-08-28,No,2023-09-01,2023-09-04
ORD-08010,North,Semi-Trailer,Clear,1268,2022-04-28,No,2022-05-03,2022-05-03
ORD-08011,South,Semi-Trailer,Clear,134,2023-05-03,No,2023-05-04,2023-05-04
ORD-08012,East,Semi-Trailer,Snow,266,2022-02-01,No,2022-02-02,2022-02-04
ORD-08013,West,Van,Clear,1125,2022-12-12,No,2022-12-16,2022-12-16
ORD-08014,South,Box Truck,Clear,746,2022-10-18,No,2022-10-21,2022-10-21
ORD-08015,South,Van,Rain,1240,2023-05-05,No,2023-05-10,2023-05-13
ORD-08016,West,Van,Clear,1450,2022-05-14,No,2022-05-19,2022-05-19
ORD-08017,West,Semi-Trailer,Clear,297,2022-04-23,No,2022-04-24,2022-04-24
ORD-08018,South,Van,Fog,1248,2023-05-05,No,2023-05-10,2023-05-13
ORD-08019,North,Semi-Trailer,Clear,647,2023-05-07,No,2023-05-10,2023-05-11
ORD-08020,South,Van,Clear,776,2022-02-04,No,2022-02-07,2022-02-07
ORD-08021,West,Semi-Trailer,Rain,521,2022-03-30,No,2022-04-01,2022-04-01
ORD-08022,South,Van,Clear,582,2022-12-29,No,2022-12-31,2022-12-31
ORD-08023,North,Van,Clear,377,2023-07-27,No,2023-07-29,2023-07-29
ORD-08024,East,Van,Clear,1434,2023-07-09,No,2023-07-14,2023-07-15
ORD-08025,East,Box Truck,Clear,1234,2022-02-28,No,2022-03-05,2022-03-05
ORD-08026,South,Van,Clear,294,2023-08-16,No,2023-08-17,2023-08-17
ORD-08027,North,Box Truck,Clear,72,2022-03-27,No,2022-03-28,2022-03-29
ORD-08028,East,Van,Clear,655,2023-10-07,No,2023-10-10,2023-10-10
ORD-08029,South,Van,Clear,760,2022-05-22,No,2022-05-25,2022-05-25
ORD-08030,South,Van,Snow,773,2023-10-10,No,2023-10-13,2023-10-17
ORD-08031,North,Van,Rain,370,2023-07-15,No,2023-07-17,2023-07-17
ORD-08032,West,Semi-Trailer,Snow,1220,2023-06-04,No,2023-06-09,2023-06-12
ORD-08033,South,Semi-Trailer,Clear,380,2023-09-01,No,2023-09-03,2023-09-03
ORD-08034,West,Van,Clear,1054,2022-08-16,No,2022-08-20,2022-08-20
ORD-08035,West,Box Truck,Clear,950,2022-04-05,No,2022-04-09,2022-04-09
ORD-08036,East,Box Truck,Snow,950,2022-09-18,No,2022-09-22,2022-09-23
ORD-08037,West,Van,Clear,864,2022-01-01,No,2022-01-04,2022-01-05
ORD-08038,North,Van,Clear,812,2023-04-25,No,2023-04-28,2023-04-28
ORD-08039,East,Box Truck,Clear,1341,2023-02-23,No,2023-02-28,2023-02-28
ORD-08040,East,Van,Clear,55,2022-11-06,No,2022-11-07,2022-11-07
ORD-08041,East,Van,Clear,203,2023-02-17,No,2023-02-18,2023-02-18
ORD-08042,South,Van,Clear,1090,2023-04-09,No,2023-04-13,2023-04-13
ORD-08043,South,Box Truck,Clear,1490,2022-09-23,No,2022-09-28,2022-09-28
ORD-08044,West,Van,Rain,342,2023-01-04,No,2023-01-06,2023-01-06
ORD-08045,East,Van,Clear,756,2023-06-30,No,2023-07-03,2023-07-03
ORD-08046,East,Van,Rain,875,2023-08-17,No,2023-08-20,2023-08-20
ORD-08047,North,Van,Clear,1049,2022-01-30,No,2022-02-03,2022-02-03
ORD-08048,West,Van,Clear,654,2023-12-08,No,2023-12-11,2023-12-11
ORD-08049,North,Semi-Trailer,Clear,753,2022-02-03,No,2022-02-06,2022-02-06
ORD-08050,West,Van,Clear,159,2023-08-26,Yes,2023-08-27,2023-08-28
ORD-08051,West,Box Truck,Clear,1015,2022-12-25,No,2022-12-29,2022-12-29
ORD-08052,South,Van,Clear,811,2022-11-08,No,2022-11-11,2022-11-11
ORD-08053,South,Box Truck,Clear,891,2023-12-01,,2023-12-04,2023-12-04
ORD-08054,North,Box Truck,Clear,835,2022-04-05,,2022-04-08,2022-04-08
ORD-08055,West,Van,Clear,1246,2023-01-11,,2023-01-16,2023-01-16
ORD-08056,East,Semi-Trailer,Clear,400,2022-10-14,No,2022-10-16,2022-10-16
ORD-08057,South,Van,Clear,290,2022-10-22,No,2022-10-23,2022-10-23
ORD-08058,East,Semi-Trailer,Clear,548,2023-05-05,No,2023-05-07,2023-05-07
ORD-08059,North,Van,Fog,351,2022-10-13,No,2022-10-15,2022-10-18
ORD-08060,South,Semi-Trailer,Clear,683,2023-01-01,No,2023-01-04,2023-01-04
ORD-08061,South,Box Truck,Clear,1370,2023-12-26,No,2023-12-31,2023-12-31
ORD-08062,West,Semi-Trailer,Rain,1028,2022-06-06,No,2022-06-10,2022-06-10
ORD-08063,North,Box Truck,Rain,1108,2022-02-22,No,2022-02-26,2022-02-26
ORD-08064,West,Van,Fog,102,2022-02-20,No,2022-02-21,2022-02-28
ORD-08065,South,Box Truck,Snow,1029,2023-03-17,No,2023-03-21,2023-03-27
ORD-08066,North,Semi-Trailer,Rain,124,2023-07-07,No,2023-07-08,2023-07-08
ORD-08067,South,Semi-Trailer,Fog,1454,2023-08-14,No,2023-08-19,2023-08-21
ORD-08068,North,Van,Clear,122,2023-08-05,No,2023-08-06,2023-08-06
ORD-08069,South,Box Truck,Rain,1401,2022-11-17,No,2022-11-22,2022-11-22
ORD-08070,East,Van,Snow,1093,2022-11-10,,2022-11-14,
ORD-08071,East,Box Truck,Rain,1315,2023-09-29,No,2023-10-04,2023-10-07
ORD-08072,West,Van,Fog,246,2022-10-28,No,2022-10-29,2022-11-02
ORD-08073,East,Van,Clear,647,2022-07-15,No,2022-07-18,2022-07-18
ORD-08074,South,Semi-Trailer,Clear,1078,2022-06-11,,2022-06-15,2022-06-15
ORD-08075,South,Van,Fog,1230,2023-01-12,No,2023-01-17,2023-01-20
ORD-08076,East,Box Truck,Clear,733,2022-12-26,No,2022-12-29,2022-12-29
ORD-08077,West,Box Truck,Rain,508,2022-02-16,No,2022-02-18,2022-02-18
ORD-08078,East,Van,Clear,458,2023-04-29,No,2023-05-01,2023-05-02
ORD-08079,North,Van,Rain,204,2023-08-24,,2023-08-25,2023-08-25
ORD-08080,North,Box Truck,Fog,1228,2023-03-09,No,2023-03-14,2023-03-16
ORD-08081,North,Van,Clear,584,2022-02-01,No,2022-02-03,2022-02-03
ORD-08082,East,Semi-Trailer,Clear,591,2023-09-20,No,2023-09-22,2023-09-22
ORD-08083,East,Semi-Trailer,Clear,319,2023-07-30,No,2023-08-01,2023-08-01
ORD-08084,East,Van,Snow,600,2023-05-28,No,2023-05-31,2023-06-03
ORD-08085,North,Van,Rain,557,2023-06-24,No,2023-06-26,2023-06-26
ORD-08086,West,Van,Clear,398,2023-03-22,No,2023-03-24,2023-03-24
ORD-08087,South,Box Truck,Clear,1468,2023-04-08,,2023-04-13,2023-04-16
ORD-08088,East,Van,Snow,809,2022-09-23,No,2022-09-26,2022-09-28
ORD-08089,West,Van,Snow,670,2022-07-15,No,2022-07-18,2022-07-21
ORD-08090,South,Box Truck,Clear,794,2023-11-15,No,2023-11-18,2023-11-20
ORD-08091,South,Semi-Trailer,Clear,1234,2022-07-15,No,2022-07-20,2022-07-20
ORD-08092,South,Van,Rain,543,2023-11-22,No,2023-11-24,2023-11-24
ORD-08093,West,Van,Clear,306,2022-11-02,No,2022-11-04,2022-11-04
ORD-08094,West,Semi-Trailer,Fog,836,2023-01-12,No,2023-01-15,2023-01-18
ORD-08095,North,Box Truck,Clear,736,2023-04-06,No,2023-04-09,2023-04-10
ORD-08096,West,Box Truck,Rain,340,2023-07-28,No,2023-07-30,2023-07-30
ORD-08097,West,Box Truck,Clear,643,2022-12-03,No,2022-12-06,2022-12-06
ORD-08098,West,Semi-Trailer,Fog,864,2022-03-05,No,2022-03-08,2022-03-10
ORD-08099,South,Box Truck,Clear,1294,2022-04-02,No,2022-04-07,2022-04-08
ORD-08100,East,Semi-Trailer,Clear,1088,2023-04-09,No,2023-04-13,2023-04-13
ORD-08101,North,Box Truck,Clear,1315,2023-12-20,No,2023-12-25,
ORD-08102,East,Box Truck,Snow,781,2022-04-28,No,2022-05-01,2022-05-04
ORD-08103,East,Van,Clear,884,2023-10-11,Yes,2023-10-14,
ORD-08104,West,Van,Clear,751,2022-12-01,No,2022-12-04,2022-12-05
ORD-08105,North,Box Truck,Clear,647,2022-07-13,No,2022-07-16,
ORD-08106,East,Van,Clear,451,2023-09-26,No,2023-09-28,2023-09-29
ORD-08107,East,Box Truck,Clear,1292,2023-04-26,No,2023-05-01,2023-05-01
ORD-08108,North,Van,Clear,902,2022-10-04,No,2022-10-08,2022-10-08
ORD-08109,West,Semi-Trailer,Rain,155,2022-11-22,No,2022-11-23,
ORD-08110,East,Van,Rain,400,2022-09-10,No,2022-09-12,2022-09-12
ORD-08111,South,Semi-Trailer,Snow,382,2022-07-09,No,2022-07-11,2022-07-17
ORD-08112,East,Box Truck,Fog,1078,2022-05-24,Yes,2022-05-28,2022-05-29
ORD-08113,South,Van,Clear,1430,2023-05-28,No,2023-06-02,2023-06-03
ORD-08114,West,Box Truck,Rain,271,2022-07-13,No,2022-07-14,2022-07-15
ORD-08115,East,Van,Clear,940,2022-05-23,No,2022-05-27,2022-05-30
ORD-08116,North,Van,Clear,755,2023-03-20,No,2023-03-23,2023-03-23
ORD-08117,North,Van,Clear,574,2022-12-26,No,2022-12-28,2022-12-31
ORD-08118,East,Van,Clear,525,2022-10-25,No,2022-10-27,2022-10-27
ORD-08119,West,Semi-Trailer,Clear,694,2022-02-17,No,2022-02-20,2022-02-20
ORD-08120,West,Van,Clear,495,2022-11-14,No,2022-11-16,2022-11-16
ORD-08121,North,Box Truck,Rain,843,2022-10-09,No,2022-10-12,2022-10-12
ORD-08122,East,Van,Clear,475,2023-07-10,No,2023-07-12,
ORD-08123,West,Box Truck,Clear,475,2023-03-19,No,2023-03-21,2023-03-21
ORD-08124,North,Van,Clear,31,2023-06-03,No,2023-06-04,2023-06-07
ORD-08125,South,Box Truck,Clear,405,2022-04-13,No,2022-04-15,2022-04-15
ORD-08126,East,Box Truck,Clear,1242,2023-11-22,No,2023-11-27,2023-11-28
ORD-08127,South,Box Truck,Clear,154,2022-04-19,No,2022-04-20,2022-04-20
ORD-08128,South,Van,Clear,429,2022-02-09,No,2022-02-11,2022-02-11
ORD-08129,West,Box Truck,Rain,1382,2023-06-29,No,2023-07-04,2023-07-06
ORD-08130,West,Van,Rain,314,2022-07-12,No,2022-07-14,2022-07-14
ORD-08131,West,Van,Clear,1010,2022-07-01,No,2022-07-05,2022-07-05
ORD-08132,East,Van,Clear,53,2022-12-23,No,2022-12-24,2022-12-24
ORD-08133,South,Van,Snow,116,2022-07-30,No,2022-07-31,2022-08-04
ORD-08134,East,Van,Clear,159,2022-01-27,No,2022-01-28,2022-01-29
ORD-08135,West,Box Truck,Clear,1297,2023-12-16,No,2023-12-21,2023-12-21
ORD-08136,South,Van,Clear,119,2022-03-16,No,2022-03-17,2022-03-17
ORD-08137,East,Van,Rain,1051,2023-02-13,No,2023-02-17,2023-02-18
ORD-08138,East,Van,Clear,759,2023-10-01,No,2023-10-04,2023-10-04
ORD-08139,North,Box Truck,Rain,1369,2022-02-25,No,2022-03-02,2022-03-03
ORD-08140,East,Box Truck,Clear,248,2023-10-16,No,2023-10-17,2023-10-17
ORD-08141,West,Van,Clear,733,2022-04-10,No,2022-04-13,2022-04-13
ORD-08142,East,Box Truck,Clear,752,2023-09-08,No,2023-09-11,2023-09-11
ORD-08143,South,Box Truck,Rain,337,2022-11-23,No,2022-11-25,2022-11-25
ORD-08144,East,Van,Snow,871,2022-12-08,No,2022-12-11,2022-12-13
ORD-08145,North,Box Truck,Clear,1327,2023-02-22,No,2023-02-27,2023-02-27
ORD-08146,South,Box Truck,Clear,1446,2022-10-29,No,2022-11-03,2022-11-06
ORD-08147,South,Box Truck,Clear,470,2022-11-11,No,2022-11-13,2022-11-13
ORD-08148,North,Van,Clear,1114,2023-11-12,No,2023-11-16,2023-11-17
ORD-08149,West,Van,Clear,1288,2023-09-24,No,2023-09-29,2023-09-29
ORD-08150,South,Van,Clear,753,2023-05-16,No,2023-05-19,2023-05-22
ORD-08151,West,Box Truck,Fog,372,2023-12-02,No,2023-12-04,2023-12-05
ORD-08152,South,Semi-Trailer,Clear,1490,2022-12-27,No,2023-01-01,2023-01-02
ORD-08153,South,Van,Clear,907,2023-08-17,No,2023-08-21,2023-08-21
ORD-08154,West,Van,Clear,452,2023-05-18,No,2023-05-20,2023-05-21
ORD-08155,South,Box Truck,Clear,895,2022-07-08,No,2022-07-11,2022-07-11
ORD-08156,West,Semi-Trailer,Clear,993,2023-01-09,No,2023-01-13,2023-01-13
ORD-08157,North,Semi-Trailer,Rain,1271,2022-08-23,Yes,2022-08-28,2022-08-29
ORD-08158,West,Box Truck,Clear,270,2022-03-03,No,2022-03-04,2022-03-04
ORD-08159,North,Semi-Trailer,Fog,1306,2023-05-19,No,2023-05-24,2023-05-26
ORD-08160,South,Van,Clear,289,2023-05-02,No,2023-05-03,
ORD-08161,West,Van,Clear,935,2023-08-31,No,2023-09-04,2023-09-04
ORD-08162,South,Van,Clear,955,2023-03-24,No,2023-03-28,2023-03-31
ORD-08163,West,Box Truck,Rain,1183,2023-07-08,No,2023-07-12,2023-07-12
ORD-08164,North,Van,Clear,161,2022-10-22,No,2022-10-23,2022-10-23
ORD-08165,North,Van,Clear,803,2022-12-25,No,2022-12-28,2022-12-28
ORD-08166,West,Van,Clear,1045,2022-05-27,No,2022-05-31,2022-05-31
ORD-08167,North,Van,Fog,23,2022-05-11,No,2022-05-12,2022-05-15
ORD-08168,South,Semi-Trailer,Clear,960,2023-12-11,No,2023-12-15,2023-12-16
ORD-08169,South,Van,Clear,876,2022-05-12,No,2022-05-15,2022-05-15
ORD-08170,East,Van,Clear,454,2023-09-26,No,2023-09-28,2023-09-28
ORD-08171,North,Box Truck,Clear,1351,2022-03-26,No,2022-03-31,2022-03-31
ORD-08172,South,Van,Clear,808,2023-12-05,No,2023-12-08,2023-12-11
ORD-08173,West,Box Truck,Clear,741,2023-08-27,No,2023-08-30,2023-08-30
ORD-08174,North,Semi-Trailer,Rain,247,2022-07-22,No,2022-07-23,2022-07-23
ORD-08175,South,Semi-Trailer,Clear,548,2023-09-13,No,2023-09-15,2023-09-18
ORD-08176,North,Semi-Trailer,Rain,778,2022-04-01,No,2022-04-04,2022-04-04
ORD-08177,West,Van,Rain,818,2023-09-19,No,2023-09-22,2023-09-22
ORD-08178,South,Box Truck,Clear,771,2023-06-19,No,2023-06-22,2023-06-22
ORD-08179,East,Van,Clear,83,2023-11-14,No,2023-11-15,2023-11-15
ORD-08180,East,Van,Rain,1467,2022-03-18,No,2022-03-23,2022-03-25
ORD-08181,North,Van,Rain,1331,2022-05-13,No,2022-05-18,2022-05-18
ORD-08182,West,Van,Rain,305,2023-06-06,No,2023-06-08,2023-06-08
ORD-08183,South,Semi-Trailer,Rain,23,2022-07-11,No,2022-07-12,2022-07-12
ORD-08184,West,Van,Clear,621,2023-10-17,No,2023-10-20,2023-10-20
ORD-08185,South,Box Truck,Rain,404,2022-10-26,No,2022-10-28,2022-10-28
ORD-08186,North,Van,Clear,200,2023-02-01,No,2023-02-02,2023-02-02
ORD-08187,South,Van,Clear,826,2022-09-10,No,2022-09-13,2022-09-13
ORD-08188,West,Semi-Trailer,Clear,1454,2022-03-19,No,2022-03-24,2022-03-27
ORD-08189,West,Van,Snow,115,2023-08-20,No,2023-08-21,2023-08-24
ORD-08190,North,Box Truck,Clear,1427,2023-12-10,No,2023-12-15,2023-12-15
ORD-08191,West,Van,Rain,1471,2023-08-15,No,2023-08-20,2023-08-20
ORD-08192,South,Van,Rain,16,2022-01-22,No,2022-01-23,2022-01-23
ORD-08193,North,Van,Snow,1114,2023-05-15,No,2023-05-19,2023-05-21
ORD-08194,South,Semi-Trailer,Rain,774,2022-07-18,No,2022-07-21,2022-07-21
ORD-08195,West,Van,Clear,661,2022-03-30,No,2022-04-02,2022-04-04
ORD-08196,North,Van,Snow,494,2023-07-07,No,2023-07-09,
ORD-08197,South,Van,Rain,1390,2023-11-23,No,2023-11-28,2023-11-30
ORD-08198,West,Box Truck,Rain,1344,2023-08-18,No,2023-08-23,2023-08-23
ORD-08199,West,Box Truck,Fog,941,2023-03-30,No,2023-04-03,2023-04-06
ORD-08200,East,Box Truck,Clear,515,2023-03-18,No,2023-03-20,2023-03-20
ORD-08201,West,Van,Clear,528,2022-11-25,No,2022-11-27,2022-11-30
ORD-08202,South,Semi-Trailer,Clear,811,2022-05-14,No,2022-05-17,2022-05-17
ORD-08203,North,Box Truck,Rain,458,2022-12-21,No,2022-12-23,2022-12-23
ORD-08204,East,Semi-Trailer,Clear,294,2022-10-09,No,2022-10-10,
ORD-08205,West,Semi-Trailer,Rain,1315,2023-12-10,No,2023-12-15,2023-12-15
ORD-08206,West,Box Truck,Clear,83,2023-05-02,No,2023-05-03,2023-05-05
ORD-08207,West,Van,Rain,54,2023-12-19,No,2023-12-20,2023-12-20
ORD-08208,South,Semi-Trailer,Snow,754,2022-08-29,,2022-09-01,2022-09-03
ORD-08209,East,Semi-Trailer,Clear,685,2023-03-18,,2023-03-21,
ORD-08210,South,Van,Rain,1490,2023-05-02,No,2023-05-07,2023-05-07
ORD-08211,East,Van,Rain,584,2023-09-13,No,2023-09-15,2023-09-15
ORD-08212,North,Semi-Trailer,Clear,1440,2023-11-06,,2023-11-11,2023-11-11
ORD-08213,South,Van,Clear,102,2022-09-18,No,2022-09-19,2022-09-19
ORD-08214,South,Semi-Trailer,Clear,331,2022-09-06,No,2022-09-08,2022-09-08
ORD-08215,North,Van,Rain,475,2022-11-11,No,2022-11-13,2022-11-14
ORD-08216,East,Van,Clear,613,2023-08-16,No,2023-08-19,2023-08-19
ORD-08217,West,Van,Clear,894,2023-12-24,Yes,2023-12-27,2023-12-27
ORD-08218,North,Van,Clear,1016,2022-09-14,No,2022-09-18,2022-09-18
ORD-08219,West,Van,Clear,563,2022-04-20,No,2022-04-22,2022-04-22
ORD-08220,West,Van,Rain,762,2023-09-13,No,2023-09-16,2023-09-16
ORD-08221,North,Box Truck,Rain,336,2022-01-20,No,2022-01-22,2022-01-22
ORD-08222,East,Semi-Trailer,Clear,737,2023-03-28,No,2023-03-31,2023-03-31
ORD-08223,West,Van,Rain,600,2022-09-06,No,2022-09-09,2022-09-09
ORD-08224,North,Box Truck,Rain,1448,2022-09-26,No,2022-10-01,2022-10-01
ORD-08225,South,Box Truck,Clear,860,2022-02-22,No,2022-02-25,2022-02-25
ORD-08226,South,Box Truck,Clear,449,2022-02-19,No,2022-02-21,2022-02-22
ORD-08227,South,Box Truck,Snow,723,2023-05-08,No,2023-05-11,2023-05-12
ORD-08228,North,Van,Rain,441,2022-03-07,,2022-03-09,2022-03-12
ORD-08229,South,Van,Rain,957,2022-10-20,No,2022-10-24,2022-10-24
ORD-08230,West,Van,Clear,337,2023-05-09,Yes,2023-05-11,2023-05-11
ORD-08231,South,Van,Snow,1290,2023-04-06,No,2023-04-11,2023-04-14
ORD-08232,South,Box Truck,Clear,870,2023-09-29,No,2023-10-02,2023-10-02
ORD-08233,West,Van,Snow,1107,2023-11-19,No,2023-11-23,2023-11-26
ORD-08234,South,Semi-Trailer,Fog,1267,2023-03-21,No,2023-03-26,2023-03-28
ORD-08235,West,Semi-Trailer,Fog,1291,2022-04-12,No,2022-04-17,2022-04-21
ORD-08236,South,Semi-Trailer,Snow,238,2023-12-10,No,2023-12-11,2023-12-14
ORD-08237,West,Semi-Trailer,Clear,1278,2023-08-29,No,2023-09-03,
ORD-08238,South,Van,Snow,1460,2022-06-11,No,2022-06-16,2022-06-19
ORD-08239,West,Box Truck,Clear,1489,2022-10-13,No,2022-10-18,
ORD-08240,North,Van,Snow,753,2022-07-28,No,2022-07-31,2022-08-02
ORD-08241,West,Semi-Trailer,Clear,1011,2023-01-23,No,2023-01-27,2023-01-28
ORD-08242,South,Semi-Trailer,Rain,820,2023-08-24,No,2023-08-27,2023-08-29
ORD-08243,South,Semi-Trailer,Clear,183,2023-11-08,No,2023-11-09,2023-11-09
ORD-08244,East,Van,Rain,1108,2022-09-08,No,2022-09-12,2022-09-15
ORD-08245,West,Box Truck,Clear,1132,2022-12-23,No,2022-12-27,2022-12-27
ORD-08246,North,Van,Clear,522,2022-04-03,Yes,2022-04-05,2022-04-07
ORD-08247,West,Van,Snow,1157,2022-01-19,No,2022-01-23,2022-01-26
ORD-08248,West,Box Truck,Rain,1150,2023-02-14,No,2023-02-18,2023-02-18
ORD-08249,North,Van,Clear,1376,2023-04-22,No,2023-04-27,2023-04-27
ORD-08250,West,Semi-Trailer,Clear,1266,2023-03-08,No,2023-03-13,2023-03-13
ORD-08251,North,Van,Clear,138,2023-01-21,No,2023-01-22,2023-01-22
ORD-08252,North,Semi-Trailer,Rain,383,2023-10-31,No,2023-11-02,2023-11-02
ORD-08253,West,Van,Fog,245,2022-09-10,No,2022-09-11,2022-09-15
ORD-08254,West,Semi-Trailer,Rain,751,2022-02-27,No,2022-03-02,2022-03-02
ORD-08255,South,Semi-Trailer,Clear,199,2022-06-10,No,2022-06-11,2022-06-12
ORD-08256,South,Semi-Trailer,Clear,177,2022-02-04,No,2022-02-05,2022-02-05
ORD-08257,East,Van,Fog,300,2023-08-19,No,2023-08-21,2023-08-26
ORD-08258,East,Semi-Trailer,Clear,1374,2022-10-12,No,2022-10-17,2022-10-17
ORD-08259,West,Van,Clear,1428,2023-05-27,No,2023-06-01,2023-06-01
ORD-08260,North,Van,Clear,148,2022-07-31,No,2022-08-01,2022-08-01
ORD-08261,East,Van,Rain,1224,2023-04-27,No,2023-05-02,2023-05-02
ORD-08262,West,Semi-Trailer,Snow,577,2022-02-21,No,2022-02-23,2022-02-27
ORD-08263,East,Van,Clear,1084,2023-02-27,No,2023-03-03,2023-03-06
ORD-08264,North,Semi-Trailer,Rain,1000,2022-01-15,,2022-01-19,2022-01-19
ORD-08265,West,Box Truck,Clear,307,2022-02-26,Yes,2022-02-28,2022-02-28
ORD-08266,North,Van,Clear,1105,2022-03-04,Yes,2022-03-08,2022-03-11
ORD-08267,West,Semi-Trailer,Clear,265,2022-08-22,No,2022-08-23,2022-08-23
ORD-08268,East,Van,Clear,318,2022-05-24,No,2022-05-26,2022-05-26
ORD-08269,South,Semi-Trailer,Clear,100,2023-04-12,No,2023-04-13,2023-04-13
ORD-08270,East,Van,Snow,158,2022-10-06,No,2022-10-07,2022-10-09
ORD-08271,East,Box Truck,Clear,1063,2023-03-31,No,2023-04-04,2023-04-04
ORD-08272,South,Van,Clear,471,2023-05-24,No,2023-05-26,2023-05-26
ORD-08273,South,Van,Clear,644,2023-12-07,No,2023-12-10,2023-12-10
ORD-08274,West,Van,Clear,1418,2022-08-29,No,2022-09-03,2022-09-03
ORD-08275,West,Van,Clear,646,2022-02-19,No,2022-02-22,2022-02-22
ORD-08276,North,Van,Clear,655,2023-05-01,No,2023-05-04,2023-05-04
ORD-08277,North,Van,Rain,527,2022-11-12,No,2022-11-14,2022-11-14
ORD-08278,East,Van,Fog,1406,2023-06-25,No,2023-06-30,2023-07-05
ORD-08279,South,Box Truck,Rain,1230,2023-04-28,No,2023-05-03,2023-05-03
ORD-08280,North,Box Truck,Clear,199,2023-08-19,No,2023-08-20,2023-08-20
ORD-08281,East,Semi-Trailer,Fog,88,2022-08-24,No,2022-08-25,2022-08-26
ORD-08282,South,Box Truck,Clear,825,2022-01-18,No,2022-01-21,2022-01-21
ORD-08283,West,Box Truck,Clear,81,2023-09-15,No,2023-09-16,2023-09-16
ORD-08284,East,Box Truck,Clear,52,2022-01-22,No,2022-01-23,2022-01-23
ORD-08285,West,Van,Clear,812,2022-03-28,No,2022-03-31,2022-04-01
ORD-08286,North,Box Truck,Snow,1166,2022-04-23,No,2022-04-27,2022-04-28
ORD-08287,North,Van,Clear,1139,2022-02-06,No,2022-02-10,2022-02-10
ORD-08288,South,Semi-Trailer,Clear,366,2022-01-01,No,2022-01-03,2022-01-03
ORD-08289,East,Box Truck,Clear,17,2023-05-16,No,2023-05-17,2023-05-17
ORD-08290,West,Van,Rain,1376,2022-10-13,,2022-10-18,2022-10-18
ORD-08291,South,Box Truck,Rain,446,2022-11-04,No,2022-11-06,2022-11-06
ORD-08292,North,Van,Clear,89,2022-06-23,No,2022-06-24,2022-06-24
ORD-08293,North,Van,Rain,698,2023-05-13,No,2023-05-16,2023-05-19
ORD-08294,East,Van,Rain,1425,2023-12-09,No,2023-12-14,2023-12-14
ORD-08295,West,Box Truck,Clear,585,2023-09-28,No,2023-09-30,2023-09-30
ORD-08296,East,Box Truck,Rain,909,2022-07-22,No,2022-07-26,2022-07-28
ORD-08297,West,Semi-Trailer,Clear,297,2022-03-28,No,2022-03-29,2022-03-29
ORD-08298,West,Van,Clear,1146,2022-02-08,,2022-02-12,2022-02-12
ORD-08299,East,Box Truck,Rain,972,2023-10-01,No,2023-10-05,2023-10-05
ORD-08300,South,Box Truck,Clear,729,2022-12-19,No,2022-12-22,2022-12-22
ORD-08301,East,Van,Clear,965,2023-08-18,No,2023-08-22,2023-08-22
ORD-08302,East,Box Truck,Snow,235,2023-11-28,No,2023-11-29,2023-12-03
ORD-08303,North,Van,Clear,1366,2022-12-17,Yes,2022-12-22,2022-12-22
ORD-08304,North,Van,Clear,1450,2023-11-04,No,2023-11-09,2023-11-09
ORD-08305,East,Van,Clear,287,2022-10-15,No,2022-10-16,2022-10-16
ORD-08306,East,Box Truck,Clear,904,2023-06-11,No,2023-06-15,2023-06-15
ORD-08307,North,Van,Clear,801,2022-06-07,No,2022-06-10,2022-06-10
ORD-08308,West,Van,Fog,1036,2022-08-24,No,2022-08-28,2022-08-31
ORD-08309,East,Van,Clear,554,2023-10-23,No,2023-10-25,2023-10-25
ORD-08310,South,Van,Rain,487,2022-03-19,No,2022-03-21,2022-03-22
ORD-08311,South,Van,Clear,1443,2022-01-26,No,2022-01-31,2022-02-02
ORD-08312,South,Van,Rain,1340,2022-03-13,No,2022-03-18,2022-03-18
ORD-08313,East,Box Truck,Fog,1247,2022-01-06,No,2022-01-11,2022-01-14
ORD-08314,West,Van,Clear,1063,2022-07-05,No,2022-07-09,2022-07-09
ORD-08315,West,Box Truck,Snow,428,2023-05-15,No,2023-05-17,2023-05-21
ORD-08316,North,Box Truck,Fog,1061,2022-03-17,No,2022-03-21,2022-03-24
ORD-08317,East,Van,Clear,618,2022-11-06,No,2022-11-09,2022-11-09
ORD-08318,West,Van,Clear,96,2022-08-25,No,2022-08-26,2022-08-26
ORD-08319,East,Semi-Trailer,Rain,1059,2022-04-14,No,2022-04-18,2022-04-18
ORD-08320,North,Van,Snow,129,2023-08-16,Yes,2023-08-17,2023-08-20
ORD-08321,North,Van,Clear,722,2023-05-29,No,2023-06-01,2023-06-01
ORD-08322,North,Van,Clear,401,2023-07-30,No,2023-08-01,2023-08-04
ORD-08323,South,Box Truck,Clear,1390,2022-01-01,No,2022-01-06,2022-01-06
ORD-08324,East,Box Truck,Clear,362,2023-10-09,No,2023-10-11,2023-10-12
ORD-08325,North,Semi-Trailer,Snow,24,2023-06-05,No,2023-06-06,2023-06-09
ORD-08326,East,Semi-Trailer,Clear,314,2022-08-01,,2022-08-03,2022-08-03
ORD-08327,South,Van,Clear,1287,2023-08-01,No,2023-08-06,2023-08-06
ORD-08328,South,Van,Rain,632,2023-06-13,,2023-06-16,2023-06-17
ORD-08329,North,Van,Clear,529,2023-05-28,No,2023-05-30,2023-05-31
ORD-08330,North,Van,Clear,862,2022-05-01,No,2022-05-04,2022-05-07
ORD-08331,West,Van,Clear,649,2023-01-23,No,2023-01-26,2023-01-28
ORD-08332,East,Van,Clear,1219,2023-08-07,No,2023-08-12,2023-08-12
ORD-08333,North,Van,Clear,396,2023-09-18,No,2023-09-20,2023-09-20
ORD-08334,West,Van,Clear,914,2022-07-12,No,2022-07-16,2022-07-16
ORD-08335,East,Van,Clear,23,2022-08-04,No,2022-08-05,2022-08-05
ORD-08336,North,Semi-Trailer,Snow,1263,2023-11-30,No,2023-12-05,2023-12-06
ORD-08337,West,Box Truck,Snow,100,2022-03-05,No,2022-03-06,2022-03-09
ORD-08338,West,Semi-Trailer,Clear,1437,2022-01-21,No,2022-01-26,2022-01-26
ORD-08339,East,Van,Clear,13,2022-03-20,No,2022-03-21,2022-03-21
ORD-08340,West,Van,Snow,1031,2023-08-23,No,2023-08-27,2023-09-02
ORD-08341,East,Van,Clear,1252,2023-06-08,No,2023-06-13,2023-06-13
ORD-08342,East,Van,Fog,805,2023-05-27,No,2023-05-30,2023-06-01
ORD-08343,East,Van,Fog,225,2022-07-09,No,2022-07-10,2022-07-12
ORD-08344,South,Semi-Trailer,Clear,1192,2023-04-15,No,2023-04-19,2023-04-19
ORD-08345,West,Semi-Trailer,Clear,713,2023-08-17,No,2023-08-20,2023-08-20
ORD-08346,East,Van,Clear,740,2022-12-30,No,2023-01-02,2023-01-05
ORD-08347,North,Van,Clear,1406,2023-01-05,No,2023-01-10,2023-01-10
ORD-08348,South,Van,Fog,26,2022-10-16,No,2022-10-17,2022-10-20
ORD-08349,South,Van,Fog,504,2023-06-10,No,2023-06-12,2023-06-15
ORD-08350,West,Van,Clear,1499,2022-11-18,No,2022-11-23,2022-11-23
ORD-08351,East,Van,Clear,453,2022-06-04,No,2022-06-06,2022-06-06
ORD-08352,West,Van,Clear,1114,2023-09-24,No,2023-09-28,2023-09-28
ORD-08353,South,Van,Clear,788,2023-04-05,No,2023-04-08,2023-04-08
ORD-08354,East,Van,Rain,175,2023-12-29,Yes,2023-12-30,2023-12-31
ORD-08355,North,Van,Fog,366,2023-04-20,No,2023-04-22,2023-04-29
ORD-08356,East,Van,Clear,243,2023-08-08,No,2023-08-09,2023-08-09
ORD-08357,South,Semi-Trailer,Clear,1195,2023-04-25,No,2023-04-29,2023-04-29
ORD-08358,North,Van,Clear,184,2023-01-21,No,2023-01-22,2023-01-22
ORD-08359,East,Semi-Trailer,Clear,1396,2023-10-18,No,2023-10-23,2023-10-23
ORD-08360,North,Semi-Trailer,Clear,1409,2023-11-13,No,2023-11-18,2023-11-18
ORD-08361,North,Semi-Trailer,Clear,706,2022-04-22,No,2022-04-25,2022-04-25
ORD-08362,South,Box Truck,Clear,1207,2023-05-29,No,2023-06-03,2023-06-03
ORD-08363,North,Box Truck,Rain,247,2023-12-04,No,2023-12-05,2023-12-05
ORD-08364,West,Semi-Trailer,Clear,1196,2022-06-11,No,2022-06-15,2022-06-15
ORD-08365,South,Van,Clear,997,2023-09-18,No,2023-09-22,2023-09-22
ORD-08366,West,Van,Snow,1023,2022-03-03,No,2022-03-07,2022-03-11
ORD-08367,North,Semi-Trailer,Snow,921,2023-08-28,No,2023-09-01,2023-09-05
ORD-08368,West,Box Truck,Clear,1271,2022-09-07,No,2022-09-12,2022-09-12
ORD-08369,East,Semi-Trailer,Clear,639,2022-03-05,No,2022-03-08,2022-03-08
ORD-08370,North,Box Truck,Snow,1265,2022-04-07,Yes,2022-04-12,2022-04-15
ORD-08371,East,Semi-Trailer,Clear,597,2023-02-28,No,2023-03-02,2023-03-02
ORD-08372,West,Box Truck,Clear,803,2022-05-25,No,2022-05-28,2022-05-30
ORD-08373,East,Box Truck,Clear,929,2023-11-04,No,2023-11-08,2023-11-08
ORD-08374,North,Box Truck,Clear,1269,2023-01-14,No,2023-01-19,2023-01-19
ORD-08375,East,Semi-Trailer,Clear,1356,2022-09-01,No,2022-09-06,2022-09-06
ORD-08376,West,Semi-Trailer,Clear,416,2023-06-06,No,2023-06-08,2023-06-11
ORD-08377,West,Semi-Trailer,Rain,186,2023-06-30,No,2023-07-01,2023-07-01
ORD-08378,West,Box Truck,Snow,128,2023-04-15,No,2023-04-16,2023-04-20
ORD-08379,North,Van,Fog,1223,2022-12-07,No,2022-12-12,2022-12-15
ORD-08380,West,Van,Clear,623,2023-02-12,No,2023-02-15,2023-02-16
ORD-08381,North,Semi-Trailer,Clear,374,2023-06-03,No,2023-06-05,2023-06-05
ORD-08382,East,Box Truck,Rain,495,2022-12-15,No,2022-12-17,
ORD-08383,West,Van,Clear,1112,2022-02-27,No,2022-03-03,2022-03-04
ORD-08384,East,Van,Clear,331,2023-11-12,No,2023-11-14,2023-11-17
ORD-08385,South,Semi-Trailer,Clear,148,2022-11-16,No,2022-11-17,2022-11-17
ORD-08386,East,Semi-Trailer,Clear,1369,2022-11-11,No,2022-11-16,2022-11-17
ORD-08387,South,Semi-Trailer,Clear,1435,2022-10-11,No,2022-10-16,2022-10-16
ORD-08388,East,Box Truck,Clear,1259,2023-03-11,Yes,2023-03-16,
ORD-08389,North,Van,Fog,1299,2022-06-07,No,2022-06-12,2022-06-13
ORD-08390,East,Van,Clear,342,2023-10-05,No,2023-10-07,2023-10-07
ORD-08391,North,Van,Fog,233,2022-01-28,No,2022-01-29,2022-02-01
ORD-08392,North,Semi-Trailer,Snow,581,2022-06-20,No,2022-06-22,2022-06-25
ORD-08393,West,Van,Clear,785,2023-07-19,No,2023-07-22,2023-07-22
ORD-08394,North,Box Truck,Rain,976,2023-10-13,No,2023-10-17,2023-10-20
ORD-08395,South,Box Truck,Rain,602,2022-01-20,No,2022-01-23,2022-01-23
ORD-08396,West,Box Truck,Clear,818,2023-07-20,No,2023-07-23,2023-07-23
ORD-08397,West,Semi-Trailer,Clear,996,2022-10-23,No,2022-10-27,2022-10-27
ORD-08398,East,Van,Clear,1033,2023-06-02,No,2023-06-06,2023-06-06
ORD-08399,North,Box Truck,Rain,870,2023-04-29,No,2023-05-02,2023-05-02
ORD-08400,North,Van,Clear,1282,2022-07-31,No,2022-08-05,2022-08-05
ORD-08401,South,Van,Clear,1454,2023-09-17,No,2023-09-22,2023-09-22
ORD-08402,East,Van,Clear,196,2023-02-19,No,2023-02-20,2023-02-20
ORD-08403,East,Van,Clear,258,2022-05-27,No,2022-05-28,2022-05-28
ORD-08404,West,Box Truck,Clear,1160,2023-10-15,No,2023-10-19,2023-10-22
ORD-08405,West,Box Truck,Clear,1121,2023-05-29,No,2023-06-02,2023-06-03
ORD-08406,West,Van,Snow,1078,2022-09-16,No,2022-09-20,2022-09-22
ORD-08407,South,Van,Rain,1033,2023-07-23,No,2023-07-27,2023-07-27
ORD-08408,South,Box Truck,Rain,255,2022-11-04,No,2022-11-05,2022-11-06
ORD-08409,West,Semi-Trailer,Clear,936,2023-07-20,No,2023-07-24,2023-07-24
ORD-08410,East,Van,Rain,1444,2022-07-07,No,2022-07-12,2022-07-12
ORD-08411,South,Box Truck,Clear,1251,2022-08-23,No,2022-08-28,2022-08-28
ORD-08412,East,Box Truck,Clear,1460,2022-10-10,No,2022-10-15,2022-10-15
ORD-08413,East,Box Truck,Fog,24,2022-03-25,No,2022-03-26,2022-03-27
ORD-08414,North,Van,Clear,835,2023-03-26,No,2023-03-29,2023-03-29
ORD-08415,West,Box Truck,Clear,698,2022-04-05,No,2022-04-08,2022-04-09
ORD-08416,North,Box Truck,Clear,1368,2022-07-23,No,2022-07-28,2022-07-29
ORD-08417,West,Box Truck,Clear,736,2022-12-09,No,2022-12-12,2022-12-12
ORD-08418,West,Box Truck,Rain,546,2023-06-29,No,2023-07-01,2023-07-01
ORD-08419,East,Semi-Trailer,Clear,501,2023-10-28,No,2023-10-30,2023-10-30
ORD-08420,West,Van,Snow,301,2023-04-20,No,2023-04-22,2023-04-24
ORD-08421,East,Semi-Trailer,Clear,126,2022-03-01,No,2022-03-02,2022-03-03
ORD-08422,East,Box Truck,Clear,601,2023-05-28,No,2023-05-31,2023-05-31
ORD-08423,West,Box Truck,Clear,696,2022-12-16,No,2022-12-19,2022-12-19
ORD-08424,East,Van,Rain,753,2023-09-11,Yes,2023-09-14,2023-09-14
ORD-08425,East,Van,Snow,957,2023-12-05,No,2023-12-09,2023-12-11
ORD-08426,East,Box Truck,Clear,692,2022-04-19,No,2022-04-22,2022-04-22
ORD-08427,South,Box Truck,Clear,638,2022-10-03,No,2022-10-06,2022-10-06
ORD-08428,East,Van,Fog,602,2022-09-19,No,2022-09-22,2022-09-25
ORD-08429,South,Box Truck,Clear,396,2023-10-23,No,2023-10-25,2023-10-25
ORD-08430,South,Van,Clear,661,2023-09-13,Yes,2023-09-16,2023-09-16
ORD-08431,East,Semi-Trailer,Clear,202,2023-02-28,No,2023-03-01,2023-03-04
ORD-08432,East,Semi-Trailer,Clear,110,2023-07-30,,2023-07-31,2023-07-31
ORD-08433,South,Van,Clear,1103,2022-04-17,No,2022-04-21,2022-04-22
ORD-08434,South,Semi-Trailer,Clear,1207,2023-05-31,No,2023-06-05,2023-06-05
ORD-08435,East,Semi-Trailer,Snow,453,2022-07-22,No,2022-07-24,2022-07-26
ORD-08436,East,Van,Rain,442,2023-03-02,No,2023-03-04,2023-03-05
ORD-08437,West,Box Truck,Snow,1248,2022-05-13,No,2022-05-18,2022-05-24
ORD-08438,South,Van,Clear,546,2022-11-02,No,2022-11-04,2022-11-04
ORD-08439,South,Box Truck,Clear,610,2022-01-18,No,2022-01-21,2022-01-21
ORD-08440,West,Van,Rain,717,2023-04-16,No,2023-04-19,2023-04-19
ORD-08441,South,Van,Fog,328,2022-01-18,No,2022-01-20,2022-01-24
ORD-08442,North,Van,Clear,1319,2022-10-24,No,2022-10-29,2022-10-29
ORD-08443,South,Van,Clear,234,2022-06-27,No,2022-06-28,2022-06-28
ORD-08444,West,Semi-Trailer,Rain,1382,2023-01-14,,2023-01-19,2023-01-19
ORD-08445,North,Van,Fog,397,2023-07-13,No,2023-07-15,2023-07-22
ORD-08446,East,Van,Fog,855,2023-02-15,Yes,2023-02-18,2023-02-22
ORD-08447,West,Semi-Trailer,Rain,1374,2022-09-10,No,2022-09-15,2022-09-16
ORD-08448,West,Van,Clear,80,2023-10-18,No,2023-10-19,2023-10-20
ORD-08449,East,Box Truck,Clear,1162,2022-06-30,No,2022-07-04,2022-07-05
ORD-08450,West,Semi-Trailer,Fog,453,2022-04-11,,2022-04-13,2022-04-17
ORD-08451,South,Semi-Trailer,Clear,1323,2023-01-29,No,2023-02-03,2023-02-03
ORD-08452,East,Van,Clear,608,2023-09-01,No,2023-09-04,2023-09-04
ORD-08453,West,Van,Fog,396,2022-10-15,No,2022-10-17,2022-10-21
ORD-08454,East,Semi-Trailer,Clear,27,2023-10-02,No,2023-10-03,2023-10-03
ORD-08455,East,Van,Rain,1109,2023-03-03,No,2023-03-07,2023-03-07
ORD-08456,East,Van,Rain,562,2023-01-06,No,2023-01-08,2023-01-08
ORD-08457,North,Van,Clear,883,2022-05-17,No,2022-05-20,2022-05-20
ORD-08458,West,Van,Clear,1398,2023-06-11,Yes,2023-06-16,2023-06-19
ORD-08459,North,Box Truck,Clear,1313,2023-05-18,No,2023-05-23,2023-05-23
ORD-08460,West,Box Truck,Rain,289,2022-08-22,No,2022-08-23,2022-08-23
ORD-08461,South,Semi-Trailer,Clear,780,2022-12-19,No,2022-12-22,2022-12-22
ORD-08462,South,Box Truck,Clear,1476,2023-01-16,,2023-01-21,2023-01-21
ORD-08463,South,Van,Fog,963,2023-05-08,No,2023-05-12,2023-05-13
ORD-08464,West,Van,Clear,338,2022-03-11,No,2022-03-13,2022-03-16
ORD-08465,East,Semi-Trailer,Clear,517,2023-07-22,No,2023-07-24,2023-07-24
ORD-08466,East,Van,Clear,459,2022-03-29,Yes,2022-03-31,2022-03-31
ORD-08467,North,Van,Clear,1408,2023-02-03,No,2023-02-08,2023-02-08
ORD-08468,North,Semi-Trailer,Fog,1329,2022-03-16,Yes,2022-03-21,2022-03-25
ORD-08469,South,Box Truck,Clear,848,2022-10-07,No,2022-10-10,2022-10-10
ORD-08470,North,Van,Clear,402,2023-01-27,No,2023-01-29,2023-01-29
ORD-08471,West,Semi-Trailer,Snow,118,2022-06-12,No,2022-06-13,2022-06-15
ORD-08472,West,Semi-Trailer,Rain,368,2022-09-24,No,2022-09-26,2022-09-27
ORD-08473,North,Van,Clear,965,2023-03-27,No,2023-03-31,2023-03-31
ORD-08474,North,Semi-Trailer,Snow,944,2022-04-02,No,2022-04-06,2022-04-08
ORD-08475,North,Van,Rain,1322,2023-08-21,No,2023-08-26,2023-08-26
ORD-08476,North,Box Truck,Clear,1451,2023-06-06,No,2023-06-11,2023-06-11
ORD-08477,South,Semi-Trailer,Rain,327,2022-08-06,No,2022-08-08,2022-08-09
ORD-08478,South,Semi-Trailer,Fog,350,2023-12-12,No,2023-12-14,2023-12-18
ORD-08479,North,Van,Clear,1350,2022-05-08,No,2022-05-13,2022-05-13
ORD-08480,West,Van,Rain,358,2023-11-13,No,2023-11-15,2023-11-15
ORD-08481,South,Van,Fog,36,2023-11-23,No,2023-11-24,2023-11-26
ORD-08482,West,Box Truck,Rain,647,2023-03-09,No,2023-03-12,2023-03-12
ORD-08483,East,Van,Clear,410,2023-08-19,No,2023-08-21,2023-08-23
ORD-08484,West,Van,Clear,325,2023-08-21,No,2023-08-23,2023-08-23
ORD-08485,North,Van,Clear,377,2022-03-10,No,2022-03-12,2022-03-12
ORD-08486,East,Van,Clear,352,2023-03-01,No,2023-03-03,2023-03-03
ORD-08487,South,Van,Fog,702,2023-03-17,No,2023-03-20,2023-03-22
ORD-08488,South,Semi-Trailer,Clear,1398,2022-07-21,No,2022-07-26,2022-07-26
ORD-08489,East,Van,Clear,913,2023-05-11,No,2023-05-15,2023-05-15
ORD-08490,West,Van,Rain,1106,2022-03-19,No,2022-03-23,2022-03-23
ORD-08491,South,Semi-Trailer,Clear,1155,2022-10-31,No,2022-11-04,2022-11-04
ORD-08492,North,Box Truck,Clear,195,2023-03-22,No,2023-03-23,2023-03-26
ORD-08493,East,Van,Clear,845,2022-10-12,No,2022-10-15,2022-10-16
ORD-08494,North,Van,Clear,328,2023-11-23,No,2023-11-25,2023-11-25
ORD-08495,East,Box Truck,Snow,964,2022-12-13,No,2022-12-17,2022-12-21
ORD-08496,South,Van,Rain,603,2023-06-18,No,2023-06-21,2023-06-21
ORD-08497,West,Box Truck,Clear,1001,2022-08-21,No,2022-08-25,2022-08-27
ORD-08498,East,Van,Clear,802,2022-05-11,No,2022-05-14,2022-05-14
ORD-08499,East,Van,Snow,362,2022-03-21,No,2022-03-23,2022-03-26
ORD-08500,North,Van,Fog,364,2022-12-12,No,2022-12-14,2022-12-18
ORD-08501,South,Box Truck,Clear,115,2023-02-14,No,2023-02-15,2023-02-15
ORD-08502,North,Semi-Trailer,Rain,427,2022-06-16,No,2022-06-18,2022-06-21
ORD-08503,South,Van,Clear,651,2023-11-09,No,2023-11-12,2023-11-14
ORD-08504,North,Box Truck,Clear,214,2022-10-27,No,2022-10-28,2022-10-31
ORD-08505,East,Van,Snow,574,2022-08-05,,2022-08-07,2022-08-09
ORD-08506,North,Van,Clear,1415,2022-02-07,No,2022-02-12,2022-02-12
ORD-08507,West,Semi-Trailer,Clear,1330,2022-07-08,No,2022-07-13,2022-07-13
ORD-08508,South,Van,Clear,1312,2023-02-05,No,2023-02-10,2023-02-10
ORD-08509,South,Semi-Trailer,Clear,198,2022-03-20,No,2022-03-21,2022-03-21
ORD-08510,East,Box Truck,Rain,552,2023-02-10,,2023-02-12,2023-02-13
ORD-08511,South,Semi-Trailer,Clear,1483,2022-10-14,No,2022-10-19,2022-10-19
ORD-08512,West,Box Truck,Clear,267,2022-11-16,No,2022-11-17,2022-11-17
ORD-08513,North,Van,Clear,462,2022-01-23,No,2022-01-25,2022-01-25
ORD-08514,East,Van,Rain,87,2022-09-21,No,2022-09-22,2022-09-22
ORD-08515,West,Van,Clear,1056,2022-08-13,No,2022-08-17,2022-08-17
ORD-08516,South,Van,Rain,512,2023-06-04,No,2023-06-06,2023-06-09
ORD-08517,South,Van,Rain,194,2023-05-19,No,2023-05-20,2023-05-20
ORD-08518,West,Van,Fog,556,2023-01-10,No,2023-01-12,2023-01-13
ORD-08519,North,Semi-Trailer,Fog,58,2023-06-18,No,2023-06-19,2023-06-23
ORD-08520,North,Van,Clear,177,2023-09-27,No,2023-09-28,2023-09-28
ORD-08521,East,Box Truck,Clear,30,2022-10-27,No,2022-10-28,2022-10-28
ORD-08522,South,Semi-Trailer,Rain,401,2022-01-23,No,2022-01-25,2022-01-25
ORD-08523,West,Semi-Trailer,Rain,912,2023-05-04,No,2023-05-08,2023-05-08
ORD-08524,North,Van,Clear,1138,2022-07-27,No,2022-07-31,2022-07-31
ORD-08525,East,Van,Clear,1323,2022-12-15,No,2022-12-20,2022-12-20
ORD-08526,South,Van,Clear,1459,2023-06-23,No,2023-06-28,2023-06-28
ORD-08527,South,Van,Fog,238,2023-06-08,,2023-06-09,2023-06-13
ORD-08528,East,Van,Fog,1214,2023-05-11,No,2023-05-16,2023-05-17
ORD-08529,East,Semi-Trailer,Clear,361,2023-12-12,No,2023-12-14,2023-12-14
ORD-08530,North,Van,Clear,234,2023-04-20,No,2023-04-21,2023-04-22
ORD-08531,West,Box Truck,Clear,243,2022-04-24,No,2022-04-25,2022-04-25
ORD-08532,South,Semi-Trailer,Clear,275,2022-10-25,No,2022-10-26,2022-10-26
ORD-08533,West,Van,Rain,867,2022-02-12,No,2022-02-15,2022-02-16
ORD-08534,South,Van,Rain,323,2023-08-07,No,2023-08-09,2023-08-09
ORD-08535,South,Box Truck,Clear,508,2023-05-20,No,2023-05-22,2023-05-22
ORD-08536,West,Van,Clear,886,2023-11-15,No,2023-11-18,2023-11-19
ORD-08537,East,Box Truck,Clear,1251,2023-01-30,Yes,2023-02-04,2023-02-04
ORD-08538,North,Van,Fog,220,2022-10-21,No,2022-10-22,2022-10-26
ORD-08539,South,Semi-Trailer,Clear,108,2022-06-05,No,2022-06-06,2022-06-06
ORD-08540,East,Van,Clear,1421,2022-05-07,No,2022-05-12,2022-05-12
ORD-08541,South,Van,Rain,354,2022-09-05,No,2022-09-07,2022-09-07
ORD-08542,North,Box Truck,Rain,1286,2022-05-03,No,2022-05-08,2022-05-08
ORD-08543,South,Van,Fog,913,2023-12-09,No,2023-12-13,2023-12-17
ORD-08544,North,Van,Clear,533,2022-11-23,No,2022-11-25,2022-11-27
ORD-08545,North,Van,Clear,127,2022-02-04,No,2022-02-05,2022-02-05
ORD-08546,South,Van,Clear,609,2023-06-23,No,2023-06-26,2023-06-26
ORD-08547,South,Box Truck,Fog,865,2022-01-21,No,2022-01-24,2022-01-28
ORD-08548,North,Box Truck,Rain,218,2022-06-09,No,2022-06-10,2022-06-10
ORD-08549,East,Box Truck,Snow,1442,2022-04-23,No,2022-04-28,2022-04-30
ORD-08550,West,Box Truck,Clear,490,2023-10-20,No,2023-10-22,2023-10-22
ORD-08551,North,Van,Rain,932,2023-03-17,No,2023-03-21,2023-03-21
ORD-08552,South,Van,Clear,338,2022-09-18,No,2022-09-20,2022-09-20
ORD-08553,South,Box Truck,Clear,1216,2023-07-17,No,2023-07-22,2023-07-22
ORD-08554,East,Semi-Trailer,Clear,426,2022-03-31,No,2022-04-02,2022-04-02
ORD-08555,West,Van,Rain,1116,2023-06-19,No,2023-06-23,2023-06-23
ORD-08556,North,Van,Clear,263,2023-07-31,,2023-08-01,2023-08-01
ORD-08557,North,Van,Snow,954,2023-06-10,No,2023-06-14,2023-06-18
ORD-08558,West,Box Truck,Rain,14,2023-11-15,No,2023-11-16,2023-11-16
ORD-08559,North,Box Truck,Clear,312,2022-05-04,No,2022-05-06,2022-05-06
ORD-08560,West,Van,Rain,989,2023-07-30,No,2023-08-03,2023-08-03
ORD-08561,South,Box Truck,Clear,616,2023-06-20,No,2023-06-23,2023-06-23
ORD-08562,West,Van,Clear,1461,2022-04-17,No,2022-04-22,2022-04-22
ORD-08563,North,Van,Rain,973,2023-09-22,No,2023-09-26,2023-09-26
ORD-08564,West,Semi-Trailer,Snow,745,2022-07-15,No,2022-07-18,2022-07-22
ORD-08565,East,Van,Clear,1260,2023-12-10,No,2023-12-15,2023-12-15
ORD-08566,South,Van,Snow,399,2022-12-30,Yes,2023-01-01,2023-01-05
ORD-08567,South,Semi-Trailer,Rain,859,2022-06-14,No,2022-06-17,2022-06-17
ORD-08568,West,Semi-Trailer,Clear,828,2023-04-02,No,2023-04-05,2023-04-05
ORD-08569,North,Box Truck,Clear,21,2022-03-02,No,2022-03-03,2022-03-03
ORD-08570,East,Van,Rain,346,2022-01-31,No,2022-02-02,2022-02-03
ORD-08571,South,Van,Clear,616,2023-06-16,No,2023-06-19,2023-06-19
ORD-08572,South,Semi-Trailer,Snow,138,2022-06-23,Yes,2022-06-24,2022-06-25
ORD-08573,North,Box Truck,Rain,20,2022-05-05,No,2022-05-06,2022-05-07
ORD-08574,North,Semi-Trailer,Clear,499,2023-03-20,No,2023-03-22,2023-03-22
ORD-08575,East,Van,Fog,281,2022-08-12,No,2022-08-13,2022-08-17
ORD-08576,West,Van,Clear,1390,2022-06-16,No,2022-06-21,2022-06-22
ORD-08577,North,Semi-Trailer,Fog,890,2023-04-05,No,2023-04-08,2023-04-11
ORD-08578,West,Box Truck,Clear,1125,2022-05-17,No,2022-05-21,2022-05-21
ORD-08579,East,Van,Rain,18,2023-10-09,No,2023-10-10,2023-10-11
ORD-08580,West,Van,Clear,896,2022-04-18,No,2022-04-21,2022-04-21
ORD-08581,South,Van,Rain,1156,2022-04-16,No,2022-04-20,2022-04-22
ORD-08582,West,Van,Clear,785,2022-10-22,No,2022-10-25,2022-10-28
ORD-08583,East,Van,Clear,290,2022-03-21,No,2022-03-22,2022-03-22
ORD-08584,East,Van,Clear,467,2022-06-16,No,2022-06-18,2022-06-18
ORD-08585,East,Box Truck,Snow,945,2022-05-14,No,2022-05-18,2022-05-21
ORD-08586,West,Van,Clear,460,2022-08-31,No,2022-09-02,2022-09-04
ORD-08587,South,Semi-Trailer,Rain,1440,2023-06-15,No,2023-06-20,2023-06-20
ORD-08588,North,Van,Snow,800,2022-01-06,No,2022-01-09,2022-01-14
ORD-08589,South,Box Truck,Fog,821,2023-07-24,No,2023-07-27,2023-07-31
ORD-08590,West,Van,Clear,65,2023-01-17,No,2023-01-18,2023-01-18
ORD-08591,West,Box Truck,Snow,717,2022-11-20,No,2022-11-23,2022-11-25
ORD-08592,North,Semi-Trailer,Clear,388,2022-04-15,No,2022-04-17,2022-04-18
ORD-08593,West,Semi-Trailer,Rain,1019,2022-01-18,No,2022-01-22,2022-01-22
ORD-08594,East,Box Truck,Rain,32,2022-03-13,No,2022-03-14,2022-03-14
ORD-08595,East,Van,Clear,1278,2022-06-05,,2022-06-10,2022-06-10
ORD-08596,East,Semi-Trailer,Clear,781,2022-12-24,No,2022-12-27,2022-12-30
ORD-08597,East,Semi-Trailer,Clear,1451,2023-05-16,No,2023-05-21,2023-05-21
ORD-08598,East,Semi-Trailer,Clear,240,2022-03-25,No,2022-03-26,2022-03-26
ORD-08599,West,Van,Fog,219,2023-12-19,Yes,2023-12-20,2023-12-23
ORD-08600,North,Semi-Trailer,Clear,1195,2023-09-23,No,2023-09-27,2023-09-27
ORD-08601,North,Van,Fog,1410,2023-08-15,No,2023-08-20,2023-08-23
ORD-08602,East,Van,Clear,875,2023-08-01,,2023-08-04,2023-08-07
ORD-08603,West,Van,Fog,1203,2022-02-10,No,2022-02-15,2022-02-17
ORD-08604,South,Van,Rain,908,2023-07-08,No,2023-07-12,2023-07-12
ORD-08605,South,Box Truck,Snow,1372,2023-01-14,No,2023-01-19,2023-01-26
ORD-08606,West,Semi-Trailer,Clear,1260,2022-02-16,No,2022-02-21,2022-02-21
ORD-08607,East,Box Truck,Clear,882,2022-05-07,,2022-05-10,2022-05-10
ORD-08608,North,Box Truck,Clear,372,2023-08-02,Yes,2023-08-04,2023-08-07
ORD-08609,West,Box Truck,Clear,484,2023-06-10,No,2023-06-12,2023-06-12
ORD-08610,South,Box Truck,Rain,204,2023-08-11,No,2023-08-12,2023-08-12
ORD-08611,South,Van,Rain,942,2022-03-25,No,2022-03-29,2022-03-30
ORD-08612,South,Semi-Trailer,Clear,1045,2022-12-28,No,2023-01-01,2023-01-01
ORD-08613,East,Box Truck,Clear,793,2022-01-01,No,2022-01-04,2022-01-04
ORD-08614,South,Box Truck,Clear,1095,2022-02-21,,2022-02-25,2022-02-25
ORD-08615,West,Box Truck,Clear,538,2022-06-04,No,2022-06-06,2022-06-06
ORD-08616,West,Semi-Trailer,Clear,280,2022-11-02,No,2022-11-03,2022-11-04
ORD-08617,South,Van,Rain,547,2023-07-26,No,2023-07-28,2023-07-28
ORD-08618,West,Van,Clear,666,2023-09-27,No,2023-09-30,2023-09-30
ORD-08619,South,Box Truck,Rain,74,2022-05-15,No,2022-05-16,2022-05-16
ORD-08620,South,Van,Clear,871,2023-07-31,Yes,2023-08-03,2023-08-03
ORD-08621,North,Semi-Trailer,Snow,499,2022-03-05,No,2022-03-07,2022-03-09
ORD-08622,East,Van,Clear,1101,2022-12-03,,2022-12-07,2022-12-07
ORD-08623,East,Van,Snow,371,2023-05-08,No,2023-05-10,2023-05-12
ORD-08624,North,Semi-Trailer,Clear,581,2023-10-21,No,2023-10-23,2023-10-23
ORD-08625,North,Van,Clear,1004,2023-03-07,No,2023-03-11,2023-03-12
ORD-08626,East,Box Truck,Clear,778,2023-11-28,,2023-12-01,2023-12-01
ORD-08627,South,Van,Snow,1052,2022-05-02,,2022-05-06,2022-05-10
ORD-08628,South,Van,Rain,554,2022-07-03,No,2022-07-05,2022-07-05
ORD-08629,East,Box Truck,Clear,988,2023-10-27,No,2023-10-31,
ORD-08630,South,Van,Clear,941,2023-01-01,No,2023-01-05,2023-01-05
ORD-08631,North,Semi-Trailer,Clear,100,2022-04-09,No,2022-04-10,2022-04-10
ORD-08632,South,Box Truck,Clear,982,2023-06-25,No,2023-06-29,2023-07-02
ORD-08633,South,Van,Rain,247,2022-09-02,No,2022-09-03,2022-09-03
ORD-08634,West,Box Truck,Rain,471,2023-03-06,No,2023-03-08,2023-03-08
ORD-08635,West,Box Truck,Fog,1057,2022-03-31,No,2022-04-04,
ORD-08636,West,Van,Fog,1260,2023-08-08,No,2023-08-13,2023-08-14
ORD-08637,South,Van,Rain,860,2023-01-23,No,2023-01-26,2023-01-26
ORD-08638,East,Van,Clear,1414,2022-01-01,No,2022-01-06,2022-01-06
ORD-08639,North,Box Truck,Clear,930,2023-06-02,No,2023-06-06,2023-06-06
ORD-08640,South,Box Truck,Clear,916,2023-05-27,No,2023-05-31,2023-05-31
ORD-08641,East,Box Truck,Clear,786,2023-02-27,No,2023-03-02,2023-03-02
ORD-08642,South,Box Truck,Rain,1039,2023-12-24,No,2023-12-28,2023-12-28
ORD-08643,North,Box Truck,Fog,579,2023-03-11,No,2023-03-13,2023-03-14
ORD-08644,South,Box Truck,Snow,621,2023-04-28,No,2023-05-01,2023-05-06
ORD-08645,North,Box Truck,Clear,643,2023-09-02,No,2023-09-05,2023-09-05
ORD-08646,South,Van,Clear,1390,2022-02-19,No,2022-02-24,2022-02-24
ORD-08647,North,Semi-Trailer,Snow,1190,2022-05-02,No,2022-05-06,2022-05-07
ORD-08648,South,Box Truck,Snow,1234,2022-04-02,No,2022-04-07,2022-04-14
ORD-08649,North,Semi-Trailer,Clear,1258,2022-04-06,No,2022-04-11,2022-04-11
ORD-08650,West,Box Truck,Rain,992,2022-10-10,No,2022-10-14,2022-10-14
ORD-08651,South,Van,Rain,472,2023-06-10,No,2023-06-12,2023-06-12
ORD-08652,South,Box Truck,Clear,672,2023-11-08,,2023-11-11,2023-11-12
ORD-08653,East,Van,Clear,1290,2022-06-29,No,2022-07-04,2022-07-04
ORD-08654,East,Box Truck,Snow,999,2022-04-29,No,2022-05-03,2022-05-07
ORD-08655,North,Van,Rain,440,2022-08-30,No,2022-09-01,2022-09-01
ORD-08656,South,Semi-Trailer,Clear,887,2022-08-29,No,2022-09-01,2022-09-01
ORD-08657,North,Box Truck,Rain,434,2023-07-06,No,2023-07-08,2023-07-08
ORD-08658,West,Box Truck,Rain,1440,2022-02-11,No,2022-02-16,2022-02-16
ORD-08659,East,Van,Snow,114,2022-08-19,No,2022-08-20,2022-08-22
ORD-08660,North,Semi-Trailer,Clear,261,2023-11-04,No,2023-11-05,2023-11-05
ORD-08661,North,Semi-Trailer,Fog,654,2022-03-13,No,2022-03-16,2022-03-20
ORD-08662,East,Box Truck,Clear,1132,2023-02-04,No,2023-02-08,2023-02-08
ORD-08663,South,Van,Rain,187,2023-11-30,No,2023-12-01,2023-12-01
ORD-08664,North,Box Truck,Rain,1298,2023-06-29,Yes,2023-07-04,2023-07-05
ORD-08665,East,Van,Clear,1165,2023-09-22,No,2023-09-26,2023-09-27
ORD-08666,South,Box Truck,Clear,1232,2022-02-11,No,2022-02-16,2022-02-16
ORD-08667,West,Van,Snow,729,2023-06-07,No,2023-06-10,2023-06-11
ORD-08668,East,Box Truck,Rain,1090,2023-02-09,No,2023-02-13,2023-02-13
ORD-08669,North,Box Truck,Clear,901,2023-01-06,No,2023-01-10,2023-01-10
ORD-08670,West,Van,Clear,418,2022-09-12,No,2022-09-14,2022-09-14
ORD-08671,South,Van,Clear,963,2023-10-19,No,2023-10-23,2023-10-23
ORD-08672,South,Semi-Trailer,Clear,271,2023-06-14,No,2023-06-15,2023-06-15
ORD-08673,East,Van,Fog,751,2023-08-20,No,2023-08-23,2023-08-24
ORD-08674,East,Box Truck,Rain,663,2022-04-21,No,2022-04-24,2022-04-24
ORD-08675,East,Van,Fog,584,2022-01-16,No,2022-01-18,2022-01-21
ORD-08676,South,Van,Clear,127,2022-03-02,No,2022-03-03,2022-03-03
ORD-08677,West,Van,Rain,980,2023-07-10,Yes,2023-07-14,2023-07-14
ORD-08678,South,Box Truck,Clear,1354,2022-03-02,No,2022-03-07,2022-03-07
ORD-08679,North,Van,Rain,317,2022-11-09,No,2022-11-11,2022-11-11
ORD-08680,South,Semi-Trailer,Clear,499,2023-01-12,No,2023-01-14,2023-01-14
ORD-08681,North,Box Truck,Clear,1354,2022-05-12,No,2022-05-17,2022-05-17
ORD-08682,West,Van,Clear,766,2023-02-22,Yes,2023-02-25,2023-02-25
ORD-08683,East,Box Truck,Clear,1389,2023-01-22,No,2023-01-27,2023-01-27
ORD-08684,East,Van,Rain,657,2023-11-28,,2023-12-01,2023-12-01
ORD-08685,South,Box Truck,Rain,617,2022-02-22,No,2022-02-25,2022-02-25
ORD-08686,East,Van,Rain,746,2023-03-03,No,2023-03-06,2023-03-06
ORD-08687,West,Van,Fog,33,2023-04-21,No,2023-04-22,2023-04-25
ORD-08688,East,Box Truck,Clear,1225,2023-09-26,No,2023-10-01,2023-10-01
ORD-08689,South,Semi-Trailer,Clear,762,2022-03-19,No,2022-03-22,2022-03-22
ORD-08690,West,Van,Snow,1010,2022-10-20,Yes,2022-10-24,2022-10-28
ORD-08691,North,Semi-Trailer,Clear,358,2023-06-13,No,2023-06-15,2023-06-16
ORD-08692,South,Van,Clear,34,2022-02-12,No,2022-02-13,2022-02-13
ORD-08693,North,Semi-Trailer,Snow,1423,2022-01-09,No,2022-01-14,2022-01-16
ORD-08694,West,Box Truck,Clear,1024,2022-11-08,No,2022-11-12,2022-11-13
ORD-08695,South,Van,Clear,608,2022-09-03,No,2022-09-06,2022-09-06
ORD-08696,South,Van,Clear,810,2023-09-02,No,2023-09-05,2023-09-05
ORD-08697,West,Van,Clear,919,2023-09-10,No,2023-09-14,2023-09-14
ORD-08698,East,Van,Clear,968,2022-09-30,No,2022-10-04,2022-10-06
ORD-08699,South,Van,Clear,1223,2023-07-10,No,2023-07-15,2023-07-15
ORD-08700,South,Box Truck,Clear,1061,2023-08-07,No,2023-08-11,2023-08-11
ORD-08701,North,Semi-Trailer,Clear,550,2023-08-27,No,2023-08-29,2023-08-29
ORD-08702,East,Van,Clear,500,2023-12-04,No,2023-12-06,2023-12-06
ORD-08703,North,Box Truck,Rain,497,2022-05-29,No,2022-05-31,2022-06-02
ORD-08704,North,Box Truck,Clear,800,2022-10-06,No,2022-10-09,
ORD-08705,East,Semi-Trailer,Clear,181,2022-01-06,,2022-01-07,2022-01-07
ORD-08706,East,Box Truck,Clear,47,2023-04-11,No,2023-04-12,2023-04-12
ORD-08707,West,Box Truck,Clear,308,2022-09-08,No,2022-09-10,2022-09-10
ORD-08708,East,Van,Clear,1299,2022-09-09,No,2022-09-14,2022-09-14
ORD-08709,South,Van,Clear,1060,2023-10-24,No,2023-10-28,2023-10-29
ORD-08710,East,Van,Rain,657,2023-01-19,No,2023-01-22,2023-01-22
ORD-08711,West,Van,Rain,757,2022-04-18,No,2022-04-21,2022-04-21
ORD-08712,West,Van,Fog,1485,2022-05-09,No,2022-05-14,2022-05-20
ORD-08713,West,Box Truck,Clear,1118,2022-10-28,No,2022-11-01,2022-11-01
ORD-08714,East,Van,Clear,935,2023-11-22,No,2023-11-26,2023-11-26
ORD-08715,East,Box Truck,Clear,22,2022-01-06,No,2022-01-07,2022-01-07
ORD-08716,North,Van,Rain,268,2022-03-11,,2022-03-12,2022-03-15
ORD-08717,North,Semi-Trailer,Clear,989,2023-05-24,No,2023-05-28,2023-05-29
ORD-08718,South,Semi-Trailer,Clear,1133,2022-06-24,Yes,2022-06-28,2022-06-28
ORD-08719,North,Van,Clear,625,2022-03-27,No,2022-03-30,2022-03-30
ORD-08720,South,Van,Rain,1294,2022-01-18,No,2022-01-23,2022-01-25
ORD-08721,West,Box Truck,Fog,287,2023-01-08,,2023-01-09,2023-01-10
ORD-08722,North,Van,Fog,963,2022-05-23,No,2022-05-27,2022-05-30
ORD-08723,East,Van,Clear,1099,2022-10-26,No,2022-10-30,2022-10-31
ORD-08724,North,Van,Clear,817,2023-05-13,No,2023-05-16,2023-05-16
ORD-08725,South,Semi-Trailer,Snow,1411,2022-11-24,No,2022-11-29,2022-12-01
ORD-08726,North,Semi-Trailer,Clear,665,2022-02-09,,2022-02-12,2022-02-12
ORD-08727,West,Box Truck,Clear,1150,2022-04-27,No,2022-05-01,
ORD-08728,East,Box Truck,Rain,792,2023-12-09,No,2023-12-12,2023-12-12
ORD-08729,South,Semi-Trailer,Rain,508,2023-07-11,No,2023-07-13,2023-07-16
ORD-08730,East,Semi-Trailer,Fog,214,2022-12-03,Yes,2022-12-04,2022-12-05
ORD-08731,East,Semi-Trailer,Clear,596,2023-11-07,No,2023-11-09,2023-11-09
ORD-08732,South,Van,Clear,1113,2023-04-02,No,2023-04-06,2023-04-06
ORD-08733,East,Van,Clear,1051,2022-08-15,No,2022-08-19,2022-08-19
ORD-08734,East,Box Truck,Snow,623,2023-09-09,,2023-09-12,2023-09-15
ORD-08735,North,Box Truck,Rain,1009,2022-07-29,No,2022-08-02,2022-08-02
ORD-08736,East,Van,Rain,653,2023-10-14,No,2023-10-17,2023-10-18
ORD-08737,East,Van,Fog,830,2023-01-19,No,2023-01-22,
ORD-08738,East,Semi-Trailer,Rain,67,2023-12-06,No,2023-12-07,2023-12-07
ORD-08739,East,Semi-Trailer,Clear,1145,2022-08-12,No,2022-08-16,2022-08-16
ORD-08740,South,Van,Rain,606,2023-08-31,No,2023-09-03,2023-09-03
ORD-08741,West,Semi-Trailer,Rain,324,2022-11-17,No,2022-11-19,2022-11-21
ORD-08742,North,Box Truck,Clear,171,2022-02-01,No,2022-02-02,2022-02-02
ORD-08743,East,Semi-Trailer,Clear,333,2022-04-18,No,2022-04-20,2022-04-20
ORD-08744,East,Van,Rain,727,2023-09-17,No,2023-09-20,2023-09-23
ORD-08745,South,Van,Clear,1364,2022-01-18,No,2022-01-23,2022-01-24
ORD-08746,West,Van,Rain,589,2023-11-30,No,2023-12-02,2023-12-03
ORD-08747,East,Van,Clear,908,2022-03-08,No,2022-03-12,2022-03-12
ORD-08748,South,Box Truck,Fog,769,2022-01-18,No,2022-01-21,2022-01-22
ORD-08749,North,Van,Clear,511,2023-09-09,No,2023-09-11,2023-09-14
ORD-08750,North,Semi-Trailer,Clear,66,2023-02-01,No,2023-02-02,2023-02-02
ORD-08751,East,Van,Clear,1198,2023-10-09,No,2023-10-13,2023-10-13
ORD-08752,East,Van,Clear,1199,2023-01-12,No,2023-01-16,2023-01-19
ORD-08753,West,Box Truck,Clear,306,2022-01-30,No,2022-02-01,2022-02-01
ORD-08754,West,Box Truck,Clear,1037,2023-02-18,No,2023-02-22,2023-02-22
ORD-08755,East,Van,Rain,419,2023-08-24,,2023-08-26,2023-08-26
ORD-08756,South,Box Truck,Clear,816,2022-09-23,No,2022-09-26,2022-09-27
ORD-08757,West,Box Truck,Rain,1139,2022-12-28,No,2023-01-01,2023-01-04
ORD-08758,East,Box Truck,Rain,629,2022-11-06,No,2022-11-09,2022-11-09
ORD-08759,West,Box Truck,Rain,788,2022-06-28,,2022-07-01,2022-07-01
ORD-08760,East,Van,Clear,788,2022-05-19,No,2022-05-22,2022-05-22
ORD-08761,North,Box Truck,Clear,575,2022-06-19,Yes,2022-06-21,2022-06-22
ORD-08762,East,Semi-Trailer,Clear,1007,2022-04-01,No,2022-04-05,2022-04-05
ORD-08763,North,Van,Snow,175,2022-03-11,No,2022-03-12,2022-03-14
ORD-08764,West,Van,Snow,1287,2022-02-19,No,2022-02-24,2022-02-26
ORD-08765,East,Semi-Trailer,Clear,797,2023-05-14,,2023-05-17,2023-05-17
ORD-08766,West,Van,Clear,675,2022-01-29,No,2022-02-01,2022-02-01
ORD-08767,North,Van,Clear,137,2022-08-03,No,2022-08-04,2022-08-04
ORD-08768,East,Semi-Trailer,Clear,85,2022-01-29,No,2022-01-30,2022-01-30
ORD-08769,West,Van,Clear,896,2022-12-30,No,2023-01-02,2023-01-02
ORD-08770,North,Van,Rain,1254,2023-09-09,No,2023-09-14,2023-09-16
ORD-08771,West,Semi-Trailer,Clear,791,2022-10-07,No,2022-10-10,2022-10-10
ORD-08772,South,Semi-Trailer,Rain,443,2023-09-16,No,2023-09-18,2023-09-18
ORD-08773,North,Van,Fog,644,2023-01-25,No,2023-01-28,2023-01-30
ORD-08774,North,Box Truck,Rain,1472,2022-01-17,No,2022-01-22,2022-01-22
ORD-08775,North,Semi-Trailer,Clear,1468,2023-02-28,No,2023-03-05,2023-03-05
ORD-08776,East,Box Truck,Clear,624,2022-12-29,,2023-01-01,2023-01-01
ORD-08777,East,Van,Clear,995,2023-11-08,No,2023-11-12,2023-11-12
ORD-08778,East,Van,Snow,535,2023-03-16,No,2023-03-18,2023-03-19
ORD-08779,South,Van,Clear,1166,2023-10-22,No,2023-10-26,2023-10-26
ORD-08780,South,Semi-Trailer,Clear,450,2022-09-05,No,2022-09-07,2022-09-07
ORD-08781,North,Semi-Trailer,Clear,596,2023-10-27,No,2023-10-29,2023-10-30
ORD-08782,South,Semi-Trailer,Clear,400,2023-10-18,No,2023-10-20,2023-10-20
ORD-08783,West,Semi-Trailer,Rain,253,2023-05-11,No,2023-05-12,2023-05-12
ORD-08784,North,Box Truck,Clear,777,2023-11-29,No,2023-12-02,2023-12-03
ORD-08785,North,Van,Clear,1179,2023-09-26,No,2023-09-30,2023-09-30
ORD-08786,West,Box Truck,Clear,424,2022-07-20,No,2022-07-22,2022-07-22
ORD-08787,North,Box Truck,Clear,436,2022-11-02,No,2022-11-04,2022-11-04
ORD-08788,South,Box Truck,Rain,1245,2022-04-02,No,2022-04-07,2022-04-09
ORD-08789,East,Van,Clear,258,2022-08-21,No,2022-08-22,2022-08-22
ORD-08790,West,Semi-Trailer,Clear,1068,2023-04-04,No,2023-04-08,2023-04-08
ORD-08791,South,Van,Rain,848,2023-11-26,No,2023-11-29,2023-11-29
ORD-08792,West,Van,Rain,262,2022-04-25,No,2022-04-26,2022-04-26
ORD-08793,West,Box Truck,Clear,871,2022-07-22,No,2022-07-25,2022-07-25
ORD-08794,North,Box Truck,Clear,828,2022-08-22,No,2022-08-25,2022-08-27
ORD-08795,North,Van,Clear,871,2023-10-11,No,2023-10-14,2023-10-14
ORD-08796,South,Semi-Trailer,Clear,1319,2022-01-08,No,2022-01-13,2022-01-13
ORD-08797,West,Van,Clear,219,2022-10-30,No,2022-10-31,2022-10-31
ORD-08798,North,Van,Clear,119,2022-07-01,No,2022-07-02,2022-07-02
ORD-08799,North,Van,Fog,339,2023-05-24,No,2023-05-26,2023-05-27
ORD-08800,West,Box Truck,Clear,151,2023-05-11,No,2023-05-12,2023-05-12
ORD-08801,South,Semi-Trailer,Rain,685,2022-02-22,No,2022-02-25,2022-02-25
ORD-08802,South,Semi-Trailer,Snow,96,2022-06-14,No,2022-06-15,2022-06-17
ORD-08803,West,Semi-Trailer,Fog,149,2023-07-06,No,2023-07-07,2023-07-11
ORD-08804,South,Van,Clear,1365,2023-11-23,Yes,2023-11-28,2023-11-28
ORD-08805,North,Van,Snow,683,2023-01-13,No,2023-01-16,2023-01-21
ORD-08806,West,Box Truck,Fog,35,2023-10-26,No,2023-10-27,2023-10-28
ORD-08807,North,Van,Clear,655,2023-02-27,No,2023-03-02,2023-03-05
ORD-08808,East,Semi-Trailer,Clear,920,2022-08-29,No,2022-09-02,2022-09-02
ORD-08809,East,Box Truck,Clear,371,2022-10-01,No,2022-10-03,2022-10-03
ORD-08810,South,Semi-Trailer,Rain,369,2022-12-16,No,2022-12-18,2022-12-18
ORD-08811,East,Van,Clear,1248,2022-08-24,No,2022-08-29,2022-08-31
ORD-08812,North,Van,Clear,1005,2022-05-20,No,2022-05-24,2022-05-27
ORD-08813,East,Box Truck,Rain,86,2023-06-12,Yes,2023-06-13,2023-06-13
ORD-08814,North,Van,Clear,104,2022-06-23,No,2022-06-24,2022-06-24
ORD-08815,South,Box Truck,Snow,966,2023-09-22,No,2023-09-26,2023-09-28
ORD-08816,South,Van,Clear,1006,2023-01-28,No,2023-02-01,2023-02-03
ORD-08817,North,Van,Rain,227,2023-05-21,No,2023-05-22,2023-05-22
ORD-08818,East,Van,Clear,377,2022-09-16,No,2022-09-18,2022-09-20
ORD-08819,South,Van,Clear,61,2023-06-25,No,2023-06-26,2023-06-29
ORD-08820,West,Box Truck,Rain,1307,2022-05-11,No,2022-05-16,2022-05-16
ORD-08821,South,Van,Clear,1477,2023-02-28,No,2023-03-05,2023-03-05
ORD-08822,East,Van,Clear,696,2023-02-21,No,2023-02-24,2023-02-24
ORD-08823,West,Van,Fog,834,2022-04-23,No,2022-04-26,2022-04-27
ORD-08824,East,Van,Clear,42,2022-07-17,No,2022-07-18,2022-07-18
ORD-08825,North,Van,Snow,881,2023-10-05,No,2023-10-08,2023-10-11
ORD-08826,West,Van,Clear,1449,2023-05-31,No,2023-06-05,2023-06-05
ORD-08827,East,Box Truck,Clear,653,2023-03-02,Yes,2023-03-05,2023-03-05
ORD-08828,West,Box Truck,Clear,434,2023-12-07,No,2023-12-09,2023-12-09
ORD-08829,East,Box Truck,Fog,796,2022-04-02,No,2022-04-05,2022-04-07
ORD-08830,West,Semi-Trailer,Clear,1040,2022-03-14,No,2022-03-18,2022-03-19
ORD-08831,East,Van,Snow,504,2023-01-18,No,2023-01-20,2023-01-24
ORD-08832,North,Box Truck,Fog,748,2022-04-01,,2022-04-04,2022-04-10
ORD-08833,West,Semi-Trailer,Clear,776,2023-05-26,Yes,2023-05-29,2023-05-29
ORD-08834,West,Van,Rain,1387,2023-09-23,No,2023-09-28,2023-09-28
ORD-08835,West,Box Truck,Rain,705,2023-08-05,No,2023-08-08,2023-08-09
ORD-08836,West,Van,Clear,208,2023-01-20,No,2023-01-21,2023-01-21
ORD-08837,North,Van,Clear,724,2022-01-01,No,2022-01-04,2022-01-04
ORD-08838,West,Box Truck,Clear,444,2022-09-17,,2022-09-19,2022-09-19
ORD-08839,South,Van,Rain,1169,2022-11-13,No,2022-11-17,2022-11-17
ORD-08840,North,Van,Rain,297,2022-12-21,No,2022-12-22,2022-12-23
ORD-08841,South,Van,Clear,728,2023-04-12,No,2023-04-15,2023-04-16
ORD-08842,West,Van,Clear,576,2022-10-03,No,2022-10-05,2022-10-05
ORD-08843,East,Van,Fog,820,2023-04-07,No,2023-04-10,2023-04-14
ORD-08844,South,Box Truck,Clear,417,2022-05-07,No,2022-05-09,2022-05-09
ORD-08845,West,Box Truck,Rain,926,2023-10-07,,2023-10-11,2023-10-11
ORD-08846,South,Box Truck,Clear,919,2022-06-18,No,2022-06-22,2022-06-22
ORD-08847,West,Van,Snow,726,2023-12-02,No,2023-12-05,2023-12-10
ORD-08848,West,Semi-Trailer,Fog,834,2023-04-20,No,2023-04-23,2023-04-30
ORD-08849,West,Box Truck,Clear,1369,2022-02-08,No,2022-02-13,2022-02-15
ORD-08850,East,Van,Clear,1035,2022-11-11,No,2022-11-15,2022-11-17
ORD-08851,South,Semi-Trailer,Clear,194,2022-08-27,No,2022-08-28,2022-08-28
ORD-08852,North,Box Truck,Clear,683,2022-01-29,No,2022-02-01,2022-02-01
ORD-08853,North,Box Truck,Clear,611,2023-10-07,Yes,2023-10-10,2023-10-11
ORD-08854,North,Van,Rain,1471,2023-11-07,No,2023-11-12,2023-11-12
ORD-08855,North,Van,Clear,772,2023-10-02,No,2023-10-05,2023-10-05
ORD-08856,West,Semi-Trailer,Clear,31,2023-09-22,No,2023-09-23,2023-09-24
ORD-08857,South,Box Truck,Rain,221,2023-12-18,No,2023-12-19,2023-12-19
ORD-08858,South,Box Truck,Rain,486,2022-12-10,No,2022-12-12,2022-12-12
ORD-08859,East,Box Truck,Clear,475,2022-09-01,No,2022-09-03,2022-09-06
ORD-08860,South,Semi-Trailer,Rain,998,2023-08-29,No,2023-09-02,2023-09-04
ORD-08861,South,Van,Rain,1267,2022-07-06,No,2022-07-11,2022-07-11
ORD-08862,South,Box Truck,Clear,181,2023-12-17,No,2023-12-18,2023-12-18
ORD-08863,East,Van,Clear,684,2022-01-27,No,2022-01-30,2022-01-30
ORD-08864,North,Box Truck,Clear,806,2023-10-27,No,2023-10-30,
ORD-08865,South,Box Truck,Snow,253,2022-03-05,No,2022-03-06,2022-03-09
ORD-08866,East,Van,Snow,430,2023-05-25,No,2023-05-27,2023-05-28
ORD-08867,East,Box Truck,Rain,388,2023-05-15,No,2023-05-17,2023-05-17
ORD-08868,West,Van,Clear,350,2022-02-16,No,2022-02-18,2022-02-18
ORD-08869,East,Van,Clear,963,2023-10-29,No,2023-11-02,2023-11-02
ORD-08870,North,Van,Snow,680,2023-09-10,No,2023-09-13,2023-09-18
ORD-08871,South,Van,Clear,132,2022-10-06,No,2022-10-07,2022-10-07
ORD-08872,East,Van,Clear,881,2023-08-27,Yes,2023-08-30,2023-09-02
ORD-08873,North,Van,Clear,443,2023-10-14,No,2023-10-16,2023-10-16
ORD-08874,East,Box Truck,Snow,197,2023-06-06,Yes,2023-06-07,2023-06-10
ORD-08875,East,Box Truck,Clear,1047,2023-10-31,No,2023-11-04,2023-11-04
ORD-08876,East,Box Truck,Clear,79,2022-07-26,No,2022-07-27,2022-07-27
ORD-08877,East,Van,Rain,660,2022-05-16,No,2022-05-19,2022-05-19
ORD-08878,East,Semi-Trailer,Rain,1444,2023-08-05,No,2023-08-10,2023-08-11
ORD-08879,North,Box Truck,Rain,846,2023-04-16,No,2023-04-19,2023-04-19
ORD-08880,South,Van,Rain,600,2023-03-11,No,2023-03-14,2023-03-14
ORD-08881,South,Semi-Trailer,Clear,327,2023-05-15,No,2023-05-17,2023-05-17
ORD-08882,South,Van,Clear,446,2022-12-14,No,2022-12-16,2022-12-16
ORD-08883,South,Box Truck,Rain,1179,2023-09-07,No,2023-09-11,2023-09-11
ORD-08884,North,Van,Clear,236,2023-01-14,No,2023-01-15,2023-01-15
ORD-08885,West,Van,Rain,1415,2022-10-01,No,2022-10-06,2022-10-06
ORD-08886,West,Semi-Trailer,Rain,189,2023-06-23,No,2023-06-24,2023-06-24
ORD-08887,North,Van,Clear,545,2023-01-12,,2023-01-14,2023-01-14
ORD-08888,North,Van,Clear,1132,2023-09-03,No,2023-09-07,2023-09-07
ORD-08889,East,Semi-Trailer,Clear,1424,2022-01-13,No,2022-01-18,2022-01-21
ORD-08890,East,Semi-Trailer,Clear,279,2023-04-29,No,2023-04-30,2023-05-01
ORD-08891,East,Box Truck,Clear,955,2022-08-27,No,2022-08-31,2022-09-01
ORD-08892,South,Van,Fog,1127,2022-03-16,No,2022-03-20,2022-03-23
ORD-08893,East,Van,Clear,1496,2022-06-21,No,2022-06-26,2022-06-26
ORD-08894,West,Box Truck,Rain,668,2022-04-13,No,2022-04-16,2022-04-16
ORD-08895,South,Van,Clear,294,2023-05-01,No,2023-05-02,2023-05-02
ORD-08896,East,Van,Clear,1055,2023-04-24,No,2023-04-28,2023-04-28
ORD-08897,South,Box Truck,Clear,11,2022-11-29,No,2022-11-30,2022-11-30
ORD-08898,West,Van,Rain,112,2022-02-08,No,2022-02-09,2022-02-09
ORD-08899,East,Van,Clear,1069,2023-10-21,No,2023-10-25,2023-10-25
ORD-08900,West,Van,Clear,283,2022-11-01,No,2022-11-02,2022-11-02
ORD-08901,West,Van,Rain,1084,2023-05-16,No,2023-05-20,
ORD-08902,West,Van,Clear,1176,2023-06-12,Yes,2023-06-16,2023-06-16
ORD-08903,East,Van,Clear,905,2022-03-14,No,2022-03-18,2022-03-18
ORD-08904,North,Van,Clear,26,2023-08-29,No,2023-08-30,2023-09-02
ORD-08905,East,Box Truck,Clear,1311,2022-03-15,No,2022-03-20,2022-03-20
ORD-08906,West,Semi-Trailer,Clear,1471,2023-07-21,No,2023-07-26,2023-07-29
ORD-08907,East,Van,Clear,445,2022-04-06,No,2022-04-08,2022-04-08
ORD-08908,West,Box Truck,Clear,1417,2023-07-11,No,2023-07-16,2023-07-16
ORD-08909,North,Van,Snow,867,2022-05-02,No,2022-05-05,2022-05-09
ORD-08910,South,Van,Snow,695,2023-10-03,No,2023-10-06,2023-10-09
ORD-08911,North,Van,Snow,1165,2022-01-03,,2022-01-07,2022-01-11
ORD-08912,North,Box Truck,Snow,272,2023-04-11,No,2023-04-12,2023-04-17
ORD-08913,South,Box Truck,Clear,403,2023-10-15,No,2023-10-17,2023-10-17
ORD-08914,East,Box Truck,Rain,217,2023-09-11,No,2023-09-12,2023-09-12
ORD-08915,South,Van,Clear,817,2023-09-20,,2023-09-23,2023-09-23
ORD-08916,East,Van,Rain,1259,2023-07-21,No,2023-07-26,2023-07-26
ORD-08917,East,Box Truck,Clear,474,2022-06-01,No,2022-06-03,2022-06-04
ORD-08918,West,Van,Clear,367,2023-03-31,No,2023-04-02,2023-04-04
ORD-08919,West,Box Truck,Snow,1177,2023-09-03,No,2023-09-07,2023-09-11
ORD-08920,South,Box Truck,Rain,363,2022-06-17,No,2022-06-19,2022-06-19
ORD-08921,North,Box Truck,Snow,1284,2023-09-03,No,2023-09-08,2023-09-09
ORD-08922,South,Semi-Trailer,Clear,385,2022-10-20,No,2022-10-22,
ORD-08923,East,Semi-Trailer,Clear,998,2022-07-11,No,2022-07-15,2022-07-15
ORD-08924,West,Box Truck,Clear,1278,2022-12-04,No,2022-12-09,2022-12-09
ORD-08925,South,Box Truck,Clear,27,2023-05-02,No,2023-05-03,2023-05-03
ORD-08926,South,Van,Clear,725,2022-07-26,No,2022-07-29,2022-07-29
ORD-08927,West,Semi-Trailer,Clear,494,2022-01-17,No,2022-01-19,2022-01-19
ORD-08928,West,Van,Clear,1035,2022-10-30,No,2022-11-03,2022-11-04
ORD-08929,West,Van,Clear,959,2022-09-01,No,2022-09-05,2022-09-06
ORD-08930,East,Van,Rain,385,2022-09-11,No,2022-09-13,2022-09-13
ORD-08931,West,Van,Snow,923,2023-06-16,No,2023-06-20,2023-06-23
ORD-08932,North,Box Truck,Clear,575,2023-12-19,No,2023-12-21,2023-12-21
ORD-08933,South,Box Truck,Clear,1199,2023-02-01,No,2023-02-05,2023-02-05
ORD-08934,West,Van,Clear,874,2022-07-23,No,2022-07-26,2022-07-27
ORD-08935,West,Van,Clear,1362,2023-08-27,No,2023-09-01,2023-09-01
ORD-08936,East,Semi-Trailer,Rain,1481,2022-08-30,No,2022-09-04,2022-09-04
ORD-08937,East,Box Truck,Rain,1125,2023-05-04,No,2023-05-08,2023-05-08
ORD-08938,South,Semi-Trailer,Snow,1285,2022-08-27,,2022-09-01,2022-09-05
ORD-08939,North,Van,Clear,621,2023-05-04,,2023-05-07,2023-05-07
ORD-08940,South,Box Truck,Snow,1072,2022-05-03,No,2022-05-07,2022-05-13
ORD-08941,West,Van,Clear,445,2022-08-13,No,2022-08-15,2022-08-15
ORD-08942,North,Van,Clear,657,2023-05-26,No,2023-05-29,2023-05-30
ORD-08943,North,Van,Clear,371,2022-08-14,No,2022-08-16,2022-08-16
ORD-08944,North,Van,Rain,571,2022-05-30,No,2022-06-01,2022-06-01
ORD-08945,North,Van,Clear,92,2023-03-30,No,2023-03-31,2023-03-31
ORD-08946,South,Semi-Trailer,Clear,1060,2023-09-18,No,2023-09-22,2023-09-22
ORD-08947,East,Van,Rain,30,2022-02-27,,2022-02-28,2022-02-28
ORD-08948,East,Van,Clear,1251,2022-05-15,No,2022-05-20,2022-05-23
ORD-08949,West,Van,Clear,1078,2023-06-06,No,2023-06-10,2023-06-10
ORD-08950,East,Van,Clear,963,2022-06-16,No,2022-06-20,2022-06-20
ORD-08951,East,Box Truck,Clear,1440,2023-09-04,No,2023-09-09,2023-09-09
ORD-08952,East,Van,Rain,703,2022-09-24,Yes,2022-09-27,2022-09-27
ORD-08953,East,Box Truck,Clear,807,2023-10-24,No,2023-10-27,2023-10-27
ORD-08954,West,Van,Clear,488,2022-03-14,No,2022-03-16,2022-03-16
ORD-08955,South,Box Truck,Clear,872,2023-12-30,No,2024-01-02,2024-01-02
ORD-08956,North,Box Truck,Snow,665,2022-08-03,No,2022-08-06,2022-08-07
ORD-08957,East,Semi-Trailer,Clear,772,2022-05-20,No,2022-05-23,2022-05-23
ORD-08958,South,Semi-Trailer,Rain,627,2022-06-14,No,2022-06-17,2022-06-17
ORD-08959,East,Box Truck,Clear,720,2023-05-04,No,2023-05-07,2023-05-07
ORD-08960,East,Van,Clear,346,2023-07-23,Yes,2023-07-25,2023-07-25
ORD-08961,North,Box Truck,Fog,1181,2022-11-25,No,2022-11-29,2022-12-01
ORD-08962,North,Box Truck,Clear,1444,2022-09-28,No,2022-10-03,2022-10-03
ORD-08963,North,Semi-Trailer,Clear,777,2022-10-25,No,2022-10-28,2022-10-31
ORD-08964,East,Van,Clear,828,2022-09-21,No,2022-09-24,2022-09-24
ORD-08965,East,Van,Clear,394,2022-01-01,No,2022-01-03,2022-01-04
ORD-08966,East,Box Truck,Clear,1134,2023-01-25,No,2023-01-29,2023-01-29
ORD-08967,North,Van,Fog,1147,2023-06-28,No,2023-07-02,2023-07-03
ORD-08968,West,Van,Snow,1030,2022-05-22,No,2022-05-26,2022-05-29
ORD-08969,South,Van,Clear,1295,2023-02-05,No,2023-02-10,2023-02-13
ORD-08970,West,Box Truck,Clear,1455,2023-09-07,No,2023-09-12,2023-09-12
ORD-08971,East,Semi-Trailer,Rain,1087,2022-06-28,,2022-07-02,2022-07-02
ORD-08972,East,Van,Clear,1221,2022-03-16,No,2022-03-21,2022-03-21
ORD-08973,West,Van,Clear,601,2022-10-03,No,2022-10-06,2022-10-06
ORD-08974,East,Van,Rain,1223,2022-12-13,No,2022-12-18,2022-12-18
ORD-08975,South,Van,Rain,840,2022-11-29,No,2022-12-02,2022-12-03
ORD-08976,East,Box Truck,Rain,1091,2023-08-22,No,2023-08-26,2023-08-26
ORD-08977,South,Box Truck,Rain,512,2022-04-05,No,2022-04-07,2022-04-07
ORD-08978,West,Van,Fog,198,2023-06-11,No,2023-06-12,2023-06-14
ORD-08979,West,Box Truck,Clear,879,2022-10-14,No,2022-10-17,2022-10-17
ORD-08980,East,Box Truck,Snow,588,2022-05-17,No,2022-05-19,2022-05-23
ORD-08981,South,Van,Clear,1346,2022-10-17,No,2022-10-22,2022-10-22
ORD-08982,East,Van,Clear,1202,2023-07-17,No,2023-07-22,2023-07-22
ORD-08983,North,Semi-Trailer,Clear,808,2023-03-18,No,2023-03-21,2023-03-22
ORD-08984,North,Van,Rain,140,2022-02-04,No,2022-02-05,2022-02-05
ORD-08985,North,Box Truck,Clear,687,2023-02-06,No,2023-02-09,2023-02-10
ORD-08986,North,Van,Snow,958,2022-04-08,No,2022-04-12,2022-04-13
ORD-08987,East,Box Truck,Rain,161,2023-06-26,No,2023-06-27,2023-06-27
ORD-08988,North,Box Truck,Clear,931,2023-08-21,No,2023-08-25,2023-08-25
ORD-08989,South,Box Truck,Rain,1138,2022-07-12,No,2022-07-16,2022-07-16
ORD-08990,West,Semi-Trailer,Snow,1400,2023-05-11,No,2023-05-16,2023-05-17
ORD-08991,West,Semi-Trailer,Rain,1125,2023-01-25,No,2023-01-29,2023-01-29
ORD-08992,North,Box Truck,Clear,722,2022-07-01,No,2022-07-04,2022-07-05
ORD-08993,North,Van,Snow,814,2022-07-04,No,2022-07-07,2022-07-10
ORD-08994,North,Van,Rain,441,2023-03-11,No,2023-03-13,2023-03-13
ORD-08995,East,Box Truck,Clear,1338,2023-08-14,No,2023-08-19,2023-08-19
ORD-08996,West,Box Truck,Clear,37,2022-05-06,No,2022-05-07,2022-05-07
ORD-08997,North,Van,Clear,1321,2022-01-19,No,2022-01-24,
ORD-08998,South,Van,Snow,364,2022-03-17,No,2022-03-19,
ORD-08999,North,Box Truck,Clear,687,2023-04-09,No,2023-04-12,2023-04-12
ORD-09000,West,Van,Clear,1437,2022-06-18,No,2022-06-23,2022-06-23
ORD-09001,North,Van,Snow,145,2022-02-21,No,2022-02-22,2022-02-26
ORD-09002,West,Box Truck,Clear,1101,2022-01-30,No,2022-02-03,2022-02-03
ORD-09003,North,Box Truck,Fog,163,2022-03-15,Yes,2022-03-16,2022-03-17
ORD-09004,South,Van,Clear,1496,2023-11-29,No,2023-12-04,2023-12-04
ORD-09005,North,Van,Clear,335,2022-06-28,No,2022-06-30,2022-06-30
ORD-09006,South,Van,Clear,825,2023-10-14,No,2023-10-17,2023-10-17
ORD-09007,South,Van,Fog,1129,2022-06-14,No,2022-06-18,2022-06-20
ORD-09008,North,Box Truck,Rain,1230,2022-07-11,No,2022-07-16,2022-07-16
ORD-09009,South,Box Truck,Fog,117,2022-05-03,No,2022-05-04,2022-05-06
ORD-09010,East,Van,Rain,1079,2023-12-02,No,2023-12-06,2023-12-06
ORD-09011,North,Van,Clear,1219,2022-07-08,No,2022-07-13,2022-07-13
ORD-09012,North,Van,Clear,463,2023-05-18,No,2023-05-20,2023-05-21
ORD-09013,South,Semi-Trailer,Clear,332,2023-09-04,No,2023-09-06,2023-09-06
ORD-09014,South,Van,Rain,294,2022-04-08,No,2022-04-09,2022-04-09
ORD-09015,North,Semi-Trailer,Fog,1116,2023-10-19,No,2023-10-23,2023-10-28
ORD-09016,East,Semi-Trailer,Clear,659,2023-07-22,No,2023-07-25,2023-07-25
ORD-09017,South,Box Truck,Rain,1360,2022-09-11,No,2022-09-16,2022-09-16
ORD-09018,South,Box Truck,Fog,758,2023-08-04,No,2023-08-07,2023-08-08
ORD-09019,West,Van,Clear,458,2022-04-10,No,2022-04-12,2022-04-14
ORD-09020,East,Box Truck,Snow,330,2022-01-23,No,2022-01-25,2022-01-27
ORD-09021,East,Van,Clear,1178,2022-10-08,No,2022-10-12,2022-10-13
ORD-09022,North,Semi-Trailer,Rain,287,2022-04-03,No,2022-04-04,2022-04-04
ORD-09023,East,Van,Clear,621,2023-08-20,No,2023-08-23,2023-08-23
ORD-09024,North,Box Truck,Clear,1047,2023-08-31,No,2023-09-04,2023-09-04
ORD-09025,West,Van,Clear,1295,2023-07-07,No,2023-07-12,2023-07-12
ORD-09026,East,Semi-Trailer,Fog,423,2022-02-20,No,2022-02-22,2022-02-25
ORD-09027,South,Van,Snow,503,2022-04-08,No,2022-04-10,2022-04-13
ORD-09028,West,Box Truck,Clear,56,2022-05-01,No,2022-05-02,2022-05-02
ORD-09029,North,Van,Fog,665,2023-06-23,No,2023-06-26,2023-06-29
ORD-09030,West,Van,Rain,1229,2023-01-25,No,2023-01-30,2023-01-30
ORD-09031,North,Box Truck,Snow,1323,2022-12-06,No,2022-12-11,2022-12-15
ORD-09032,West,Semi-Trailer,Clear,778,2023-07-16,,2023-07-19,2023-07-19
ORD-09033,North,Van,Clear,441,2023-02-12,No,2023-02-14,2023-02-14
ORD-09034,East,Semi-Trailer,Rain,1357,2023-04-30,No,2023-05-05,2023-05-05
ORD-09035,South,Box Truck,Clear,965,2022-01-29,No,2022-02-02,2022-02-02
ORD-09036,North,Semi-Trailer,Clear,1462,2022-07-10,No,2022-07-15,2022-07-15
ORD-09037,West,Van,Clear,1326,2022-01-26,No,2022-01-31,2022-02-01
ORD-09038,North,Van,Clear,386,2023-10-31,No,2023-11-02,2023-11-02
ORD-09039,North,Semi-Trailer,Clear,1117,2022-09-30,Yes,2022-10-04,2022-10-05
ORD-09040,North,Van,Fog,1406,2023-01-11,No,2023-01-16,2023-01-19
ORD-09041,West,Box Truck,Clear,1057,2023-05-19,No,2023-05-23,2023-05-23
ORD-09042,South,Van,Clear,918,2022-05-29,No,2022-06-02,2022-06-02
ORD-09043,East,Van,Clear,334,2023-06-14,No,2023-06-16,2023-06-19
ORD-09044,South,Box Truck,Rain,325,2022-01-04,No,2022-01-06,2022-01-06
ORD-09045,North,Box Truck,Rain,230,2023-11-06,No,2023-11-07,2023-11-08
ORD-09046,West,Box Truck,Rain,223,2022-02-10,No,2022-02-11,2022-02-11
ORD-09047,South,Van,Clear,854,2022-03-16,No,2022-03-19,2022-03-20
ORD-09048,North,Van,Clear,1118,2023-10-05,No,2023-10-09,2023-10-09
ORD-09049,East,Van,Rain,394,2023-08-19,No,2023-08-21,2023-08-21
ORD-09050,East,Van,Fog,1037,2023-05-10,No,2023-05-14,2023-05-20
ORD-09051,East,Semi-Trailer,Rain,1147,2023-04-21,Yes,2023-04-25,2023-04-25
ORD-09052,North,Box Truck,Clear,1248,2023-11-07,No,2023-11-12,2023-11-12
ORD-09053,West,Van,Clear,1369,2023-03-09,No,2023-03-14,2023-03-14
ORD-09054,South,Semi-Trailer,Clear,886,2023-07-04,,2023-07-07,2023-07-08
ORD-09055,East,Van,Rain,662,2022-05-18,No,2022-05-21,2022-05-21
ORD-09056,North,Box Truck,Clear,1200,2022-11-15,No,2022-11-20,2022-11-20
ORD-09057,North,Van,Clear,296,2022-06-17,No,2022-06-18,2022-06-18
ORD-09058,South,Box Truck,Clear,393,2022-09-24,No,2022-09-26,2022-09-28
ORD-09059,East,Van,Clear,1027,2022-08-09,No,2022-08-13,2022-08-13
ORD-09060,North,Van,Clear,856,2023-04-18,No,2023-04-21,2023-04-21
ORD-09061,South,Van,Clear,526,2023-11-13,No,2023-11-15,2023-11-15
ORD-09062,West,Van,Rain,136,2023-10-21,No,2023-10-22,2023-10-22
ORD-09063,West,Van,Clear,1466,2022-12-11,,2022-12-16,2022-12-16
ORD-09064,West,Van,Clear,1119,2022-01-07,No,2022-01-11,2022-01-11
ORD-09065,East,Van,Clear,1078,2023-02-27,,2023-03-03,2023-03-03
ORD-09066,South,Box Truck,Clear,632,2023-12-09,No,2023-12-12,2023-12-12
ORD-09067,South,Van,Rain,299,2023-11-08,No,2023-11-09,2023-11-10
ORD-09068,North,Box Truck,Clear,706,2023-07-03,No,2023-07-06,2023-07-06
ORD-09069,North,Van,Rain,1268,2022-04-07,No,2022-04-12,2022-04-12
ORD-09070,North,Semi-Trailer,Clear,166,2023-09-09,No,2023-09-10,2023-09-10
ORD-09071,South,Semi-Trailer,Snow,415,2023-06-15,No,2023-06-17,2023-06-21
ORD-09072,North,Van,Clear,1155,2022-04-19,No,2022-04-23,2022-04-23
ORD-09073,South,Box Truck,Clear,1257,2023-09-29,,2023-10-04,2023-10-04
ORD-09074,South,Van,Rain,886,2023-08-10,No,2023-08-13,2023-08-13
ORD-09075,West,Semi-Trailer,Clear,1056,2023-08-08,No,2023-08-12,2023-08-12
ORD-09076,North,Box Truck,Clear,206,2022-01-30,No,2022-01-31,2022-01-31
ORD-09077,West,Van,Rain,488,2022-02-22,No,2022-02-24,2022-02-24
ORD-09078,East,Van,Clear,294,2023-07-15,No,2023-07-16,2023-07-16
ORD-09079,East,Van,Clear,317,2023-11-18,,2023-11-20,2023-11-20
ORD-09080,East,Van,Clear,354,2023-05-10,No,2023-05-12,2023-05-12
ORD-09081,South,Box Truck,Fog,1030,2023-05-31,No,2023-06-04,
ORD-09082,South,Van,Snow,1000,2023-04-27,No,2023-05-01,2023-05-03
ORD-09083,South,Van,Clear,407,2023-12-01,No,2023-12-03,2023-12-03
ORD-09084,North,Van,Clear,794,2023-10-29,No,2023-11-01,2023-11-01
ORD-09085,West,Van,Clear,1497,2023-02-08,No,2023-02-13,2023-02-13
ORD-09086,South,Van,Clear,805,2022-02-14,No,2022-02-17,2022-02-17
ORD-09087,West,Semi-Trailer,Rain,1148,2023-11-08,No,2023-11-12,2023-11-12
ORD-09088,West,Van,Clear,645,2022-10-19,No,2022-10-22,2022-10-22
ORD-09089,West,Box Truck,Clear,459,2022-04-27,No,2022-04-29,2022-04-29
ORD-09090,North,Van,Fog,781,2022-05-07,No,2022-05-10,2022-05-12
ORD-09091,North,Van,Snow,1437,2023-03-31,No,2023-04-05,2023-04-09
ORD-09092,East,Box Truck,Rain,690,2023-07-14,No,2023-07-17,2023-07-17
ORD-09093,East,Van,Snow,557,2022-12-17,No,2022-12-19,2022-12-21
ORD-09094,West,Van,Rain,238,2023-04-29,No,2023-04-30,2023-05-01
ORD-09095,East,Box Truck,Clear,253,2022-11-16,No,2022-11-17,2022-11-17
ORD-09096,West,Van,Clear,74,2022-09-16,No,2022-09-17,2022-09-17
ORD-09097,North,Van,Clear,1270,2022-01-10,No,2022-01-15,2022-01-15
ORD-09098,North,Box Truck,Clear,955,2023-02-15,No,2023-02-19,2023-02-19
ORD-09099,North,Box Truck,Snow,1036,2022-12-20,No,2022-12-24,2022-12-25
ORD-09100,South,Van,Clear,1070,2023-03-27,No,2023-03-31,2023-04-01
ORD-09101,West,Van,Clear,1011,2022-03-07,No,2022-03-11,2022-03-11
ORD-09102,North,Van,Clear,1283,2023-03-19,No,2023-03-24,2023-03-24
ORD-09103,West,Van,Clear,12,2023-12-23,No,2023-12-24,
ORD-09104,East,Box Truck,Snow,1268,2022-04-25,No,2022-04-30,2022-05-01
ORD-09105,East,Semi-Trailer,Rain,1450,2023-02-27,No,2023-03-04,2023-03-04
ORD-09106,North,Semi-Trailer,Clear,964,2022-02-25,No,2022-03-01,2022-03-03
ORD-09107,West,Van,Clear,1284,2023-09-29,No,2023-10-04,2023-10-04
ORD-09108,North,Van,Rain,152,2022-05-20,Yes,2022-05-21,2022-05-21
ORD-09109,East,Box Truck,Rain,1089,2023-08-18,No,2023-08-22,2023-08-22
ORD-09110,North,Van,Clear,70,2022-06-07,No,2022-06-08,2022-06-11
ORD-09111,West,Box Truck,Fog,77,2022-04-17,No,2022-04-18,2022-04-20
ORD-09112,East,Box Truck,Fog,88,2022-03-27,No,2022-03-28,2022-04-01
ORD-09113,South,Semi-Trailer,Fog,1360,2023-08-24,No,2023-08-29,2023-09-02
ORD-09114,East,Van,Rain,376,2022-05-09,No,2022-05-11,2022-05-11
ORD-09115,South,Van,Fog,967,2023-01-23,No,2023-01-27,2023-01-31
ORD-09116,North,Semi-Trailer,Clear,535,2023-08-25,No,2023-08-27,2023-08-27
ORD-09117,North,Box Truck,Snow,399,2023-06-01,No,2023-06-03,2023-06-10
ORD-09118,West,Semi-Trailer,Fog,1322,2023-09-02,No,2023-09-07,2023-09-09
ORD-09119,South,Van,Fog,530,2023-10-13,No,2023-10-15,2023-10-16
ORD-09120,North,Box Truck,Snow,262,2022-12-01,No,2022-12-02,
ORD-09121,South,Box Truck,Clear,1128,2022-09-28,No,2022-10-02,2022-10-02
ORD-09122,North,Van,Clear,12,2023-03-29,No,2023-03-30,2023-03-30
ORD-09123,East,Box Truck,Clear,705,2023-04-01,No,2023-04-04,2023-04-06
ORD-09124,North,Box Truck,Rain,55,2023-08-18,No,2023-08-19,2023-08-19
ORD-09125,West,Van,Clear,662,2023-09-16,No,2023-09-19,2023-09-19
ORD-09126,East,Van,Clear,534,2022-08-05,No,2022-08-07,2022-08-07
ORD-09127,West,Box Truck,Clear,427,2022-09-04,No,2022-09-06,2022-09-06
ORD-09128,East,Van,Rain,1011,2022-10-18,No,2022-10-22,2022-10-22
ORD-09129,South,Semi-Trailer,Fog,1076,2022-02-10,No,2022-02-14,2022-02-17
ORD-09130,West,Van,Rain,905,2022-12-08,No,2022-12-12,2022-12-12
ORD-09131,North,Van,Rain,705,2023-10-17,No,2023-10-20,2023-10-21
ORD-09132,South,Semi-Trailer,Clear,568,2023-08-12,No,2023-08-14,2023-08-14
ORD-09133,North,Semi-Trailer,Snow,940,2023-02-13,No,2023-02-17,2023-02-23
ORD-09134,East,Van,Clear,1239,2023-04-20,Yes,2023-04-25,2023-04-25
ORD-09135,East,Box Truck,Clear,1308,2022-11-15,No,2022-11-20,2022-11-20
ORD-09136,North,Van,Fog,604,2022-06-27,No,2022-06-30,2022-07-03
ORD-09137,North,Van,Rain,1130,2022-03-10,No,2022-03-14,2022-03-14
ORD-09138,South,Van,Rain,1212,2022-09-12,No,2022-09-17,2022-09-17
ORD-09139,North,Van,Clear,876,2022-01-28,No,2022-01-31,2022-01-31
ORD-09140,West,Semi-Trailer,Clear,1181,2023-04-16,No,2023-04-20,2023-04-23
ORD-09141,West,Box Truck,Clear,393,2022-04-29,No,2022-05-01,2022-05-01
ORD-09142,North,Semi-Trailer,Clear,1105,2022-10-06,No,2022-10-10,2022-10-10
ORD-09143,West,Box Truck,Clear,226,2022-02-06,No,2022-02-07,2022-02-07
ORD-09144,North,Van,Clear,842,2023-11-29,Yes,2023-12-02,2023-12-02
ORD-09145,South,Box Truck,Clear,815,2023-09-29,No,2023-10-02,2023-10-02
ORD-09146,West,Semi-Trailer,Rain,1466,2022-08-16,No,2022-08-21,2022-08-21
ORD-09147,West,Box Truck,Fog,1066,2022-05-05,No,2022-05-09,2022-05-11
ORD-09148,North,Box Truck,Rain,790,2023-12-15,No,2023-12-18,2023-12-18
ORD-09149,West,Semi-Trailer,Snow,225,2022-11-13,No,2022-11-14,2022-11-15
ORD-09150,East,Van,Clear,110,2022-09-24,No,2022-09-25,2022-09-25
ORD-09151,South,Box Truck,Rain,479,2023-07-24,No,2023-07-26,2023-07-26
ORD-09152,South,Semi-Trailer,Clear,189,2022-08-12,No,2022-08-13,2022-08-15
ORD-09153,West,Semi-Trailer,Clear,648,2022-02-08,Yes,2022-02-11,2022-02-11
ORD-09154,West,Van,Clear,1366,2022-02-14,No,2022-02-19,2022-02-19
ORD-09155,East,Box Truck,Clear,1493,2023-10-01,No,2023-10-06,2023-10-06
ORD-09156,East,Box Truck,Rain,386,2022-01-29,No,2022-01-31,2022-01-31
ORD-09157,West,Van,Clear,690,2022-09-01,No,2022-09-04,2022-09-04
ORD-09158,West,Box Truck,Snow,826,2023-05-04,No,2023-05-07,2023-05-09
ORD-09159,East,Van,Fog,1168,2023-04-20,No,2023-04-24,2023-04-28
ORD-09160,North,Van,Clear,1443,2023-06-26,No,2023-07-01,2023-07-01
ORD-09161,East,Van,Clear,1188,2022-10-21,No,2022-10-25,2022-10-25
ORD-09162,North,Box Truck,Rain,289,2022-02-10,No,2022-02-11,2022-02-14
ORD-09163,South,Van,Clear,1232,2022-07-14,No,2022-07-19,2022-07-21
ORD-09164,South,Van,Clear,858,2023-02-16,No,2023-02-19,2023-02-19
ORD-09165,East,Van,Snow,762,2022-02-10,No,2022-02-13,2022-02-14
ORD-09166,North,Van,Fog,1450,2023-03-26,No,2023-03-31,2023-04-03
ORD-09167,East,Van,Rain,1131,2023-01-10,No,2023-01-14,2023-01-15
ORD-09168,East,Van,Clear,259,2022-08-29,No,2022-08-30,2022-09-02
ORD-09169,North,Box Truck,Clear,923,2022-08-01,No,2022-08-05,
ORD-09170,East,Box Truck,Clear,1138,2023-03-03,No,2023-03-07,2023-03-09
ORD-09171,South,Van,Clear,782,2022-09-01,No,2022-09-04,2022-09-05
ORD-09172,West,Van,Clear,650,2022-05-23,No,2022-05-26,2022-05-26
ORD-09173,West,Box Truck,Clear,336,2022-10-02,No,2022-10-04,2022-10-04
ORD-09174,East,Van,Fog,899,2022-06-15,No,2022-06-18,2022-06-21
ORD-09175,North,Semi-Trailer,Rain,780,2022-06-25,No,2022-06-28,2022-06-28
ORD-09176,North,Box Truck,Rain,386,2022-02-21,No,2022-02-23,2022-02-23
ORD-09177,South,Van,Fog,1048,2022-04-29,No,2022-05-03,2022-05-05
ORD-09178,North,Van,Clear,705,2023-03-13,No,2023-03-16,2023-03-16
ORD-09179,North,Box Truck,Clear,490,2022-11-17,,2022-11-19,2022-11-19
ORD-09180,South,Van,Snow,1049,2023-02-23,No,2023-02-27,2023-03-01
ORD-09181,East,Van,Fog,584,2022-01-15,No,2022-01-17,2022-01-21
ORD-09182,West,Van,Clear,494,2023-08-23,No,2023-08-25,2023-08-25
ORD-09183,South,Box Truck,Clear,1312,2023-02-10,No,2023-02-15,2023-02-15
ORD-09184,East,Box Truck,Rain,1366,2022-06-15,,2022-06-20,2022-06-20
ORD-09185,South,Van,Clear,949,2022-08-31,No,2022-09-04,2022-09-05
ORD-09186,East,Box Truck,Clear,266,2023-01-06,Yes,2023-01-07,2023-01-08
ORD-09187,South,Van,Clear,1218,2022-01-19,No,2022-01-24,2022-01-24
ORD-09188,East,Box Truck,Fog,36,2023-11-01,No,2023-11-02,2023-11-06
ORD-09189,South,Van,Clear,1058,2022-09-18,No,2022-09-22,2022-09-22
ORD-09190,East,Box Truck,Snow,1095,2023-11-09,No,2023-11-13,2023-11-16
ORD-09191,South,Semi-Trailer,Clear,242,2023-11-22,No,2023-11-23,2023-11-24
ORD-09192,West,Van,Clear,1497,2022-01-09,No,2022-01-14,2022-01-14
ORD-09193,West,Van,Fog,358,2022-10-14,No,2022-10-16,2022-10-18
ORD-09194,North,Van,Clear,1319,2022-12-15,No,2022-12-20,2022-12-23
ORD-09195,East,Van,Clear,423,2022-05-18,No,2022-05-20,2022-05-20
ORD-09196,South,Van,Clear,415,2022-01-20,No,2022-01-22,2022-01-22
ORD-09197,East,Semi-Trailer,Rain,1414,2022-10-31,No,2022-11-05,2022-11-05
ORD-09198,West,Semi-Trailer,Clear,1203,2022-11-07,No,2022-11-12,2022-11-12
ORD-09199,East,Van,Clear,1323,2022-11-22,Yes,2022-11-27,2022-11-27
ORD-09200,South,Box Truck,Rain,968,2022-07-03,No,2022-07-07,2022-07-07
ORD-09201,East,Box Truck,Clear,525,2023-07-26,No,2023-07-28,2023-07-28
ORD-09202,South,Box Truck,Clear,1019,2023-03-21,No,2023-03-25,2023-03-25
ORD-09203,West,Van,Rain,296,2022-11-13,No,2022-11-14,2022-11-14
ORD-09204,West,Van,Clear,316,2022-12-22,Yes,2022-12-24,2022-12-24
ORD-09205,West,Van,Clear,571,2022-06-25,No,2022-06-27,2022-06-27
ORD-09206,North,Van,Rain,791,2022-06-05,Yes,2022-06-08,2022-06-09
ORD-09207,West,Box Truck,Fog,1041,2023-07-22,Yes,2023-07-26,2023-07-30
ORD-09208,East,Box Truck,Clear,366,2023-03-14,No,2023-03-16,2023-03-18
ORD-09209,North,Van,Clear,590,2022-07-05,No,2022-07-07,2022-07-07
ORD-09210,West,Van,Rain,148,2022-02-19,No,2022-02-20,2022-02-21
ORD-09211,East,Semi-Trailer,Clear,1281,2022-02-01,No,2022-02-06,2022-02-06
ORD-09212,East,Box Truck,Clear,1216,2022-12-28,No,2023-01-02,2023-01-04
ORD-09213,East,Semi-Trailer,Clear,432,2023-10-10,No,2023-10-12,2023-10-12
ORD-09214,South,Van,Rain,406,2023-02-19,No,2023-02-21,2023-02-21
ORD-09215,North,Box Truck,Clear,841,2023-08-07,No,2023-08-10,2023-08-10
ORD-09216,East,Box Truck,Snow,314,2022-03-13,No,2022-03-15,2022-03-17
ORD-09217,South,Semi-Trailer,Rain,1052,2022-10-26,No,2022-10-30,2022-10-31
ORD-09218,West,Van,Clear,1416,2022-07-16,No,2022-07-21,2022-07-21
ORD-09219,East,Van,Clear,235,2023-11-26,No,2023-11-27,2023-11-27
ORD-09220,South,Van,Fog,1263,2023-10-06,No,2023-10-11,2023-10-13
ORD-09221,East,Semi-Trailer,Clear,860,2023-10-13,No,2023-10-16,2023-10-16
ORD-09222,North,Semi-Trailer,Clear,504,2022-09-27,No,2022-09-29,2022-09-29
ORD-09223,North,Semi-Trailer,Rain,636,2023-01-13,No,2023-01-16,2023-01-16
ORD-09224,West,Semi-Trailer,Clear,1392,2022-02-16,No,2022-02-21,2022-02-21
ORD-09225,East,Van,Clear,1406,2022-01-13,No,2022-01-18,2022-01-19
ORD-09226,South,Van,Clear,1111,2022-10-02,No,2022-10-06,2022-10-06
ORD-09227,West,Van,Clear,336,2022-08-22,No,2022-08-24,2022-08-24
ORD-09228,East,Van,Clear,1309,2022-03-07,Yes,2022-03-12,2022-03-12
ORD-09229,West,Semi-Trailer,Snow,1385,2022-12-14,No,2022-12-19,2022-12-21
ORD-09230,South,Semi-Trailer,Fog,1215,2022-11-26,No,2022-12-01,2022-12-02
ORD-09231,West,Van,Clear,514,2023-06-30,,2023-07-02,2023-07-02
ORD-09232,West,Box Truck,Clear,616,2022-07-03,No,2022-07-06,2022-07-09
ORD-09233,West,Semi-Trailer,Clear,1422,2023-10-19,No,2023-10-24,2023-10-26
ORD-09234,East,Van,Clear,616,2023-09-16,,2023-09-19,2023-09-19
ORD-09235,South,Van,Clear,1368,2022-11-06,No,2022-11-11,2022-11-11
ORD-09236,North,Van,Clear,1013,2022-03-17,No,2022-03-21,2022-03-21
ORD-09237,East,Van,Fog,1479,2023-09-21,No,2023-09-26,2023-10-01
ORD-09238,North,Box Truck,Clear,518,2022-04-02,No,2022-04-04,2022-04-04
ORD-09239,North,Van,Clear,666,2023-05-22,Yes,2023-05-25,2023-05-27
ORD-09240,East,Van,Clear,1281,2023-07-13,No,2023-07-18,2023-07-18
ORD-09241,East,Semi-Trailer,Clear,1326,2022-02-21,No,2022-02-26,2022-02-26
ORD-09242,South,Box Truck,Snow,540,2023-03-19,No,2023-03-21,2023-03-24
ORD-09243,South,Van,Clear,1171,2022-01-21,,2022-01-25,2022-01-25
ORD-09244,West,Semi-Trailer,Fog,1378,2022-07-10,No,2022-07-15,2022-07-16
ORD-09245,North,Van,Clear,46,2022-03-25,No,2022-03-26,2022-03-29
ORD-09246,South,Van,Rain,323,2023-08-13,No,2023-08-15,2023-08-15
ORD-09247,West,Semi-Trailer,Fog,229,2023-02-15,Yes,2023-02-16,2023-02-18
ORD-09248,South,Van,Clear,649,2023-02-25,No,2023-02-28,2023-02-28
ORD-09249,East,Box Truck,Clear,1176,2022-09-06,No,2022-09-10,2022-09-10
ORD-09250,South,Van,Rain,1437,2023-06-11,No,2023-06-16,2023-06-17
ORD-09251,North,Van,Clear,413,2023-07-15,No,2023-07-17,2023-07-20
ORD-09252,South,Box Truck,Rain,488,2022-12-26,No,2022-12-28,2022-12-28
ORD-09253,North,Van,Clear,731,2023-07-26,No,2023-07-29,2023-07-29
ORD-09254,East,Box Truck,Clear,946,2022-04-26,No,2022-04-30,2022-05-03
ORD-09255,North,Box Truck,Clear,833,2023-03-28,No,2023-03-31,2023-04-01
ORD-09256,South,Semi-Trailer,Fog,229,2022-07-01,No,2022-07-02,2022-07-09
ORD-09257,West,Box Truck,Clear,376,2023-03-28,Yes,2023-03-30,2023-03-30
ORD-09258,East,Van,Clear,1229,2023-12-09,No,2023-12-14,2023-12-14
ORD-09259,South,Semi-Trailer,Clear,993,2023-11-09,No,2023-11-13,2023-11-13
ORD-09260,East,Box Truck,Clear,693,2022-01-30,Yes,2022-02-02,2022-02-02
ORD-09261,East,Box Truck,Clear,978,2022-02-08,No,2022-02-12,2022-02-12
ORD-09262,South,Semi-Trailer,Clear,1065,2023-10-05,No,2023-10-09,2023-10-09
ORD-09263,South,Box Truck,Rain,1028,2023-02-01,No,2023-02-05,2023-02-07
ORD-09264,West,Van,Rain,1087,2023-03-24,No,2023-03-28,2023-03-28
ORD-09265,East,Box Truck,Clear,432,2023-06-07,No,2023-06-09,2023-06-09
ORD-09266,East,Van,Clear,1013,2023-03-19,No,2023-03-23,2023-03-23
ORD-09267,South,Van,Clear,243,2023-05-15,No,2023-05-16,2023-05-16
ORD-09268,North,Box Truck,Rain,838,2022-09-17,No,2022-09-20,2022-09-20
ORD-09269,South,Van,Clear,752,2023-03-30,No,2023-04-02,2023-04-02
ORD-09270,East,Van,Clear,1143,2022-12-25,No,2022-12-29,2022-12-30
ORD-09271,South,Van,Clear,996,2022-04-26,No,2022-04-30,2022-04-30
ORD-09272,West,Box Truck,Rain,888,2023-09-30,No,2023-10-03,2023-10-03
ORD-09273,North,Van,Fog,1133,2023-07-02,No,2023-07-06,2023-07-10
ORD-09274,South,Box Truck,Clear,1244,2023-05-15,Yes,2023-05-20,2023-05-20
ORD-09275,West,Van,Clear,742,2023-11-06,No,2023-11-09,2023-11-10
ORD-09276,East,Van,Clear,1436,2023-06-21,No,2023-06-26,2023-06-27
ORD-09277,South,Van,Clear,1183,2023-01-28,No,2023-02-01,2023-02-04
ORD-09278,East,Box Truck,Clear,684,2022-07-04,No,2022-07-07,2022-07-07
ORD-09279,West,Van,Fog,1427,2022-06-25,No,2022-06-30,2022-07-04
ORD-09280,East,Semi-Trailer,Clear,664,2022-03-17,Yes,2022-03-20,2022-03-20
ORD-09281,West,Semi-Trailer,Rain,267,2022-02-22,No,2022-02-23,2022-02-23
ORD-09282,West,Semi-Trailer,Clear,1278,2022-01-28,No,2022-02-02,2022-02-02
ORD-09283,West,Semi-Trailer,Snow,1011,2023-04-19,No,2023-04-23,2023-04-26
ORD-09284,South,Van,Clear,1183,2022-11-24,No,2022-11-28,2022-11-28
ORD-09285,East,Box Truck,Clear,633,2022-05-14,No,2022-05-17,2022-05-17
ORD-09286,East,Box Truck,Fog,108,2023-12-13,No,2023-12-14,2023-12-18
ORD-09287,North,Box Truck,Clear,1136,2022-03-05,No,2022-03-09,2022-03-09
ORD-09288,North,Semi-Trailer,Clear,21,2023-09-20,No,2023-09-21,2023-09-21
ORD-09289,North,Box Truck,Snow,1259,2022-11-29,No,2022-12-04,2022-12-05
ORD-09290,North,Semi-Trailer,Clear,822,2022-10-21,No,2022-10-24,2022-10-24
ORD-09291,East,Van,Clear,1475,2023-09-10,No,2023-09-15,2023-09-15
ORD-09292,West,Semi-Trailer,Snow,1181,2022-01-08,No,2022-01-12,2022-01-15
ORD-09293,West,Box Truck,Fog,188,2022-02-10,No,2022-02-11,2022-02-15
ORD-09294,South,Box Truck,Rain,1040,2023-10-24,No,2023-10-28,2023-10-28
ORD-09295,West,Van,Clear,161,2022-10-20,No,2022-10-21,2022-10-21
ORD-09296,East,Box Truck,Rain,844,2022-04-13,No,2022-04-16,2022-04-16
ORD-09297,East,Semi-Trailer,Rain,591,2023-11-11,No,2023-11-13,2023-11-13
ORD-09298,East,Van,Rain,1386,2023-08-26,No,2023-08-31,2023-08-31
ORD-09299,South,Box Truck,Snow,574,2023-06-23,No,2023-06-25,2023-06-30
ORD-09300,North,Van,Clear,1450,2022-09-24,No,2022-09-29,2022-09-29
ORD-09301,West,Semi-Trailer,Clear,205,2022-07-02,No,2022-07-03,2022-07-06
ORD-09302,East,Van,Rain,334,2023-09-26,No,2023-09-28,2023-09-29
ORD-09303,East,Van,Fog,491,2022-12-25,No,2022-12-27,2022-12-31
ORD-09304,North,Van,Clear,217,2023-09-20,No,2023-09-21,2023-09-21
ORD-09305,East,Box Truck,Fog,945,2022-09-09,,2022-09-13,2022-09-14
ORD-09306,West,Van,Fog,1336,2022-02-28,No,2022-03-05,2022-03-06
ORD-09307,South,Box Truck,Fog,1332,2022-06-29,No,2022-07-04,2022-07-07
ORD-09308,East,Semi-Trailer,Fog,966,2022-12-08,No,2022-12-12,2022-12-13
ORD-09309,West,Semi-Trailer,Snow,435,2022-10-23,No,2022-10-25,2022-10-30
ORD-09310,East,Van,Snow,1095,2022-07-21,No,2022-07-25,2022-07-30
ORD-09311,North,Semi-Trailer,Rain,1228,2023-11-18,No,2023-11-23,2023-11-25
ORD-09312,East,Box Truck,Clear,576,2023-08-25,No,2023-08-27,2023-08-27
ORD-09313,East,Van,Clear,1396,2023-04-19,No,2023-04-24,2023-04-24
ORD-09314,South,Van,Clear,627,2022-06-29,No,2022-07-02,2022-07-02
ORD-09315,North,Van,Clear,954,2022-12-05,No,2022-12-09,2022-12-09
ORD-09316,North,Semi-Trailer,Clear,1111,2023-10-25,No,2023-10-29,2023-11-01
ORD-09317,South,Van,Fog,896,2023-08-13,No,2023-08-16,2023-08-17
ORD-09318,East,Van,Rain,938,2023-09-27,,2023-10-01,2023-10-01
ORD-09319,West,Box Truck,Clear,293,2023-05-10,No,2023-05-11,2023-05-11
ORD-09320,North,Box Truck,Rain,1090,2022-08-14,No,2022-08-18,2022-08-18
ORD-09321,North,Box Truck,Clear,690,2022-11-17,No,2022-11-20,2022-11-20
ORD-09322,East,Box Truck,Clear,385,2023-04-20,No,2023-04-22,2023-04-22
ORD-09323,East,Van,Snow,385,2023-08-15,No,2023-08-17,2023-08-21
ORD-09324,North,Semi-Trailer,Clear,781,2022-05-11,No,2022-05-14,2022-05-14
ORD-09325,East,Van,Rain,797,2023-08-24,No,2023-08-27,2023-08-27
ORD-09326,West,Box Truck,Clear,382,2023-07-21,No,2023-07-23,2023-07-26
ORD-09327,North,Box Truck,Clear,866,2023-09-17,,2023-09-20,2023-09-20
ORD-09328,West,Van,Snow,253,2022-02-17,No,2022-02-18,2022-02-19
ORD-09329,West,Semi-Trailer,Clear,771,2023-09-25,No,2023-09-28,2023-09-28
ORD-09330,East,Van,Fog,1072,2023-10-25,No,2023-10-29,2023-10-30
ORD-09331,West,Van,Clear,1342,2022-06-29,No,2022-07-04,2022-07-04
ORD-09332,East,Semi-Trailer,Clear,642,2023-02-03,No,2023-02-06,2023-02-06
ORD-09333,South,Box Truck,Fog,95,2022-07-13,No,2022-07-14,2022-07-18
ORD-09334,East,Box Truck,Fog,108,2023-10-10,No,2023-10-11,2023-10-15
ORD-09335,West,Box Truck,Clear,383,2022-03-15,No,2022-03-17,2022-03-17
ORD-09336,South,Semi-Trailer,Clear,767,2023-05-02,No,2023-05-05,2023-05-08
ORD-09337,East,Van,Rain,1241,2023-05-31,No,2023-06-05,2023-06-06
ORD-09338,West,Van,Clear,634,2023-03-03,No,2023-03-06,2023-03-08
ORD-09339,North,Van,Clear,992,2022-07-06,No,2022-07-10,2022-07-10
ORD-09340,North,Van,Rain,92,2022-02-20,Yes,2022-02-21,2022-02-24
ORD-09341,East,Box Truck,Clear,10,2022-06-19,No,2022-06-20,2022-06-20
ORD-09342,East,Van,Clear,446,2022-03-18,No,2022-03-20,2022-03-20
ORD-09343,North,Van,Clear,695,2023-01-26,No,2023-01-29,2023-01-29
ORD-09344,West,Van,Fog,259,2023-11-21,No,2023-11-22,2023-11-23
ORD-09345,West,Box Truck,Rain,419,2022-10-29,No,2022-10-31,2022-10-31
ORD-09346,West,Semi-Trailer,Rain,747,2022-01-20,No,2022-01-23,2022-01-23
ORD-09347,East,Van,Clear,1419,2022-06-01,No,2022-06-06,2022-06-06
ORD-09348,South,Box Truck,Clear,1117,2022-03-24,No,2022-03-28,2022-03-29
ORD-09349,South,Van,Clear,499,2023-07-27,No,2023-07-29,2023-07-29
ORD-09350,South,Box Truck,Clear,248,2022-12-15,No,2022-12-16,2022-12-16
ORD-09351,South,Van,Clear,932,2022-10-22,No,2022-10-26,2022-10-26
ORD-09352,South,Van,Clear,549,2023-12-29,No,2023-12-31,2023-12-31
ORD-09353,East,Box Truck,Rain,389,2022-06-16,No,2022-06-18,2022-06-20
ORD-09354,East,Semi-Trailer,Rain,808,2022-03-12,No,2022-03-15,2022-03-15
ORD-09355,South,Van,Clear,952,2022-01-01,No,2022-01-05,2022-01-05
ORD-09356,East,Box Truck,Rain,1424,2023-01-01,No,2023-01-06,2023-01-06
ORD-09357,East,Box Truck,Rain,1361,2022-04-22,No,2022-04-27,2022-04-27
ORD-09358,South,Semi-Trailer,Clear,1337,2023-06-30,No,2023-07-05,2023-07-06
ORD-09359,West,Van,Clear,1315,2022-05-15,No,2022-05-20,2022-05-22
ORD-09360,East,Van,Rain,704,2022-10-11,No,2022-10-14,2022-10-14
ORD-09361,West,Semi-Trailer,Clear,1378,2022-09-14,No,2022-09-19,2022-09-19
ORD-09362,East,Van,Clear,144,2022-07-07,No,2022-07-08,2022-07-08
ORD-09363,East,Van,Clear,370,2023-12-15,Yes,2023-12-17,2023-12-18
ORD-09364,South,Van,Clear,578,2022-03-24,No,2022-03-26,2022-03-27
ORD-09365,East,Semi-Trailer,Fog,1148,2023-04-28,No,2023-05-02,2023-05-04
ORD-09366,North,Van,Rain,195,2022-09-18,No,2022-09-19,2022-09-22
ORD-09367,North,Semi-Trailer,Clear,487,2022-02-27,Yes,2022-03-01,2022-03-01
ORD-09368,South,Van,Fog,897,2022-03-25,No,2022-03-28,2022-03-30
ORD-09369,West,Van,Rain,10,2023-01-22,No,2023-01-23,2023-01-26
ORD-09370,West,Van,Rain,859,2022-01-28,No,2022-01-31,2022-02-01
ORD-09371,West,Van,Clear,977,2022-03-06,No,2022-03-10,2022-03-10
ORD-09372,North,Box Truck,Clear,550,2022-03-04,No,2022-03-06,
ORD-09373,West,Box Truck,Clear,1001,2023-06-23,No,2023-06-27,2023-06-29
ORD-09374,West,Van,Clear,1457,2022-05-26,No,2022-05-31,2022-05-31
ORD-09375,South,Van,Clear,711,2023-11-07,No,2023-11-10,2023-11-10
ORD-09376,West,Box Truck,Clear,279,2022-01-30,No,2022-01-31,2022-01-31
ORD-09377,North,Semi-Trailer,Clear,907,2022-09-18,No,2022-09-22,2022-09-22
ORD-09378,North,Box Truck,Clear,428,2023-01-06,No,2023-01-08,2023-01-08
ORD-09379,North,Semi-Trailer,Snow,1360,2022-11-12,No,2022-11-17,2022-11-20
ORD-09380,South,Van,Clear,204,2023-06-21,No,2023-06-22,2023-06-22
ORD-09381,South,Semi-Trailer,Snow,264,2023-03-14,No,2023-03-15,2023-03-19
ORD-09382,East,Van,Rain,88,2022-02-11,No,2022-02-12,2022-02-12
ORD-09383,West,Van,Clear,1131,2022-04-02,,2022-04-06,2022-04-06
ORD-09384,South,Semi-Trailer,Clear,1183,2023-05-11,No,2023-05-15,2023-05-15
ORD-09385,North,Semi-Trailer,Fog,795,2022-05-03,No,2022-05-06,2022-05-10
ORD-09386,North,Box Truck,Clear,823,2022-12-14,No,2022-12-17,2022-12-17
ORD-09387,South,Van,Rain,456,2022-03-31,No,2022-04-02,2022-04-02
ORD-09388,South,Van,Rain,132,2023-08-02,No,2023-08-03,2023-08-04
ORD-09389,South,Van,Clear,685,2023-09-13,No,2023-09-16,2023-09-16
ORD-09390,East,Semi-Trailer,Clear,368,2023-11-04,No,2023-11-06,2023-11-06
ORD-09391,North,Van,Clear,248,2023-01-20,No,2023-01-21,2023-01-21
ORD-09392,East,Semi-Trailer,Snow,814,2023-11-19,No,2023-11-22,2023-11-24
ORD-09393,East,Van,Snow,692,2023-09-07,No,2023-09-10,2023-09-13
ORD-09394,West,Semi-Trailer,Fog,678,2022-03-31,No,2022-04-03,2022-04-04
ORD-09395,North,Semi-Trailer,Clear,213,2022-06-24,No,2022-06-25,2022-06-25
ORD-09396,North,Van,Clear,152,2023-01-28,No,2023-01-29,2023-01-29
ORD-09397,South,Van,Clear,196,2022-03-27,No,2022-03-28,2022-03-28
ORD-09398,South,Semi-Trailer,Fog,131,2023-02-06,No,2023-02-07,2023-02-11
ORD-09399,West,Box Truck,Clear,1383,2023-02-21,No,2023-02-26,2023-02-28
ORD-09400,East,Box Truck,Clear,1133,2023-12-03,No,2023-12-07,2023-12-07
ORD-09401,South,Box Truck,Fog,293,2022-04-02,Yes,2022-04-03,2022-04-05
ORD-09402,South,Van,Clear,958,2022-11-15,No,2022-11-19,2022-11-19
ORD-09403,North,Semi-Trailer,Clear,536,2022-06-11,No,2022-06-13,2022-06-15
ORD-09404,North,Van,Clear,393,2022-09-10,No,2022-09-12,2022-09-12
ORD-09405,South,Semi-Trailer,Clear,907,2022-08-30,No,2022-09-03,2022-09-03
ORD-09406,North,Van,Fog,196,2023-10-15,No,2023-10-16,2023-10-19
ORD-09407,West,Box Truck,Clear,1041,2023-09-27,Yes,2023-10-01,2023-10-01
ORD-09408,South,Van,Clear,633,2022-05-19,No,2022-05-22,2022-05-22
ORD-09409,North,Van,Clear,554,2022-02-14,No,2022-02-16,2022-02-16
ORD-09410,West,Van,Clear,1452,2023-09-07,No,2023-09-12,2023-09-12
ORD-09411,North,Box Truck,Clear,923,2023-08-18,No,2023-08-22,2023-08-23
ORD-09412,North,Box Truck,Clear,99,2022-01-24,No,2022-01-25,2022-01-25
ORD-09413,North,Semi-Trailer,Rain,505,2023-11-21,No,2023-11-23,2023-11-23
ORD-09414,South,Van,Clear,969,2023-04-26,No,2023-04-30,2023-04-30
ORD-09415,East,Box Truck,Rain,125,2022-09-02,No,2022-09-03,2022-09-03
ORD-09416,North,Box Truck,Clear,694,2023-04-01,No,2023-04-04,2023-04-04
ORD-09417,West,Van,Rain,1053,2023-10-17,Yes,2023-10-21,2023-10-21
ORD-09418,South,Van,Clear,141,2023-08-28,No,2023-08-29,
ORD-09419,South,Van,Clear,1325,2022-12-24,No,2022-12-29,2022-12-29
ORD-09420,West,Van,Fog,1387,2023-09-30,No,2023-10-05,2023-10-08
ORD-09421,North,Van,Clear,1270,2023-05-04,No,2023-05-09,2023-05-12
ORD-09422,East,Box Truck,Clear,232,2023-10-13,No,2023-10-14,2023-10-14
ORD-09423,North,Van,Clear,445,2023-05-24,Yes,2023-05-26,2023-05-28
ORD-09424,West,Box Truck,Clear,1072,2023-04-07,No,2023-04-11,2023-04-11
ORD-09425,South,Semi-Trailer,Clear,336,2023-07-06,No,2023-07-08,2023-07-09
ORD-09426,East,Box Truck,Clear,1242,2022-10-21,No,2022-10-26,2022-10-26
ORD-09427,South,Box Truck,Rain,115,2022-01-20,No,2022-01-21,2022-01-22
ORD-09428,West,Van,Rain,661,2023-04-04,No,2023-04-07,2023-04-07
ORD-09429,North,Semi-Trailer,Rain,1282,2022-07-23,No,2022-07-28,2022-07-28
ORD-09430,East,Van,Clear,576,2022-04-06,No,2022-04-08,2022-04-11
ORD-09431,South,Box Truck,Clear,639,2022-07-04,No,2022-07-07,2022-07-07
ORD-09432,South,Semi-Trailer,Rain,697,2023-04-21,No,2023-04-24,2023-04-24
ORD-09433,South,Box Truck,Clear,1387,2023-09-26,No,2023-10-01,2023-10-01
ORD-09434,North,Box Truck,Rain,479,2022-05-10,No,2022-05-12,2022-05-12
ORD-09435,East,Van,Clear,734,2022-06-13,No,2022-06-16,2022-06-16
ORD-09436,North,Van,Clear,274,2023-12-29,No,2023-12-30,2023-12-30
ORD-09437,North,Box Truck,Snow,1497,2023-03-07,No,2023-03-12,2023-03-16
ORD-09438,North,Van,Rain,846,2023-10-07,,2023-10-10,2023-10-10
ORD-09439,West,Box Truck,Rain,860,2023-06-20,No,2023-06-23,2023-06-23
ORD-09440,West,Van,Snow,1474,2023-07-29,No,2023-08-03,2023-08-04
ORD-09441,West,Semi-Trailer,Rain,1317,2023-12-19,No,2023-12-24,2023-12-25
ORD-09442,East,Van,Clear,794,2023-09-24,No,2023-09-27,2023-09-27
ORD-09443,North,Box Truck,Fog,543,2023-12-14,No,2023-12-16,2023-12-19
ORD-09444,North,Box Truck,Rain,378,2023-02-24,No,2023-02-26,
ORD-09445,West,Van,Rain,708,2022-07-11,No,2022-07-14,2022-07-14
ORD-09446,North,Van,Clear,955,2023-11-05,No,2023-11-09,2023-11-10
ORD-09447,North,Van,Fog,163,2022-09-26,No,2022-09-27,2022-10-04
ORD-09448,South,Van,Clear,629,2022-04-12,No,2022-04-15,2022-04-15
ORD-09449,North,Van,Clear,325,2022-01-22,No,2022-01-24,2022-01-24
ORD-09450,South,Van,Clear,1333,2023-07-18,No,2023-07-23,2023-07-23
ORD-09451,North,Box Truck,Clear,1473,2023-07-13,No,2023-07-18,2023-07-18
ORD-09452,East,Van,Clear,820,2023-01-12,No,2023-01-15,2023-01-15
ORD-09453,West,Semi-Trailer,Snow,160,2023-12-26,No,2023-12-27,2023-12-30
ORD-09454,South,Box Truck,Rain,1439,2023-01-13,No,2023-01-18,2023-01-19
ORD-09455,West,Van,Clear,184,2022-08-23,No,2022-08-24,2022-08-24
ORD-09456,South,Van,Rain,1088,2022-03-25,No,2022-03-29,2022-03-29
ORD-09457,South,Semi-Trailer,Clear,788,2022-03-31,No,2022-04-03,2022-04-04
ORD-09458,South,Van,Clear,1344,2022-05-13,No,2022-05-18,2022-05-18
ORD-09459,East,Box Truck,Clear,163,2022-05-07,No,2022-05-08,2022-05-08
ORD-09460,North,Box Truck,Snow,510,2022-06-30,No,2022-07-02,2022-07-06
ORD-09461,South,Van,Clear,1223,2022-01-12,No,2022-01-17,2022-01-17
ORD-09462,East,Semi-Trailer,Clear,515,2023-04-12,No,2023-04-14,2023-04-14
ORD-09463,South,Van,Clear,158,2022-01-18,No,2022-01-19,
ORD-09464,North,Van,Rain,17,2023-09-29,No,2023-09-30,2023-09-30
ORD-09465,South,Semi-Trailer,Rain,602,2022-12-28,No,2022-12-31,2022-12-31
ORD-09466,East,Box Truck,Clear,600,2023-08-23,No,2023-08-26,2023-08-26
ORD-09467,North,Semi-Trailer,Clear,478,2022-07-30,No,2022-08-01,2022-08-01
ORD-09468,East,Box Truck,Rain,330,2023-10-02,No,2023-10-04,2023-10-04
ORD-09469,North,Box Truck,Rain,581,2023-01-26,No,2023-01-28,2023-01-28
ORD-09470,North,Semi-Trailer,Clear,460,2022-08-19,No,2022-08-21,2022-08-21
ORD-09471,West,Van,Snow,137,2022-01-12,No,2022-01-13,2022-01-17
ORD-09472,West,Box Truck,Fog,1320,2023-01-19,No,2023-01-24,2023-01-29
ORD-09473,West,Box Truck,Clear,862,2022-02-23,No,2022-02-26,2022-02-26
ORD-09474,North,Van,Clear,96,2023-05-01,No,2023-05-02,2023-05-02
ORD-09475,South,Box Truck,Clear,1114,2022-01-27,No,2022-01-31,2022-01-31
ORD-09476,East,Van,Rain,543,2023-08-18,No,2023-08-20,2023-08-20
ORD-09477,East,Box Truck,Clear,1285,2022-11-02,,2022-11-07,2022-11-07
ORD-09478,East,Box Truck,Clear,199,2023-09-27,No,2023-09-28,2023-09-28
ORD-09479,West,Semi-Trailer,Rain,833,2023-12-15,No,2023-12-18,2023-12-18
ORD-09480,North,Van,Snow,388,2022-08-09,No,2022-08-11,2022-08-17
ORD-09481,West,Box Truck,Clear,465,2023-09-09,No,2023-09-11,2023-09-12
ORD-09482,South,Van,Clear,1041,2022-09-17,No,2022-09-21,2022-09-21
ORD-09483,North,Box Truck,Clear,327,2023-11-27,No,2023-11-29,2023-11-29
ORD-09484,East,Box Truck,Rain,343,2022-07-16,No,2022-07-18,2022-07-18
ORD-09485,West,Box Truck,Rain,239,2022-02-10,,2022-02-11,2022-02-11
ORD-09486,West,Semi-Trailer,Clear,673,2022-01-11,No,2022-01-14,2022-01-14
ORD-09487,South,Semi-Trailer,Clear,517,2022-04-08,No,2022-04-10,2022-04-11
ORD-09488,South,Van,Rain,799,2023-01-27,No,2023-01-30,2023-01-30
ORD-09489,West,Van,Clear,933,2022-10-01,No,2022-10-05,2022-10-05
ORD-09490,South,Box Truck,Rain,1439,2023-06-28,No,2023-07-03,2023-07-03
ORD-09491,East,Van,Clear,1320,2023-12-26,No,2023-12-31,2024-01-01
ORD-09492,South,Van,Snow,978,2023-08-05,No,2023-08-09,2023-08-12
ORD-09493,South,Box Truck,Clear,769,2022-09-11,No,2022-09-14,2022-09-14
ORD-09494,West,Van,Clear,455,2022-07-02,No,2022-07-04,2022-07-04
ORD-09495,West,Van,Clear,1376,2022-08-21,No,2022-08-26,2022-08-26
ORD-09496,North,Semi-Trailer,Snow,334,2022-07-11,No,2022-07-13,2022-07-17
ORD-09497,North,Van,Clear,886,2023-12-21,No,2023-12-24,2023-12-24
ORD-09498,West,Van,Clear,176,2022-12-30,No,2022-12-31,2022-12-31
ORD-09499,South,Van,Fog,1329,2022-01-08,No,2022-01-13,2022-01-17
ORD-09500,South,Semi-Trailer,Fog,590,2023-04-20,No,2023-04-22,2023-04-26
ORD-09501,North,Semi-Trailer,Fog,1216,2022-02-06,No,2022-02-11,2022-02-14
ORD-09502,North,Box Truck,Clear,848,2023-11-26,No,2023-11-29,2023-11-30
ORD-09503,North,Van,Snow,1119,2022-05-07,No,2022-05-11,2022-05-13
ORD-09504,East,Semi-Trailer,Clear,815,2022-01-07,No,2022-01-10,2022-01-10
ORD-09505,East,Box Truck,Clear,1182,2023-12-05,No,2023-12-09,2023-12-09
ORD-09506,North,Semi-Trailer,Clear,781,2022-01-06,No,2022-01-09,2022-01-09
ORD-09507,South,Box Truck,Clear,937,2022-10-15,No,2022-10-19,2022-10-19
ORD-09508,North,Van,Clear,870,2022-07-04,,2022-07-07,2022-07-07
ORD-09509,East,Van,Clear,965,2022-10-09,No,2022-10-13,2022-10-14
ORD-09510,South,Van,Snow,68,2023-04-03,No,2023-04-04,2023-04-05
ORD-09511,East,Van,Clear,615,2022-10-18,No,2022-10-21,2022-10-21
ORD-09512,South,Box Truck,Clear,14,2023-01-14,No,2023-01-15,2023-01-15
ORD-09513,East,Semi-Trailer,Clear,92,2022-01-01,No,2022-01-02,2022-01-03
ORD-09514,South,Box Truck,Fog,849,2022-05-28,No,2022-05-31,2022-06-05
ORD-09515,South,Van,Clear,1416,2022-01-05,No,2022-01-10,2022-01-10
ORD-09516,South,Van,Clear,558,2023-02-15,No,2023-02-17,2023-02-17
ORD-09517,South,Van,Clear,1060,2023-01-21,No,2023-01-25,2023-01-25
ORD-09518,West,Van,Snow,534,2023-10-13,No,2023-10-15,2023-10-16
ORD-09519,East,Van,Clear,1011,2022-07-31,No,2022-08-04,2022-08-04
ORD-09520,East,Box Truck,Clear,423,2023-05-17,No,2023-05-19,2023-05-19
ORD-09521,West,Van,Clear,724,2023-05-10,No,2023-05-13,2023-05-13
ORD-09522,South,Semi-Trailer,Snow,189,2022-01-06,No,2022-01-07,2022-01-10
ORD-09523,South,Van,Clear,1497,2022-01-02,No,2022-01-07,2022-01-09
ORD-09524,East,Semi-Trailer,Rain,792,2022-08-10,No,2022-08-13,2022-08-13
ORD-09525,West,Box Truck,Clear,910,2022-06-03,No,2022-06-07,2022-06-07
ORD-09526,South,Van,Fog,536,2023-05-25,No,2023-05-27,2023-05-28
ORD-09527,South,Box Truck,Clear,10,2022-06-11,No,2022-06-12,2022-06-12
ORD-09528,South,Box Truck,Rain,280,2023-05-30,,2023-05-31,2023-05-31
ORD-09529,North,Box Truck,Clear,493,2022-12-21,No,2022-12-23,2022-12-23
ORD-09530,West,Box Truck,Clear,965,2023-06-26,No,2023-06-30,2023-06-30
ORD-09531,South,Van,Clear,1081,2023-01-24,No,2023-01-28,2023-01-29
ORD-09532,North,Box Truck,Rain,703,2023-12-02,No,2023-12-05,2023-12-06
ORD-09533,West,Semi-Trailer,Fog,1216,2023-07-29,No,2023-08-03,2023-08-04
ORD-09534,South,Van,Clear,849,2022-02-06,Yes,2022-02-09,2022-02-09
ORD-09535,East,Van,Snow,382,2022-10-20,No,2022-10-22,2022-10-26
ORD-09536,North,Semi-Trailer,Clear,548,2022-07-09,No,2022-07-11,2022-07-11
ORD-09537,North,Van,Fog,679,2023-07-19,No,2023-07-22,2023-07-25
ORD-09538,South,Box Truck,Clear,581,2022-08-13,No,2022-08-15,2022-08-15
ORD-09539,South,Box Truck,Clear,75,2022-01-14,No,2022-01-15,2022-01-15
ORD-09540,North,Box Truck,Clear,61,2022-10-19,No,2022-10-20,2022-10-23
ORD-09541,East,Van,Rain,479,2023-01-26,No,2023-01-28,2023-01-28
ORD-09542,East,Van,Rain,252,2022-07-31,No,2022-08-01,2022-08-01
ORD-09543,West,Van,Clear,346,2023-10-23,No,2023-10-25,2023-10-26
ORD-09544,South,Box Truck,Clear,765,2023-07-25,No,2023-07-28,2023-07-28
ORD-09545,East,Box Truck,Clear,1154,2023-09-22,No,2023-09-26,2023-09-28
ORD-09546,West,Box Truck,Clear,563,2023-05-31,No,2023-06-02,2023-06-02
ORD-09547,East,Box Truck,Clear,1078,2023-05-26,No,2023-05-30,2023-05-30
ORD-09548,South,Van,Clear,61,2022-05-10,No,2022-05-11,2022-05-11
ORD-09549,West,Van,Clear,1184,2023-07-15,No,2023-07-19,2023-07-19
ORD-09550,West,Semi-Trailer,Rain,422,2022-06-11,No,2022-06-13,2022-06-13
ORD-09551,West,Van,Rain,578,2022-09-13,Yes,2022-09-15,2022-09-15
ORD-09552,East,Van,Clear,1242,2022-09-20,No,2022-09-25,2022-09-25
ORD-09553,South,Van,Rain,17,2023-02-21,No,2023-02-22,2023-02-22
ORD-09554,West,Van,Clear,955,2023-10-26,No,2023-10-30,2023-10-30
ORD-09555,North,Van,Rain,1424,2022-11-23,No,2022-11-28,2022-11-28
ORD-09556,South,Semi-Trailer,Clear,256,2023-08-20,No,2023-08-21,2023-08-21
ORD-09557,North,Semi-Trailer,Rain,1428,2022-08-06,,2022-08-11,2022-08-11
ORD-09558,North,Semi-Trailer,Clear,843,2023-10-11,No,2023-10-14,2023-10-14
ORD-09559,West,Semi-Trailer,Clear,1372,2023-06-30,,2023-07-05,2023-07-05
ORD-09560,West,Semi-Trailer,Rain,421,2022-12-21,No,2022-12-23,2022-12-23
ORD-09561,East,Box Truck,Clear,961,2023-10-03,No,2023-10-07,2023-10-08
ORD-09562,East,Van,Clear,1378,2023-01-19,No,2023-01-24,2023-01-24
ORD-09563,East,Box Truck,Rain,852,2023-05-20,,2023-05-23,2023-05-23
ORD-09564,South,Van,Snow,1329,2023-10-05,No,2023-10-10,2023-10-16
ORD-09565,East,Van,Clear,244,2023-03-29,No,2023-03-30,2023-03-30
ORD-09566,North,Van,Clear,651,2022-06-23,No,2022-06-26,2022-06-26
ORD-09567,East,Box Truck,Clear,597,2022-01-17,No,2022-01-19,
ORD-09568,West,Van,Rain,1478,2023-10-13,No,2023-10-18,2023-10-18
ORD-09569,East,Van,Clear,242,2023-01-06,No,2023-01-07,2023-01-07
ORD-09570,South,Van,Snow,751,2022-03-29,No,2022-04-01,2022-04-05
ORD-09571,South,Semi-Trailer,Clear,1006,2022-03-23,No,2022-03-27,2022-03-29
ORD-09572,North,Box Truck,Clear,319,2022-10-08,No,2022-10-10,2022-10-10
ORD-09573,South,Semi-Trailer,Clear,953,2023-06-26,Yes,2023-06-30,2023-06-30
ORD-09574,East,Van,Clear,917,2022-03-20,No,2022-03-24,2022-03-26
ORD-09575,West,Van,Rain,710,2023-11-08,No,2023-11-11,2023-11-11
ORD-09576,South,Box Truck,Clear,487,2023-10-22,No,2023-10-24,2023-10-24
ORD-09577,North,Van,Fog,345,2023-02-15,No,2023-02-17,2023-02-19
ORD-09578,East,Box Truck,Clear,61,2023-12-05,No,2023-12-06,
ORD-09579,North,Box Truck,Clear,555,2022-07-28,No,2022-07-30,2022-08-02
ORD-09580,South,Box Truck,Clear,310,2022-11-16,No,2022-11-18,2022-11-18
ORD-09581,South,Semi-Trailer,Snow,650,2022-09-03,No,2022-09-06,2022-09-10
ORD-09582,North,Van,Rain,1276,2023-12-04,No,2023-12-09,2023-12-09
ORD-09583,East,Van,Clear,365,2022-05-11,No,2022-05-13,2022-05-13
ORD-09584,South,Box Truck,Fog,829,2023-03-04,No,2023-03-07,2023-03-08
ORD-09585,West,Van,Clear,844,2022-05-24,No,2022-05-27,2022-05-27
ORD-09586,South,Van,Rain,597,2023-11-16,No,2023-11-18,2023-11-18
ORD-09587,East,Van,Snow,1475,2022-05-30,No,2022-06-04,2022-06-08
ORD-09588,South,Van,Rain,886,2023-01-13,No,2023-01-16,2023-01-16
ORD-09589,North,Van,Fog,740,2023-03-24,No,2023-03-27,2023-04-02
ORD-09590,South,Van,Snow,1152,2022-05-25,No,2022-05-29,2022-05-30
ORD-09591,South,Box Truck,Fog,1442,2023-08-26,No,2023-08-31,2023-09-01
ORD-09592,East,Box Truck,Clear,1404,2022-10-08,No,2022-10-13,2022-10-13
ORD-09593,North,Box Truck,Clear,746,2022-02-07,No,2022-02-10,2022-02-11
ORD-09594,East,Box Truck,Rain,1106,2022-11-24,No,2022-11-28,2022-11-28
ORD-09595,South,Van,Rain,1482,2022-06-25,No,2022-06-30,2022-07-03
ORD-09596,West,Van,Clear,833,2023-10-24,No,2023-10-27,2023-10-28
ORD-09597,South,Van,Clear,165,2022-11-13,No,2022-11-14,2022-11-17
ORD-09598,East,Semi-Trailer,Snow,780,2022-11-03,No,2022-11-06,2022-11-10
ORD-09599,West,Box Truck,Fog,943,2022-05-12,No,2022-05-16,2022-05-18
ORD-09600,East,Van,Clear,585,2022-04-21,No,2022-04-23,2022-04-24
ORD-09601,East,Van,Clear,1343,2022-03-28,No,2022-04-02,2022-04-02
ORD-09602,North,Semi-Trailer,Clear,1069,2022-06-24,No,2022-06-28,2022-06-28
ORD-09603,West,Box Truck,Clear,257,2022-06-30,Yes,2022-07-01,2022-07-01
ORD-09604,South,Semi-Trailer,Rain,1461,2023-04-10,No,2023-04-15,2023-04-15
ORD-09605,East,Van,Fog,1077,2023-09-28,No,2023-10-02,2023-10-03
ORD-09606,South,Van,Clear,462,2023-04-04,No,2023-04-06,2023-04-06
ORD-09607,North,Box Truck,Clear,1152,2022-01-19,No,2022-01-23,2022-01-23
ORD-09608,North,Box Truck,Rain,1382,2023-11-13,No,2023-11-18,2023-11-18
ORD-09609,West,Box Truck,Clear,702,2022-04-24,No,2022-04-27,
ORD-09610,North,Box Truck,Clear,918,2022-05-26,No,2022-05-30,2022-05-30
ORD-09611,North,Box Truck,Rain,949,2023-08-16,No,2023-08-20,2023-08-20
ORD-09612,South,Box Truck,Snow,1421,2022-07-21,No,2022-07-26,2022-07-29
ORD-09613,North,Van,Clear,1103,2023-06-30,No,2023-07-04,2023-07-04
ORD-09614,North,Van,Rain,956,2023-11-18,No,2023-11-22,2023-11-22
ORD-09615,East,Semi-Trailer,Clear,463,2023-05-05,No,2023-05-07,2023-05-07
ORD-09616,North,Van,Clear,276,2022-07-20,Yes,2022-07-21,2022-07-21
ORD-09617,East,Box Truck,Clear,740,2022-06-22,No,2022-06-25,2022-06-25
ORD-09618,North,Box Truck,Clear,1471,2023-10-05,,2023-10-10,2023-10-12
ORD-09619,North,Semi-Trailer,Clear,375,2023-05-17,No,2023-05-19,2023-05-19
ORD-09620,West,Van,Clear,1220,2022-09-08,No,2022-09-13,2022-09-13
ORD-09621,West,Van,Rain,1260,2023-01-19,No,2023-01-24,2023-01-24
ORD-09622,East,Semi-Trailer,Rain,70,2023-10-30,No,2023-10-31,2023-10-31
ORD-09623,North,Semi-Trailer,Clear,177,2022-07-02,No,2022-07-03,2022-07-03
ORD-09624,South,Box Truck,Clear,141,2023-01-25,No,2023-01-26,2023-01-26
ORD-09625,West,Van,Clear,164,2022-02-03,No,2022-02-04,2022-02-04
ORD-09626,South,Van,Clear,793,2022-06-18,No,2022-06-21,2022-06-21
ORD-09627,West,Box Truck,Clear,731,2022-12-15,No,2022-12-18,2022-12-18
ORD-09628,West,Semi-Trailer,Rain,16,2022-11-27,No,2022-11-28,2022-11-28
ORD-09629,North,Semi-Trailer,Clear,532,2022-02-01,No,2022-02-03,2022-02-03
ORD-09630,West,Van,Clear,260,2023-02-25,No,2023-02-26,2023-02-26
ORD-09631,South,Van,Clear,701,2023-02-05,No,2023-02-08,2023-02-08
ORD-09632,West,Van,Clear,1295,2022-01-14,No,2022-01-19,2022-01-21
ORD-09633,East,Semi-Trailer,Fog,129,2023-08-15,No,2023-08-16,2023-08-20
ORD-09634,North,Box Truck,Clear,57,2022-02-01,No,2022-02-02,2022-02-02
ORD-09635,North,Van,Clear,1102,2022-11-18,No,2022-11-22,2022-11-22
ORD-09636,East,Van,Rain,1295,2022-06-29,No,2022-07-04,2022-07-04
ORD-09637,East,Box Truck,Clear,751,2022-07-07,,2022-07-10,2022-07-10
ORD-09638,East,Van,Clear,1478,2023-01-04,No,2023-01-09,2023-01-09
ORD-09639,West,Semi-Trailer,Snow,1264,2022-04-04,No,2022-04-09,2022-04-13
ORD-09640,North,Box Truck,Snow,233,2022-10-29,No,2022-10-30,2022-11-01
ORD-09641,East,Van,Clear,466,2023-08-04,No,2023-08-06,2023-08-06
ORD-09642,West,Van,Clear,728,2023-03-03,No,2023-03-06,2023-03-08
ORD-09643,East,Semi-Trailer,Rain,862,2022-12-16,No,2022-12-19,2022-12-19
ORD-09644,South,Van,Clear,1399,2023-06-18,No,2023-06-23,2023-06-23
ORD-09645,South,Van,Clear,958,2023-03-09,No,2023-03-13,2023-03-13
ORD-09646,North,Semi-Trailer,Clear,37,2023-08-01,No,2023-08-02,2023-08-02
ORD-09647,West,Semi-Trailer,Clear,886,2022-06-17,No,2022-06-20,2022-06-20
ORD-09648,South,Semi-Trailer,Clear,910,2022-12-23,No,2022-12-27,2022-12-29
ORD-09649,South,Van,Clear,858,2022-10-20,Yes,2022-10-23,2022-10-26
ORD-09650,West,Van,Rain,110,2023-09-27,No,2023-09-28,2023-09-28
ORD-09651,East,Van,Clear,67,2023-09-05,No,2023-09-06,2023-09-06
ORD-09652,West,Van,Clear,1057,2022-09-21,No,2022-09-25,2022-09-25
ORD-09653,East,Box Truck,Clear,424,2023-12-27,No,2023-12-29,2023-12-29
ORD-09654,South,Van,Rain,1260,2023-09-22,No,2023-09-27,2023-09-27
ORD-09655,South,Box Truck,Clear,1202,2022-07-14,No,2022-07-19,2022-07-19
ORD-09656,South,Van,Clear,1279,2022-11-27,No,2022-12-02,2022-12-03
ORD-09657,North,Van,Clear,372,2023-09-04,No,2023-09-06,2023-09-06
ORD-09658,North,Semi-Trailer,Clear,1498,2023-08-15,Yes,2023-08-20,2023-08-20
ORD-09659,North,Van,Fog,1463,2022-05-16,No,2022-05-21,2022-05-24
ORD-09660,West,Van,Clear,430,2023-02-13,No,2023-02-15,2023-02-15
ORD-09661,South,Van,Clear,30,2022-10-16,No,2022-10-17,2022-10-20
ORD-09662,South,Van,Rain,645,2022-10-10,No,2022-10-13,2022-10-15
ORD-09663,West,Van,Clear,1402,2023-06-21,No,2023-06-26,2023-06-26
ORD-09664,North,Van,Clear,473,2022-10-25,No,2022-10-27,2022-10-27
ORD-09665,West,Box Truck,Clear,106,2023-03-12,No,2023-03-13,2023-03-13
ORD-09666,North,Semi-Trailer,Rain,1386,2022-06-29,No,2022-07-04,2022-07-04
ORD-09667,South,Box Truck,Clear,1128,2023-01-26,No,2023-01-30,2023-01-30
ORD-09668,East,Van,Clear,33,2023-05-25,,2023-05-26,2023-05-26
ORD-09669,North,Box Truck,Clear,389,2022-04-12,No,2022-04-14,2022-04-14
ORD-09670,South,Van,Clear,405,2022-09-07,No,2022-09-09,2022-09-09
ORD-09671,South,Box Truck,Rain,1437,2022-03-14,No,2022-03-19,2022-03-19
ORD-09672,East,Box Truck,Snow,1166,2022-01-06,,2022-01-10,2022-01-11
ORD-09673,South,Van,Rain,63,2023-03-22,No,2023-03-23,2023-03-24
ORD-09674,South,Semi-Trailer,Rain,1325,2022-12-31,No,2023-01-05,2023-01-06
ORD-09675,North,Semi-Trailer,Fog,1023,2022-01-04,No,2022-01-08,2022-01-09
ORD-09676,North,Semi-Trailer,Clear,1145,2022-10-19,No,2022-10-23,2022-10-23
ORD-09677,East,Van,Clear,431,2022-07-04,No,2022-07-06,2022-07-06
ORD-09678,East,Box Truck,Clear,140,2023-10-29,No,2023-10-30,2023-10-30
ORD-09679,South,Semi-Trailer,Clear,429,2023-07-20,No,2023-07-22,2023-07-23
ORD-09680,North,Van,Clear,1311,2022-11-23,No,2022-11-28,2022-11-28
ORD-09681,East,Semi-Trailer,Clear,785,2022-10-21,No,2022-10-24,2022-10-24
ORD-09682,East,Van,Clear,784,2022-05-25,,2022-05-28,2022-05-28
ORD-09683,West,Van,Clear,1101,2022-12-16,No,2022-12-20,2022-12-20
ORD-09684,East,Box Truck,Fog,1436,2023-07-08,No,2023-07-13,2023-07-17
ORD-09685,South,Box Truck,Clear,884,2022-09-20,No,2022-09-23,2022-09-25
ORD-09686,North,Box Truck,Clear,184,2023-04-12,No,2023-04-13,2023-04-16
ORD-09687,East,Semi-Trailer,Rain,1313,2023-12-04,No,2023-12-09,2023-12-10
ORD-09688,West,Van,Clear,473,2023-07-02,No,2023-07-04,
ORD-09689,North,Van,Clear,399,2022-02-17,No,2022-02-19,2022-02-19
ORD-09690,East,Semi-Trailer,Clear,757,2022-06-30,No,2022-07-03,2022-07-03
ORD-09691,West,Van,Rain,145,2023-03-01,,2023-03-02,2023-03-02
ORD-09692,East,Box Truck,Snow,418,2022-07-21,No,2022-07-23,2022-07-27
ORD-09693,North,Box Truck,Clear,233,2023-03-08,No,2023-03-09,2023-03-10
ORD-09694,North,Van,Clear,610,2023-01-17,No,2023-01-20,2023-01-20
ORD-09695,North,Van,Clear,979,2022-12-14,No,2022-12-18,2022-12-21
ORD-09696,South,Box Truck,Clear,628,2022-02-24,Yes,2022-02-27,2022-02-27
ORD-09697,East,Semi-Trailer,Fog,1221,2022-12-30,Yes,2023-01-04,2023-01-08
ORD-09698,South,Box Truck,Rain,887,2023-10-15,No,2023-10-18,2023-10-18
ORD-09699,North,Box Truck,Clear,1420,2022-01-30,No,2022-02-04,2022-02-04
ORD-09700,West,Van,Rain,18,2022-01-04,Yes,2022-01-05,2022-01-05
ORD-09701,East,Van,Clear,1213,2023-02-23,,2023-02-28,2023-02-28
ORD-09702,South,Van,Fog,1477,2022-11-21,No,2022-11-26,2022-11-29
ORD-09703,East,Van,Snow,603,2022-03-09,No,2022-03-12,
ORD-09704,West,Van,Clear,615,2022-04-09,No,2022-04-12,2022-04-13
ORD-09705,South,Van,Rain,1479,2023-02-01,No,2023-02-06,2023-02-06
ORD-09706,North,Van,Clear,125,2022-04-04,No,2022-04-05,2022-04-06
ORD-09707,South,Van,Clear,254,2022-09-15,No,2022-09-16,2022-09-19
ORD-09708,East,Van,Rain,1316,2022-07-29,No,2022-08-03,2022-08-03
ORD-09709,East,Box Truck,Clear,1246,2022-02-06,No,2022-02-11,2022-02-11
ORD-09710,East,Box Truck,Clear,460,2023-12-06,No,2023-12-08,2023-12-08
ORD-09711,East,Van,Rain,1058,2023-08-23,No,2023-08-27,2023-08-28
ORD-09712,North,Semi-Trailer,Rain,242,2022-06-07,No,2022-06-08,2022-06-08
ORD-09713,South,Van,Clear,1321,2022-11-19,No,2022-11-24,2022-11-25
ORD-09714,North,Semi-Trailer,Clear,694,2023-06-13,No,2023-06-16,2023-06-16
ORD-09715,North,Van,Clear,193,2023-01-13,No,2023-01-14,2023-01-14
ORD-09716,North,Semi-Trailer,Clear,260,2022-03-30,Yes,2022-03-31,2022-03-31
ORD-09717,East,Van,Snow,300,2022-02-05,No,2022-02-07,2022-02-10
ORD-09718,East,Box Truck,Clear,958,2023-06-28,No,2023-07-02,2023-07-02
ORD-09719,East,Van,Clear,807,2022-03-24,No,2022-03-27,2022-03-27
ORD-09720,South,Box Truck,Clear,1392,2022-09-29,No,2022-10-04,2022-10-04
ORD-09721,West,Van,Clear,633,2023-07-25,No,2023-07-28,2023-07-28
ORD-09722,East,Van,Rain,314,2022-01-20,,2022-01-22,2022-01-22
ORD-09723,South,Box Truck,Clear,359,2023-11-18,No,2023-11-20,2023-11-20
ORD-09724,East,Van,Clear,1372,2023-05-26,No,2023-05-31,2023-06-02
ORD-09725,East,Semi-Trailer,Snow,488,2023-03-20,No,2023-03-22,2023-03-25
ORD-09726,North,Van,Clear,1498,2022-04-03,No,2022-04-08,2022-04-09
ORD-09727,North,Van,Clear,1025,2023-01-03,No,2023-01-07,2023-01-07
ORD-09728,North,Box Truck,Clear,139,2023-01-05,No,2023-01-06,2023-01-06
ORD-09729,South,Van,Clear,196,2022-08-31,No,2022-09-01,2022-09-01
ORD-09730,West,Van,Clear,1454,2022-07-17,,2022-07-22,2022-07-22
ORD-09731,West,Box Truck,Clear,679,2023-01-10,No,2023-01-13,2023-01-13
ORD-09732,South,Box Truck,Clear,244,2023-04-14,No,2023-04-15,2023-04-18
ORD-09733,East,Semi-Trailer,Snow,287,2023-05-17,No,2023-05-18,2023-05-20
ORD-09734,South,Van,Clear,1135,2022-12-21,Yes,2022-12-25,2022-12-25
ORD-09735,East,Box Truck,Rain,1492,2022-05-31,No,2022-06-05,2022-06-05
ORD-09736,South,Van,Rain,796,2023-02-24,No,2023-02-27,2023-02-27
ORD-09737,South,Van,Clear,844,2023-03-31,No,2023-04-03,2023-04-03
ORD-09738,South,Box Truck,Clear,1265,2022-04-09,No,2022-04-14,2022-04-14
ORD-09739,West,Van,Clear,283,2023-06-05,No,2023-06-06,2023-06-06
ORD-09740,North,Van,Clear,374,2022-12-31,Yes,2023-01-02,2023-01-02
ORD-09741,South,Van,Fog,477,2023-05-27,No,2023-05-29,2023-05-31
ORD-09742,West,Box Truck,Clear,660,2022-02-09,No,2022-02-12,2022-02-12
ORD-09743,North,Semi-Trailer,Snow,835,2023-12-14,No,2023-12-17,2023-12-19
ORD-09744,North,Box Truck,Snow,1307,2023-07-05,No,2023-07-10,2023-07-11
ORD-09745,South,Van,Clear,1361,2022-11-10,No,2022-11-15,2022-11-15
ORD-09746,East,Box Truck,Clear,870,2023-08-16,No,2023-08-19,2023-08-19
ORD-09747,East,Box Truck,Clear,193,2022-02-20,No,2022-02-21,2022-02-21
ORD-09748,East,Van,Snow,927,2023-02-02,No,2023-02-06,2023-02-09
ORD-09749,South,Van,Snow,1227,2023-06-09,No,2023-06-14,2023-06-17
ORD-09750,East,Van,Clear,281,2023-03-25,No,2023-03-26,2023-03-26
ORD-09751,West,Van,Clear,1333,2023-09-21,No,2023-09-26,2023-09-26
ORD-09752,West,Semi-Trailer,Clear,205,2022-06-02,,2022-06-03,2022-06-03
ORD-09753,West,Van,Snow,791,2022-09-05,No,2022-09-08,2022-09-12
ORD-09754,West,Van,Fog,914,2022-02-24,No,2022-02-28,2022-03-04
ORD-09755,North,Semi-Trailer,Clear,340,2023-11-18,No,2023-11-20,2023-11-21
ORD-09756,West,Semi-Trailer,Clear,629,2022-11-04,No,2022-11-07,2022-11-07
ORD-09757,East,Box Truck,Clear,508,2023-11-11,No,2023-11-13,2023-11-16
ORD-09758,South,Van,Clear,1433,2022-01-20,No,2022-01-25,2022-01-26
ORD-09759,East,Van,Snow,1430,2023-12-30,No,2024-01-04,2024-01-07
ORD-09760,West,Van,Clear,1133,2022-05-13,No,2022-05-17,2022-05-17
ORD-09761,North,Van,Rain,90,2023-08-06,No,2023-08-07,2023-08-07
ORD-09762,West,Van,Clear,870,2023-10-12,No,2023-10-15,2023-10-15
ORD-09763,South,Box Truck,Clear,1027,2022-08-23,No,2022-08-27,2022-08-27
ORD-09764,East,Van,Clear,1050,2023-01-05,No,2023-01-09,2023-01-09
ORD-09765,South,Van,Rain,1245,2022-10-19,No,2022-10-24,2022-10-26
ORD-09766,South,Van,Rain,135,2022-01-14,No,2022-01-15,2022-01-15
ORD-09767,South,Box Truck,Clear,139,2022-05-19,No,2022-05-20,
ORD-09768,East,Box Truck,Clear,223,2022-01-14,No,2022-01-15,2022-01-15
ORD-09769,West,Box Truck,Clear,1162,2022-05-13,,2022-05-17,2022-05-17
ORD-09770,South,Van,Clear,1495,2023-02-28,No,2023-03-05,
ORD-09771,East,Van,Rain,979,2022-06-20,No,2022-06-24,2022-06-24
ORD-09772,North,Van,Clear,1090,2022-10-24,No,2022-10-28,2022-10-29
ORD-09773,East,Van,Clear,607,2023-05-20,No,2023-05-23,2023-05-23
ORD-09774,North,Semi-Trailer,Snow,1307,2022-10-21,No,2022-10-26,2022-10-29
ORD-09775,East,Semi-Trailer,Clear,624,2022-11-06,No,2022-11-09,2022-11-09
ORD-09776,West,Box Truck,Clear,1372,2022-12-07,No,2022-12-12,2022-12-12
ORD-09777,South,Semi-Trailer,Clear,1176,2022-12-21,No,2022-12-25,2022-12-25
ORD-09778,West,Box Truck,Snow,432,2022-05-16,No,2022-05-18,2022-05-21
ORD-09779,East,Van,Clear,343,2022-10-09,,2022-10-11,2022-10-11
ORD-09780,South,Semi-Trailer,Clear,697,2023-02-11,No,2023-02-14,2023-02-17
ORD-09781,North,Van,Rain,1166,2022-05-06,No,2022-05-10,2022-05-10
ORD-09782,East,Box Truck,Clear,273,2022-08-24,No,2022-08-25,2022-08-25
ORD-09783,South,Van,Snow,156,2023-04-12,No,2023-04-13,2023-04-14
ORD-09784,North,Van,Fog,1469,2022-07-30,No,2022-08-04,2022-08-05
ORD-09785,North,Box Truck,Rain,21,2022-02-19,No,2022-02-20,
ORD-09786,West,Van,Rain,64,2023-11-25,No,2023-11-26,2023-11-26
ORD-09787,East,Van,Clear,239,2023-05-13,No,2023-05-14,2023-05-14
ORD-09788,North,Van,Clear,1155,2022-08-21,No,2022-08-25,2022-08-26
ORD-09789,South,Van,Rain,870,2023-11-06,No,2023-11-09,2023-11-09
ORD-09790,North,Semi-Trailer,Clear,1266,2023-08-26,No,2023-08-31,2023-08-31
ORD-09791,North,Box Truck,Clear,171,2022-12-28,No,2022-12-29,2022-12-29
ORD-09792,West,Van,Snow,812,2022-08-16,No,2022-08-19,2022-08-24
ORD-09793,West,Van,Clear,188,2022-01-22,No,2022-01-23,2022-01-23
ORD-09794,South,Semi-Trailer,Clear,1395,2022-07-05,No,2022-07-10,2022-07-10
ORD-09795,West,Van,Rain,1241,2023-11-20,No,2023-11-25,2023-11-25
ORD-09796,North,Van,Snow,914,2023-05-02,No,2023-05-06,2023-05-08
ORD-09797,North,Van,Snow,561,2023-12-24,No,2023-12-26,2023-12-27
ORD-09798,West,Semi-Trailer,Rain,735,2022-12-02,No,2022-12-05,2022-12-05
ORD-09799,North,Van,Snow,1465,2022-06-17,Yes,2022-06-22,2022-06-23
ORD-09800,North,Van,Rain,1489,2023-08-11,Yes,2023-08-16,2023-08-16
ORD-09801,South,Van,Clear,1187,2023-05-17,No,2023-05-21,2023-05-21
ORD-09802,West,Van,Rain,1371,2022-07-29,No,2022-08-03,2022-08-05
ORD-09803,North,Box Truck,Clear,302,2023-05-06,No,2023-05-08,2023-05-11
ORD-09804,West,Van,Clear,445,2023-12-19,No,2023-12-21,2023-12-21
ORD-09805,South,Van,Clear,405,2023-11-18,No,2023-11-20,2023-11-20
ORD-09806,West,Van,Clear,175,2023-04-01,No,2023-04-02,2023-04-02
ORD-09807,North,Van,Clear,1003,2022-09-19,No,2022-09-23,2022-09-23
ORD-09808,West,Semi-Trailer,Clear,1485,2022-08-04,No,2022-08-09,2022-08-09
ORD-09809,North,Semi-Trailer,Clear,793,2023-11-22,No,2023-11-25,2023-11-25
ORD-09810,North,Van,Clear,966,2023-06-25,No,2023-06-29,2023-06-29
ORD-09811,North,Van,Clear,410,2022-04-09,No,2022-04-11,2022-04-11
ORD-09812,South,Van,Rain,124,2022-05-13,Yes,2022-05-14,2022-05-14
ORD-09813,West,Box Truck,Snow,360,2022-05-23,Yes,2022-05-25,2022-05-31
ORD-09814,South,Box Truck,Snow,1293,2022-05-01,No,2022-05-06,2022-05-07
ORD-09815,West,Van,Clear,827,2022-04-10,No,2022-04-13,2022-04-13
ORD-09816,South,Box Truck,Rain,885,2023-10-01,No,2023-10-04,2023-10-04
ORD-09817,East,Box Truck,Clear,1259,2023-06-27,No,2023-07-02,2023-07-02
ORD-09818,North,Semi-Trailer,Clear,623,2022-03-03,No,2022-03-06,2022-03-06
ORD-09819,North,Van,Rain,140,2022-06-24,No,2022-06-25,2022-06-25
ORD-09820,South,Van,Rain,273,2023-06-10,No,2023-06-11,2023-06-11
ORD-09821,East,Van,Snow,843,2022-02-04,No,2022-02-07,2022-02-11
ORD-09822,North,Semi-Trailer,Rain,190,2023-11-08,No,2023-11-09,2023-11-09
ORD-09823,West,Box Truck,Clear,358,2023-07-02,No,2023-07-04,2023-07-04
ORD-09824,South,Box Truck,Snow,480,2023-03-13,No,2023-03-15,2023-03-18
ORD-09825,North,Van,Rain,170,2022-05-08,No,2022-05-09,2022-05-09
ORD-09826,North,Van,Snow,123,2022-09-23,No,2022-09-24,2022-09-26
ORD-09827,South,Van,Rain,27,2022-01-17,No,2022-01-18,2022-01-18
ORD-09828,South,Box Truck,Clear,1137,2023-02-14,No,2023-02-18,2023-02-21
ORD-09829,West,Van,Clear,1219,2023-06-13,No,2023-06-18,2023-06-18
ORD-09830,West,Van,Clear,1375,2023-11-22,No,2023-11-27,2023-11-30
ORD-09831,North,Box Truck,Clear,1495,2022-11-25,,2022-11-30,2022-12-03
ORD-09832,North,Van,Clear,152,2023-04-22,No,2023-04-23,2023-04-23
ORD-09833,South,Van,Clear,664,2022-08-17,No,2022-08-20,2022-08-20
ORD-09834,North,Van,Fog,973,2022-07-22,No,2022-07-26,2022-07-29
ORD-09835,North,Semi-Trailer,Snow,462,2022-10-29,No,2022-10-31,2022-11-02
ORD-09836,South,Box Truck,Rain,460,2023-04-08,No,2023-04-10,2023-04-13
ORD-09837,North,Semi-Trailer,Clear,71,2023-07-02,No,2023-07-03,2023-07-06
ORD-09838,North,Van,Clear,605,2023-10-10,No,2023-10-13,2023-10-13
ORD-09839,East,Semi-Trailer,Rain,949,2022-02-11,No,2022-02-15,2022-02-15
ORD-09840,West,Semi-Trailer,Clear,1309,2022-05-28,No,2022-06-02,2022-06-02
ORD-09841,South,Box Truck,Snow,1328,2023-09-19,No,2023-09-24,2023-09-27
ORD-09842,East,Semi-Trailer,Fog,1162,2023-12-11,No,2023-12-15,2023-12-18
ORD-09843,West,Van,Clear,373,2022-09-14,No,2022-09-16,2022-09-17
ORD-09844,West,Van,Rain,1100,2022-04-23,No,2022-04-27,2022-04-30
ORD-09845,West,Van,Clear,56,2023-05-26,,2023-05-27,2023-05-27
ORD-09846,East,Box Truck,Rain,978,2022-04-17,No,2022-04-21,2022-04-21
ORD-09847,East,Box Truck,Clear,1407,2022-02-25,Yes,2022-03-02,2022-03-02
ORD-09848,West,Box Truck,Clear,831,2023-05-26,No,2023-05-29,2023-05-29
ORD-09849,North,Van,Rain,669,2023-08-09,No,2023-08-12,2023-08-12
ORD-09850,North,Van,Rain,771,2023-11-15,No,2023-11-18,2023-11-18
ORD-09851,East,Van,Rain,1170,2023-12-13,No,2023-12-17,2023-12-17
ORD-09852,East,Box Truck,Clear,1128,2022-08-18,No,2022-08-22,
ORD-09853,East,Van,Rain,247,2022-08-05,No,2022-08-06,2022-08-06
ORD-09854,West,Semi-Trailer,Rain,805,2022-05-12,Yes,2022-05-15,2022-05-15
ORD-09855,North,Van,Fog,44,2023-09-12,No,2023-09-13,2023-09-16
ORD-09856,East,Van,Snow,1329,2022-05-11,,2022-05-16,2022-05-18
ORD-09857,East,Semi-Trailer,Rain,879,2022-07-03,No,2022-07-06,2022-07-06
ORD-09858,South,Van,Rain,501,2022-03-01,No,2022-03-03,2022-03-03
ORD-09859,West,Van,Clear,267,2023-09-01,No,2023-09-02,
ORD-09860,South,Van,Clear,396,2023-02-17,No,2023-02-19,2023-02-19
ORD-09861,North,Van,Clear,279,2022-05-24,No,2022-05-25,2022-05-28
ORD-09862,South,Semi-Trailer,Snow,876,2023-05-18,No,2023-05-21,2023-05-22
ORD-09863,South,Box Truck,Snow,1357,2022-07-18,No,2022-07-23,2022-07-25
ORD-09864,South,Van,Rain,1080,2022-06-29,No,2022-07-03,2022-07-03
ORD-09865,West,Box Truck,Clear,615,2022-12-21,No,2022-12-24,2022-12-24
ORD-09866,North,Van,Clear,703,2022-07-31,No,2022-08-03,2022-08-04
ORD-09867,South,Box Truck,Clear,963,2023-01-11,No,2023-01-15,2023-01-15
ORD-09868,West,Semi-Trailer,Clear,420,2023-04-19,No,2023-04-21,2023-04-21
ORD-09869,North,Semi-Trailer,Clear,854,2022-01-26,No,2022-01-29,2022-01-29
ORD-09870,East,Van,Fog,134,2023-07-20,No,2023-07-21,2023-07-28
ORD-09871,South,Van,Clear,221,2023-08-30,No,2023-08-31,2023-08-31
ORD-09872,North,Van,Clear,1402,2022-05-28,No,2022-06-02,2022-06-03
ORD-09873,South,Box Truck,Clear,954,2022-09-13,,2022-09-17,2022-09-17
ORD-09874,East,Box Truck,Fog,929,2022-06-23,No,2022-06-27,2022-07-01
ORD-09875,North,Van,Snow,1299,2022-08-26,No,2022-08-31,2022-09-01
ORD-09876,West,Semi-Trailer,Clear,144,2023-05-26,No,2023-05-27,2023-05-27
ORD-09877,North,Van,Fog,794,2022-04-09,No,2022-04-12,2022-04-13
ORD-09878,West,Van,Clear,799,2022-04-15,No,2022-04-18,2022-04-18
ORD-09879,North,Van,Clear,324,2023-03-24,No,2023-03-26,2023-03-26
ORD-09880,West,Van,Clear,309,2023-05-16,,2023-05-18,
ORD-09881,East,Van,Clear,1331,2022-06-21,No,2022-06-26,2022-06-26
ORD-09882,East,Box Truck,Rain,288,2022-12-20,No,2022-12-21,2022-12-21
ORD-09883,East,Van,Fog,383,2022-08-21,No,2022-08-23,2022-08-24
ORD-09884,North,Van,Rain,735,2023-08-12,No,2023-08-15,2023-08-15
ORD-09885,East,Box Truck,Clear,71,2023-04-25,No,2023-04-26,2023-04-26
ORD-09886,South,Van,Clear,888,2022-10-10,No,2022-10-13,2022-10-15
ORD-09887,East,Box Truck,Clear,1087,2022-08-10,No,2022-08-14,2022-08-14
ORD-09888,West,Van,Clear,347,2023-07-18,No,2023-07-20,2023-07-20
ORD-09889,West,Box Truck,Clear,1408,2022-11-25,,2022-11-30,2022-11-30
ORD-09890,West,Semi-Trailer,Clear,886,2022-05-10,No,2022-05-13,2022-05-13
ORD-09891,North,Van,Rain,483,2023-03-25,No,2023-03-27,2023-03-28
ORD-09892,South,Box Truck,Rain,121,2023-08-02,No,2023-08-03,2023-08-03
ORD-09893,East,Semi-Trailer,Clear,999,2022-01-08,,2022-01-12,2022-01-12
ORD-09894,South,Box Truck,Clear,1302,2023-12-11,No,2023-12-16,2023-12-16
ORD-09895,South,Van,Clear,333,2022-09-20,,2022-09-22,2022-09-22
ORD-09896,West,Van,Clear,628,2023-04-26,No,2023-04-29,2023-05-01
ORD-09897,West,Box Truck,Clear,804,2023-06-25,No,2023-06-28,
ORD-09898,West,Semi-Trailer,Clear,892,2023-03-20,No,2023-03-23,2023-03-23
ORD-09899,North,Van,Rain,757,2022-02-13,No,2022-02-16,2022-02-16
ORD-09900,South,Van,Snow,1118,2022-11-17,,2022-11-21,2022-11-23
ORD-09901,South,Van,Clear,381,2022-07-13,,2022-07-15,2022-07-15
ORD-09902,North,Van,Rain,1108,2023-07-12,No,2023-07-16,2023-07-16
ORD-09903,North,Van,Clear,605,2023-10-10,No,2023-10-13,2023-10-13
ORD-09904,North,Van,Snow,517,2023-11-25,No,2023-11-27,2023-11-30
ORD-09905,South,Van,Clear,237,2022-06-11,No,2022-06-12,2022-06-12
ORD-09906,South,Van,Clear,604,2022-08-19,No,2022-08-22,2022-08-23
ORD-09907,West,Semi-Trailer,Clear,1427,2022-03-14,No,2022-03-19,2022-03-20
ORD-09908,West,Van,Clear,24,2022-06-01,No,2022-06-02,2022-06-02
ORD-09909,South,Van,Clear,1014,2022-08-20,Yes,2022-08-24,2022-08-24
ORD-09910,West,Van,Fog,822,2022-08-24,No,2022-08-27,2022-08-30
ORD-09911,North,Semi-Trailer,Rain,190,2023-04-25,No,2023-04-26,2023-04-27
ORD-09912,East,Box Truck,Clear,347,2022-08-17,No,2022-08-19,2022-08-19
ORD-09913,West,Box Truck,Clear,1296,2022-10-07,No,2022-10-12,2022-10-14
ORD-09914,South,Van,Rain,935,2022-02-16,No,2022-02-20,2022-02-20
ORD-09915,West,Semi-Trailer,Snow,87,2023-11-02,No,2023-11-03,2023-11-04
ORD-09916,West,Van,Rain,238,2022-04-24,No,2022-04-25,2022-04-25
ORD-09917,West,Van,Clear,1063,2022-02-17,No,2022-02-21,2022-02-22
ORD-09918,East,Box Truck,Rain,383,2022-02-26,No,2022-02-28,2022-02-28
ORD-09919,North,Semi-Trailer,Rain,164,2022-04-30,,2022-05-01,2022-05-01
ORD-09920,South,Box Truck,Clear,826,2022-06-05,No,2022-06-08,2022-06-08
ORD-09921,East,Semi-Trailer,Clear,1218,2022-05-19,No,2022-05-24,2022-05-24
ORD-09922,South,Semi-Trailer,Rain,457,2022-10-31,No,2022-11-02,2022-11-03
ORD-09923,South,Van,Snow,878,2022-03-26,No,2022-03-29,2022-04-01
ORD-09924,South,Van,Clear,456,2023-11-08,No,2023-11-10,2023-11-10
ORD-09925,East,Van,Fog,441,2023-07-18,No,2023-07-20,2023-07-24
ORD-09926,North,Semi-Trailer,Clear,776,2023-05-04,No,2023-05-07,2023-05-08
ORD-09927,South,Van,Clear,1202,2023-05-20,No,2023-05-25,2023-05-25
ORD-09928,North,Semi-Trailer,Clear,1114,2022-01-08,No,2022-01-12,2022-01-13
ORD-09929,North,Van,Fog,807,2022-04-13,No,2022-04-16,2022-04-18
ORD-09930,West,Van,Clear,1243,2023-11-07,No,2023-11-12,2023-11-12
ORD-09931,East,Van,Clear,1292,2022-08-18,No,2022-08-23,2022-08-24
ORD-09932,East,Van,Clear,997,2023-02-25,No,2023-03-01,2023-03-01
ORD-09933,West,Semi-Trailer,Clear,558,2022-03-02,No,2022-03-04,2022-03-05
ORD-09934,West,Van,Snow,1319,2023-02-11,No,2023-02-16,2023-02-20
ORD-09935,North,Van,Clear,1087,2023-09-28,No,2023-10-02,2023-10-02
ORD-09936,South,Van,Snow,478,2023-08-20,No,2023-08-22,2023-08-24
ORD-09937,East,Van,Fog,378,2023-08-07,No,2023-08-09,2023-08-10
ORD-09938,South,Van,Clear,863,2023-04-01,No,2023-04-04,2023-04-04
ORD-09939,South,Van,Rain,1133,2023-02-28,No,2023-03-04,2023-03-05
ORD-09940,West,Semi-Trailer,Clear,993,2022-08-17,No,2022-08-21,2022-08-21
ORD-09941,South,Van,Clear,734,2023-07-02,No,2023-07-05,2023-07-05
ORD-09942,North,Van,Rain,991,2023-02-22,No,2023-02-26,
ORD-09943,West,Box Truck,Rain,607,2022-05-29,No,2022-06-01,2022-06-01
ORD-09944,South,Van,Clear,1480,2023-10-04,Yes,2023-10-09,2023-10-09
ORD-09945,West,Van,Clear,1225,2022-02-23,No,2022-02-28,2022-02-28
ORD-09946,North,Box Truck,Fog,423,2022-01-27,No,2022-01-29,2022-02-02
ORD-09947,North,Van,Rain,102,2022-03-02,No,2022-03-03,2022-03-04
ORD-09948,South,Box Truck,Clear,1286,2023-07-20,No,2023-07-25,2023-07-25
ORD-09949,West,Van,Clear,974,2022-07-25,No,2022-07-29,2022-07-29
ORD-09950,South,Box Truck,Clear,570,2023-04-21,No,2023-04-23,2023-04-23
ORD-09951,South,Semi-Trailer,Clear,1072,2023-04-12,No,2023-04-16,2023-04-16
ORD-09952,West,Van,Clear,555,2022-04-30,No,2022-05-02,2022-05-04
ORD-09953,South,Van,Clear,1391,2022-03-19,No,2022-03-24,2022-03-26
ORD-09954,North,Van,Clear,787,2023-11-23,No,2023-11-26,2023-11-26
ORD-09955,West,Van,Rain,1042,2023-12-18,No,2023-12-22,2023-12-25
ORD-09956,West,Semi-Trailer,Clear,197,2022-09-28,No,2022-09-29,2022-09-29
ORD-09957,West,Box Truck,Clear,617,2023-09-11,No,2023-09-14,2023-09-14
ORD-09958,West,Van,Clear,654,2023-01-27,No,2023-01-30,2023-01-30
ORD-09959,South,Box Truck,Clear,684,2022-04-02,No,2022-04-05,2022-04-05
ORD-09960,South,Van,Clear,148,2023-03-21,No,2023-03-22,2023-03-24
ORD-09961,North,Box Truck,Rain,307,2023-11-24,No,2023-11-26,2023-11-26
ORD-09962,East,Box Truck,Clear,1113,2022-07-28,,2022-08-01,2022-08-01
ORD-09963,East,Box Truck,Clear,1289,2023-09-11,No,2023-09-16,2023-09-16
ORD-09964,North,Van,Clear,188,2023-12-09,No,2023-12-10,2023-12-11
ORD-09965,East,Box Truck,Clear,1290,2023-05-05,No,2023-05-10,2023-05-10
ORD-09966,North,Van,Clear,227,2023-11-20,No,2023-11-21,2023-11-22
ORD-09967,South,Box Truck,Clear,276,2023-06-19,No,2023-06-20,2023-06-20
ORD-09968,West,Van,Clear,1350,2023-10-30,No,2023-11-04,2023-11-04
ORD-09969,West,Van,Rain,600,2022-06-09,No,2022-06-12,2022-06-12
ORD-09970,South,Box Truck,Fog,688,2023-01-27,No,2023-01-30,2023-02-03
ORD-09971,West,Semi-Trailer,Clear,625,2022-12-05,No,2022-12-08,2022-12-08
ORD-09972,West,Van,Rain,859,2023-12-01,Yes,2023-12-04,2023-12-04
ORD-09973,East,Semi-Trailer,Rain,1317,2022-10-24,No,2022-10-29,2022-10-29
ORD-09974,South,Box Truck,Fog,1378,2022-11-04,No,2022-11-09,2022-11-16
ORD-09975,East,Box Truck,Clear,736,2022-07-15,No,2022-07-18,2022-07-18
ORD-09976,East,Semi-Trailer,Snow,84,2022-11-23,No,2022-11-24,2022-11-29
ORD-09977,West,Van,Fog,746,2023-08-31,No,2023-09-03,2023-09-08
ORD-09978,West,Semi-Trailer,Clear,345,2022-07-28,No,2022-07-30,2022-07-30
ORD-09979,South,Van,Clear,813,2022-01-04,No,2022-01-07,2022-01-07
ORD-09980,West,Van,Fog,864,2022-08-12,No,2022-08-15,2022-08-18
ORD-09981,West,Box Truck,Rain,372,2023-11-30,No,2023-12-02,2023-12-02
ORD-09982,South,Semi-Trailer,Clear,199,2022-04-14,No,2022-04-15,2022-04-15
ORD-09983,West,Semi-Trailer,Rain,1139,2023-03-25,No,2023-03-29,2023-03-29
ORD-09984,East,Box Truck,Clear,79,2023-01-21,No,2023-01-22,2023-01-22
ORD-09985,South,Box Truck,Clear,531,2023-03-27,,2023-03-29,2023-03-30
ORD-09986,West,Van,Clear,1247,2023-08-15,No,2023-08-20,2023-08-20
ORD-09987,North,Semi-Trailer,Clear,992,2022-03-06,No,2022-03-10,2022-03-10
ORD-09988,South,Van,Snow,526,2023-06-29,No,2023-07-01,2023-07-06
ORD-09989,South,Box Truck,Clear,37,2022-05-05,No,2022-05-06,2022-05-06
ORD-09990,North,Box Truck,Snow,1348,2022-03-08,No,2022-03-13,2022-03-15
ORD-09991,West,Box Truck,Clear,914,2022-12-25,No,2022-12-29,2022-12-29
ORD-09992,West,Van,Clear,1269,2022-04-24,No,2022-04-29,2022-04-29
ORD-09993,South,Semi-Trailer,Clear,101,2022-10-14,No,2022-10-15,2022-10-15
ORD-09994,South,Box Truck,Clear,372,2022-11-28,,2022-11-30,2022-11-30
ORD-09995,West,Semi-Trailer,Snow,47,2022-06-19,No,2022-06-20,2022-06-23
ORD-09996,West,Van,Clear,673,2022-04-24,No,2022-04-27,2022-04-27
ORD-09997,East,Box Truck,Snow,713,2023-06-14,No,2023-06-17,2023-06-18
ORD-09998,South,Box Truck,Clear,500,2022-04-17,No,2022-04-19,2022-04-19
ORD-09999,South,Box Truck,Clear,1143,2023-11-29,No,2023-12-03,2023-12-04
ORD-10000,North,Semi-Trailer,Clear,153,2022-03-15,No,2022-03-16,2022-03-16
ORD-10001,East,Van,Rain,843,2022-09-22,No,2022-09-25,2022-09-25
ORD-10002,West,Van,Clear,1230,2022-05-13,No,2022-05-18,2022-05-19
ORD-10003,East,Van,Rain,1079,2023-09-21,No,2023-09-25,2023-09-25
ORD-10004,West,Van,Rain,1182,2022-03-28,No,2022-04-01,2022-04-01
ORD-10005,West,Semi-Trailer,Clear,147,2022-09-21,No,2022-09-22,2022-09-25
ORD-10006,East,Van,Clear,499,2022-12-05,No,2022-12-07,2022-12-07
ORD-10007,South,Van,Clear,411,2022-05-16,No,2022-05-18,2022-05-18
ORD-10008,West,Van,Fog,611,2023-06-10,No,2023-06-13,2023-06-17
ORD-10009,East,Box Truck,Clear,733,2022-01-12,No,2022-01-15,2022-01-17
ORD-10010,North,Van,Clear,690,2022-07-30,No,2022-08-02,2022-08-02
ORD-10011,East,Van,Clear,941,2023-05-15,No,2023-05-19,2023-05-19
ORD-10012,North,Van,Rain,634,2022-02-06,No,2022-02-09,2022-02-09
ORD-10013,West,Van,Rain,350,2023-07-02,No,2023-07-04,2023-07-04
ORD-10014,East,Semi-Trailer,Fog,311,2023-11-06,No,2023-11-08,2023-11-09
ORD-10015,East,Van,Snow,127,2022-11-13,No,2022-11-14,2022-11-18
ORD-10016,North,Box Truck,Clear,160,2023-09-15,No,2023-09-16,2023-09-16
ORD-10017,East,Semi-Trailer,Clear,1200,2022-10-30,,2022-11-04,2022-11-04
ORD-10018,East,Box Truck,Rain,616,2023-11-22,,2023-11-25,2023-11-25
ORD-10019,West,Semi-Trailer,Fog,781,2023-04-07,No,2023-04-10,2023-04-12
ORD-10020,East,Semi-Trailer,Clear,1458,2023-08-16,No,2023-08-21,2023-08-21
ORD-10021,South,Van,Clear,1006,2022-02-03,No,2022-02-07,2022-02-07
ORD-10022,North,Box Truck,Snow,446,2023-12-02,No,2023-12-04,2023-12-06
ORD-10023,East,Van,Clear,641,2023-01-20,No,2023-01-23,2023-01-23
ORD-10024,North,Van,Clear,1107,2023-03-31,No,2023-04-04,2023-04-04
ORD-10025,North,Semi-Trailer,Fog,371,2022-05-25,No,2022-05-27,2022-05-31
ORD-10026,North,Box Truck,Snow,105,2022-08-07,No,2022-08-08,2022-08-09
ORD-10027,East,Box Truck,Clear,301,2023-10-07,No,2023-10-09,2023-10-10
ORD-10028,East,Box Truck,Clear,1210,2023-08-22,No,2023-08-27,
ORD-10029,North,Van,Clear,36,2023-10-16,No,2023-10-17,2023-10-17
ORD-10030,South,Semi-Trailer,Fog,830,2022-10-02,No,2022-10-05,2022-10-08
ORD-10031,North,Van,Fog,314,2023-12-15,No,2023-12-17,2023-12-21
ORD-10032,South,Van,Rain,732,2023-10-16,No,2023-10-19,2023-10-19
ORD-10033,North,Semi-Trailer,Clear,879,2023-01-29,No,2023-02-01,2023-02-01
ORD-10034,West,Van,Clear,778,2022-10-27,No,2022-10-30,2022-10-30
ORD-10035,North,Box Truck,Rain,995,2023-11-28,No,2023-12-02,2023-12-04
ORD-10036,North,Box Truck,Clear,951,2023-07-15,No,2023-07-19,2023-07-20
ORD-10037,East,Van,Rain,214,2022-09-10,No,2022-09-11,2022-09-11
ORD-10038,South,Semi-Trailer,Rain,876,2022-12-18,No,2022-12-21,2022-12-21
ORD-10039,West,Box Truck,Clear,1024,2022-11-25,No,2022-11-29,2022-11-29
ORD-10040,South,Van,Fog,587,2023-04-16,Yes,2023-04-18,2023-04-19
ORD-10041,West,Van,Clear,671,2023-03-18,No,2023-03-21,2023-03-21
ORD-10042,North,Semi-Trailer,Rain,688,2022-07-28,No,2022-07-31,2022-07-31
ORD-10043,East,Van,Clear,229,2022-03-13,No,2022-03-14,2022-03-14
ORD-10044,East,Semi-Trailer,Rain,309,2023-09-20,No,2023-09-22,2023-09-23
ORD-10045,South,Van,Rain,267,2022-07-15,No,2022-07-16,2022-07-16
ORD-10046,East,Box Truck,Clear,724,2023-07-21,No,2023-07-24,2023-07-25
ORD-10047,South,Semi-Trailer,Clear,249,2022-07-09,,2022-07-10,2022-07-10
ORD-10048,South,Van,Clear,1262,2022-06-13,No,2022-06-18,2022-06-18
ORD-10049,West,Box Truck,Clear,1189,2023-12-09,Yes,2023-12-13,2023-12-16
ORD-10050,South,Box Truck,Rain,227,2023-10-20,No,2023-10-21,2023-10-21
ORD-10051,West,Box Truck,Clear,474,2022-06-10,No,2022-06-12,2022-06-12
ORD-10052,East,Box Truck,Clear,204,2023-07-02,No,2023-07-03,2023-07-03
ORD-10053,South,Box Truck,Clear,279,2023-11-29,No,2023-11-30,2023-11-30
ORD-10054,South,Box Truck,Clear,572,2023-11-21,Yes,2023-11-23,2023-11-24
ORD-10055,North,Semi-Trailer,Rain,365,2023-12-25,No,2023-12-27,2023-12-27
ORD-10056,South,Box Truck,Clear,549,2023-07-09,No,2023-07-11,
ORD-10057,South,Van,Rain,485,2023-11-26,No,2023-11-28,2023-11-28
ORD-10058,North,Semi-Trailer,Snow,574,2023-11-17,No,2023-11-19,2023-11-21
ORD-10059,North,Van,Clear,317,2022-06-07,No,2022-06-09,2022-06-09
ORD-10060,East,Van,Rain,637,2022-11-30,No,2022-12-03,2022-12-03
ORD-10061,South,Van,Clear,418,2023-04-14,Yes,2023-04-16,2023-04-16
ORD-10062,East,Van,Clear,1474,2022-05-19,No,2022-05-24,2022-05-24
ORD-10063,East,Van,Clear,530,2022-08-26,No,2022-08-28,
ORD-10064,North,Van,Clear,494,2023-02-13,No,2023-02-15,2023-02-15
ORD-10065,West,Van,Snow,1291,2022-10-20,No,2022-10-25,2022-10-28
ORD-10066,East,Box Truck,Clear,703,2023-06-20,No,2023-06-23,2023-06-23
ORD-10067,West,Van,Clear,939,2022-09-29,No,2022-10-03,2022-10-03
ORD-10068,South,Van,Clear,1203,2023-12-23,No,2023-12-28,2023-12-28
ORD-10069,North,Van,Clear,1494,2022-08-30,No,2022-09-04,2022-09-07
ORD-10070,South,Van,Rain,660,2022-10-09,No,2022-10-12,2022-10-14
ORD-10071,South,Van,Clear,806,2022-11-05,,2022-11-08,2022-11-08
ORD-10072,North,Box Truck,Snow,120,2023-09-10,No,2023-09-11,2023-09-12
ORD-10073,South,Semi-Trailer,Fog,613,2023-09-16,No,2023-09-19,2023-09-21
ORD-10074,North,Semi-Trailer,Clear,229,2022-08-23,No,2022-08-24,2022-08-24
ORD-10075,West,Semi-Trailer,Rain,1038,2022-12-19,No,2022-12-23,2022-12-24
ORD-10076,South,Van,Clear,1328,2023-04-14,No,2023-04-19,2023-04-19
ORD-10077,North,Van,Clear,1491,2022-05-06,No,2022-05-11,2022-05-11
ORD-10078,East,Van,Clear,678,2022-03-18,No,2022-03-21,
ORD-10079,South,Box Truck,Clear,904,2022-09-17,No,2022-09-21,2022-09-21
ORD-10080,West,Van,Fog,522,2023-10-23,No,2023-10-25,2023-10-26
ORD-10081,North,Box Truck,Clear,1245,2023-04-17,No,2023-04-22,2023-04-23
ORD-10082,South,Van,Rain,128,2022-03-31,Yes,2022-04-01,2022-04-01
ORD-10083,South,Van,Clear,394,2023-12-15,No,2023-12-17,2023-12-17
ORD-10084,South,Semi-Trailer,Rain,269,2022-08-15,No,2022-08-16,2022-08-16
ORD-10085,West,Box Truck,Clear,1432,2023-10-12,,2023-10-17,2023-10-18
ORD-10086,North,Semi-Trailer,Rain,1208,2022-06-06,No,2022-06-11,2022-06-11
ORD-10087,East,Box Truck,Clear,1447,2022-02-01,No,2022-02-06,2022-02-07
ORD-10088,East,Semi-Trailer,Snow,143,2023-09-19,No,2023-09-20,2023-09-24
ORD-10089,East,Box Truck,Snow,111,2023-08-30,,2023-08-31,2023-09-04
ORD-10090,North,Semi-Trailer,Rain,394,2022-08-26,No,2022-08-28,2022-08-28
ORD-10091,East,Van,Clear,464,2023-05-20,No,2023-05-22,2023-05-22
ORD-10092,West,Box Truck,Clear,1095,2022-10-25,No,2022-10-29,2022-10-29
ORD-10093,North,Box Truck,Snow,969,2023-05-29,No,2023-06-02,2023-06-05
ORD-10094,South,Van,Clear,910,2023-11-23,No,2023-11-27,2023-11-27
ORD-10095,West,Semi-Trailer,Clear,575,2023-06-16,No,2023-06-18,2023-06-21
ORD-10096,South,Semi-Trailer,Clear,16,2022-07-08,No,2022-07-09,2022-07-09
ORD-10097,East,Van,Clear,877,2023-10-09,No,2023-10-12,2023-10-12
ORD-10098,West,Van,Clear,524,2023-04-19,No,2023-04-21,2023-04-21
ORD-10099,North,Van,Clear,341,2023-12-08,No,2023-12-10,2023-12-10
ORD-10100,West,Semi-Trailer,Clear,1412,2022-08-29,No,2022-09-03,2022-09-03
ORD-10101,South,Box Truck,Clear,454,2022-05-31,No,2022-06-02,2022-06-02
ORD-10102,North,Van,Clear,344,2022-11-01,No,2022-11-03,2022-11-03
ORD-10103,West,Box Truck,Clear,670,2022-02-06,No,2022-02-09,2022-02-09
ORD-10104,West,Van,Rain,297,2022-03-17,No,2022-03-18,2022-03-18
ORD-10105,West,Box Truck,Clear,1045,2023-12-12,No,2023-12-16,2023-12-17
ORD-10106,West,Van,Rain,1006,2023-10-27,No,2023-10-31,
ORD-10107,North,Van,Clear,1137,2023-06-11,Yes,2023-06-15,2023-06-18
ORD-10108,South,Box Truck,Clear,1296,2023-04-14,No,2023-04-19,2023-04-19
ORD-10109,West,Van,Clear,1468,2023-02-13,No,2023-02-18,2023-02-20
ORD-10110,North,Van,Clear,182,2023-12-11,No,2023-12-12,2023-12-12
ORD-10111,South,Van,Snow,330,2022-06-15,No,2022-06-17,2022-06-20
ORD-10112,West,Van,Clear,1078,2023-03-11,No,2023-03-15,2023-03-15
ORD-10113,South,Van,Rain,220,2022-10-25,No,2022-10-26,2022-10-26
ORD-10114,South,Semi-Trailer,Fog,916,2022-08-30,No,2022-09-03,2022-09-05
ORD-10115,North,Semi-Trailer,Clear,746,2023-06-09,No,2023-06-12,2023-06-12
ORD-10116,South,Semi-Trailer,Clear,426,2023-01-06,No,2023-01-08,2023-01-08
ORD-10117,North,Semi-Trailer,Clear,273,2023-02-19,No,2023-02-20,2023-02-20
ORD-10118,West,Van,Fog,310,2022-10-08,No,2022-10-10,2022-10-11
ORD-10119,South,Van,Rain,1489,2022-07-03,No,2022-07-08,2022-07-11
ORD-10120,South,Van,Rain,1259,2023-11-04,No,2023-11-09,2023-11-10
ORD-10121,East,Semi-Trailer,Clear,113,2022-05-11,No,2022-05-12,2022-05-12
ORD-10122,West,Box Truck,Snow,996,2022-02-28,,2022-03-04,2022-03-08
ORD-10123,West,Van,Rain,230,2022-09-05,No,2022-09-06,2022-09-06
ORD-10124,East,Van,Clear,343,2022-05-23,No,2022-05-25,2022-05-25
ORD-10125,East,Box Truck,Clear,427,2023-06-15,No,2023-06-17,2023-06-17
ORD-10126,North,Box Truck,Clear,1334,2022-10-24,No,2022-10-29,2022-10-29
ORD-10127,North,Semi-Trailer,Clear,644,2023-03-06,No,2023-03-09,2023-03-09
ORD-10128,South,Van,Snow,970,2022-07-05,No,2022-07-09,2022-07-11
ORD-10129,South,Semi-Trailer,Clear,1490,2022-08-31,No,2022-09-05,2022-09-05
ORD-10130,South,Van,Clear,445,2022-12-03,No,2022-12-05,2022-12-06
ORD-10131,South,Box Truck,Clear,403,2022-08-15,No,2022-08-17,2022-08-17
ORD-10132,North,Semi-Trailer,Clear,743,2023-03-29,Yes,2023-04-01,2023-04-01
ORD-10133,West,Semi-Trailer,Clear,52,2023-08-23,No,2023-08-24,2023-08-24
ORD-10134,South,Van,Fog,219,2023-09-14,No,2023-09-15,2023-09-17
ORD-10135,West,Van,Clear,975,2022-09-09,No,2022-09-13,2022-09-13
ORD-10136,South,Van,Clear,20,2022-12-29,No,2022-12-30,2022-12-30
ORD-10137,East,Van,Rain,225,2022-10-27,No,2022-10-28,2022-10-28
ORD-10138,South,Box Truck,Clear,1197,2023-10-15,No,2023-10-19,2023-10-19
ORD-10139,South,Semi-Trailer,Clear,234,2022-12-23,,2022-12-24,2022-12-24
ORD-10140,South,Van,Clear,1279,2022-10-30,No,2022-11-04,2022-11-04
ORD-10141,North,Van,Clear,667,2023-11-17,No,2023-11-20,2023-11-20
ORD-10142,East,Van,Clear,782,2022-07-05,No,2022-07-08,2022-07-08
ORD-10143,South,Semi-Trailer,Clear,25,2022-11-25,No,2022-11-26,2022-11-26
ORD-10144,South,Semi-Trailer,Clear,1227,2022-06-09,No,2022-06-14,2022-06-14
ORD-10145,West,Van,Rain,1042,2023-02-09,No,2023-02-13,2023-02-13
ORD-10146,East,Van,Clear,523,2022-06-13,No,2022-06-15,2022-06-15
ORD-10147,South,Box Truck,Fog,302,2023-08-25,No,2023-08-27,2023-08-30
ORD-10148,West,Box Truck,Clear,1117,2023-03-04,Yes,2023-03-08,2023-03-09
ORD-10149,West,Van,Clear,1242,2022-07-24,No,2022-07-29,2022-07-29
ORD-10150,North,Semi-Trailer,Fog,67,2023-01-02,No,2023-01-03,2023-01-05
ORD-10151,West,Semi-Trailer,Clear,994,2022-03-09,No,2022-03-13,2022-03-13
ORD-10152,South,Box Truck,Clear,860,2022-07-14,,2022-07-17,2022-07-18
ORD-10153,North,Box Truck,Clear,657,2023-08-31,No,2023-09-03,2023-09-03
ORD-10154,North,Van,Rain,1364,2023-11-09,No,2023-11-14,2023-11-14
ORD-10155,South,Box Truck,Clear,470,2022-12-08,No,2022-12-10,2022-12-10
ORD-10156,East,Van,Clear,978,2023-03-16,No,2023-03-20,2023-03-21
ORD-10157,West,Van,Clear,1358,2022-04-06,No,2022-04-11,2022-04-12
ORD-10158,North,Van,Rain,1243,2023-11-15,No,2023-11-20,2023-11-20
ORD-10159,East,Van,Clear,1158,2023-12-14,No,2023-12-18,2023-12-18
ORD-10160,South,Van,Clear,701,2022-08-03,No,2022-08-06,2022-08-06
ORD-10161,West,Box Truck,Clear,1495,2023-10-07,No,2023-10-12,2023-10-12
ORD-10162,West,Box Truck,Snow,299,2023-01-27,No,2023-01-28,2023-02-01
ORD-10163,North,Box Truck,Clear,1247,2023-12-25,No,2023-12-30,2023-12-30
ORD-10164,West,Van,Clear,1465,2023-07-04,No,2023-07-09,2023-07-09
ORD-10165,West,Van,Snow,1130,2022-09-06,No,2022-09-10,2022-09-12
ORD-10166,West,Semi-Trailer,Clear,929,2022-05-09,No,2022-05-13,2022-05-15
ORD-10167,West,Van,Rain,258,2022-03-31,No,2022-04-01,2022-04-01
ORD-10168,South,Semi-Trailer,Fog,742,2022-08-05,No,2022-08-08,2022-08-12
ORD-10169,East,Van,Snow,534,2023-06-03,No,2023-06-05,2023-06-09
ORD-10170,South,Box Truck,Clear,1124,2023-07-21,No,2023-07-25,2023-07-25
ORD-10171,South,Van,Clear,714,2023-12-11,No,2023-12-14,2023-12-14
ORD-10172,North,Box Truck,Clear,781,2022-01-18,No,2022-01-21,2022-01-23
ORD-10173,West,Semi-Trailer,Fog,585,2022-09-12,No,2022-09-14,2022-09-17
ORD-10174,South,Semi-Trailer,Fog,851,2022-04-30,No,2022-05-03,2022-05-07
ORD-10175,West,Semi-Trailer,Clear,753,2022-10-16,No,2022-10-19,2022-10-20
ORD-10176,South,Van,Rain,176,2022-09-15,No,2022-09-16,2022-09-16
ORD-10177,South,Box Truck,Snow,1284,2022-11-13,No,2022-11-18,2022-11-20
ORD-10178,North,Van,Clear,1480,2022-06-02,,2022-06-07,2022-06-07
ORD-10179,East,Box Truck,Clear,1219,2022-09-08,Yes,2022-09-13,2022-09-13
ORD-10180,East,Van,Clear,258,2023-12-12,No,2023-12-13,2023-12-13
ORD-10181,South,Semi-Trailer,Clear,349,2023-01-10,No,2023-01-12,2023-01-12
ORD-10182,North,Semi-Trailer,Snow,1479,2022-12-16,No,2022-12-21,2022-12-25
ORD-10183,West,Van,Fog,1171,2023-01-12,No,2023-01-16,2023-01-18
ORD-10184,West,Van,Clear,118,2023-05-31,No,2023-06-01,2023-06-01
ORD-10185,South,Van,Clear,839,2022-02-16,Yes,2022-02-19,2022-02-19
ORD-10186,East,Box Truck,Clear,426,2022-12-05,Yes,2022-12-07,2022-12-07
ORD-10187,North,Van,Rain,435,2023-10-29,No,2023-10-31,2023-10-31
ORD-10188,East,Semi-Trailer,Rain,1077,2023-10-29,No,2023-11-02,2023-11-02
ORD-10189,West,Box Truck,Clear,351,2022-12-02,No,2022-12-04,2022-12-05
ORD-10190,East,Box Truck,Clear,1012,2022-01-16,No,2022-01-20,2022-01-20
ORD-10191,West,Box Truck,Clear,210,2022-01-30,No,2022-01-31,2022-01-31
ORD-10192,North,Van,Clear,387,2023-10-17,No,2023-10-19,2023-10-19
ORD-10193,North,Semi-Trailer,Fog,1137,2022-11-14,No,2022-11-18,2022-11-20
ORD-10194,South,Box Truck,Clear,467,2022-02-26,No,2022-02-28,2022-02-28
ORD-10195,South,Semi-Trailer,Clear,1000,2022-04-28,No,2022-05-02,
ORD-10196,East,Box Truck,Clear,1448,2022-12-16,No,2022-12-21,2022-12-24
ORD-10197,North,Box Truck,Clear,910,2023-12-23,No,2023-12-27,2023-12-28
ORD-10198,North,Van,Clear,641,2023-12-17,No,2023-12-20,2023-12-20
ORD-10199,South,Box Truck,Clear,1435,2022-02-22,No,2022-02-27,2022-02-27
ORD-10200,West,Box Truck,Snow,1423,2022-02-03,No,2022-02-08,2022-02-13
ORD-10201,East,Box Truck,Clear,1395,2022-04-23,No,2022-04-28,2022-04-28
ORD-10202,East,Box Truck,Clear,1467,2023-03-02,No,2023-03-07,2023-03-08
ORD-10203,South,Van,Clear,1416,2023-12-27,No,2024-01-01,2024-01-01
ORD-10204,North,Semi-Trailer,Rain,1061,2022-01-14,No,2022-01-18,2022-01-18
ORD-10205,South,Semi-Trailer,Clear,1140,2022-09-15,No,2022-09-19,2022-09-19
ORD-10206,South,Van,Snow,549,2023-07-04,No,2023-07-06,2023-07-12
ORD-10207,South,Semi-Trailer,Clear,1219,2023-01-01,No,2023-01-06,2023-01-07
ORD-10208,South,Van,Clear,204,2023-11-03,No,2023-11-04,2023-11-04
ORD-10209,West,Box Truck,Clear,1179,2022-02-21,No,2022-02-25,2022-02-25
ORD-10210,West,Van,Fog,781,2023-12-12,No,2023-12-15,2023-12-16
ORD-10211,North,Semi-Trailer,Clear,881,2022-07-07,No,2022-07-10,2022-07-10
ORD-10212,South,Van,Clear,698,2023-04-17,No,2023-04-20,2023-04-20
ORD-10213,West,Van,Clear,137,2023-02-27,No,2023-02-28,2023-02-28
ORD-10214,North,Van,Clear,115,2023-01-10,No,2023-01-11,2023-01-13
ORD-10215,South,Van,Clear,1449,2023-11-30,No,2023-12-05,2023-12-05
ORD-10216,East,Box Truck,Clear,361,2023-03-19,No,2023-03-21,2023-03-22
ORD-10217,West,Van,Clear,1416,2022-10-29,No,2022-11-03,2022-11-04
ORD-10218,North,Box Truck,Clear,1382,2023-08-26,No,2023-08-31,2023-09-03
ORD-10219,East,Semi-Trailer,Clear,843,2022-11-13,No,2022-11-16,2022-11-16
ORD-10220,South,Semi-Trailer,Clear,323,2022-11-06,,2022-11-08,2022-11-08
ORD-10221,South,Semi-Trailer,Clear,1010,2023-12-04,No,2023-12-08,2023-12-09
ORD-10222,South,Van,Clear,1393,2022-04-27,No,2022-05-02,2022-05-02
ORD-10223,West,Van,Clear,1354,2022-08-21,No,2022-08-26,2022-08-26
ORD-10224,North,Box Truck,Clear,393,2023-02-11,No,2023-02-13,2023-02-15
ORD-10225,East,Van,Clear,1011,2022-05-29,No,2022-06-02,2022-06-02
ORD-10226,North,Semi-Trailer,Rain,26,2022-08-05,No,2022-08-06,2022-08-09
ORD-10227,West,Van,Clear,1403,2022-11-13,,2022-11-18,2022-11-18
ORD-10228,North,Semi-Trailer,Rain,1099,2022-08-10,No,2022-08-14,2022-08-14
ORD-10229,West,Van,Clear,895,2022-12-07,No,2022-12-10,2022-12-10
ORD-10230,South,Semi-Trailer,Clear,1146,2022-04-08,No,2022-04-12,2022-04-12
ORD-10231,East,Van,Clear,1449,2022-07-17,No,2022-07-22,2022-07-22
ORD-10232,South,Van,Clear,80,2022-01-20,No,2022-01-21,2022-01-21
ORD-10233,North,Box Truck,Clear,1094,2022-11-24,No,2022-11-28,2022-11-30
ORD-10234,South,Van,Clear,453,2023-10-09,No,2023-10-11,2023-10-14
ORD-10235,East,Box Truck,Rain,978,2022-07-19,No,2022-07-23,2022-07-23
ORD-10236,South,Box Truck,Clear,1347,2022-07-16,Yes,2022-07-21,2022-07-21
ORD-10237,East,Van,Fog,492,2022-10-10,Yes,2022-10-12,2022-10-15
ORD-10238,East,Semi-Trailer,Clear,1277,2023-11-13,No,2023-11-18,2023-11-18
ORD-10239,South,Van,Rain,526,2023-08-13,No,2023-08-15,2023-08-17
ORD-10240,West,Box Truck,Clear,1403,2022-03-31,No,2022-04-05,2022-04-05
ORD-10241,North,Box Truck,Snow,326,2022-09-17,No,2022-09-19,2022-09-21
ORD-10242,West,Box Truck,Clear,1054,2022-02-13,No,2022-02-17,2022-02-17
ORD-10243,West,Van,Clear,707,2023-11-29,No,2023-12-02,2023-12-02
ORD-10244,South,Van,Clear,730,2023-01-05,No,2023-01-08,2023-01-08
ORD-10245,North,Box Truck,Fog,240,2023-03-14,No,2023-03-15,2023-03-17
ORD-10246,North,Van,Fog,873,2023-05-31,Yes,2023-06-03,2023-06-06
ORD-10247,West,Van,Clear,1111,2023-03-03,No,2023-03-07,2023-03-07
ORD-10248,South,Box Truck,Rain,572,2022-06-27,No,2022-06-29,2022-07-02
ORD-10249,North,Box Truck,Clear,778,2023-12-13,No,2023-12-16,2023-12-16
ORD-10250,West,Van,Clear,817,2023-02-27,No,2023-03-02,2023-03-03
ORD-10251,North,Van,Clear,539,2023-10-17,Yes,2023-10-19,2023-10-19
ORD-10252,South,Van,Fog,299,2022-02-10,No,2022-02-11,2022-02-13
ORD-10253,South,Van,Clear,1251,2022-02-15,No,2022-02-20,2022-02-20
ORD-10254,South,Van,Clear,109,2023-09-19,No,2023-09-20,2023-09-20
ORD-10255,North,Van,Clear,158,2023-01-07,No,2023-01-08,2023-01-08
ORD-10256,East,Semi-Trailer,Clear,1418,2022-01-13,No,2022-01-18,2022-01-18
ORD-10257,North,Box Truck,Clear,1188,2022-08-22,No,2022-08-26,2022-08-26
ORD-10258,East,Van,Clear,404,2023-07-10,No,2023-07-12,2023-07-12
ORD-10259,South,Van,Clear,385,2023-07-18,,2023-07-20,2023-07-20
ORD-10260,West,Box Truck,Clear,111,2023-10-07,No,2023-10-08,2023-10-08
ORD-10261,East,Van,Clear,791,2022-11-21,No,2022-11-24,2022-11-24
ORD-10262,South,Box Truck,Clear,101,2023-11-27,No,2023-11-28,2023-11-28
ORD-10263,South,Semi-Trailer,Snow,420,2023-06-07,No,2023-06-09,2023-06-11
ORD-10264,East,Box Truck,Clear,415,2022-09-29,No,2022-10-01,2022-10-01
ORD-10265,West,Van,Rain,30,2023-07-19,No,2023-07-20,2023-07-20
ORD-10266,South,Box Truck,Clear,641,2022-01-19,No,2022-01-22,2022-01-25
ORD-10267,East,Semi-Trailer,Clear,1441,2023-11-29,No,2023-12-04,2023-12-05
ORD-10268,West,Box Truck,Clear,28,2023-05-11,Yes,2023-05-12,2023-05-12
ORD-10269,West,Box Truck,Rain,162,2022-08-01,No,2022-08-02,2022-08-03
ORD-10270,South,Van,Snow,310,2023-10-09,No,2023-10-11,2023-10-16
ORD-10271,North,Van,Clear,422,2023-10-01,No,2023-10-03,2023-10-03
ORD-10272,North,Box Truck,Clear,211,2023-01-07,Yes,2023-01-08,2023-01-08
ORD-10273,South,Semi-Trailer,Rain,148,2022-01-21,No,2022-01-22,2022-01-22
ORD-10274,West,Box Truck,Clear,33,2022-01-15,No,2022-01-16,2022-01-17
ORD-10275,South,Box Truck,Rain,21,2023-01-28,No,2023-01-29,2023-01-29
ORD-10276,East,Van,Clear,144,2022-09-04,No,2022-09-05,2022-09-05
ORD-10277,North,Van,Rain,945,2022-11-16,No,2022-11-20,2022-11-23
ORD-10278,East,Box Truck,Clear,90,2022-09-08,No,2022-09-09,2022-09-09
ORD-10279,South,Van,Clear,1388,2023-05-10,No,2023-05-15,2023-05-15
ORD-10280,South,Box Truck,Rain,1103,2022-10-01,No,2022-10-05,2022-10-05
ORD-10281,West,Van,Clear,1237,2022-06-02,,2022-06-07,2022-06-07
ORD-10282,West,Box Truck,Clear,600,2023-06-30,No,2023-07-03,2023-07-03
ORD-10283,West,Semi-Trailer,Clear,1001,2023-01-03,No,2023-01-07,2023-01-07
ORD-10284,East,Van,Clear,1312,2023-12-16,No,2023-12-21,2023-12-21
ORD-10285,West,Van,Clear,720,2023-04-19,No,2023-04-22,2023-04-22
ORD-10286,South,Box Truck,Fog,1412,2023-08-22,No,2023-08-27,2023-09-02
ORD-10287,West,Semi-Trailer,Rain,1327,2022-12-11,No,2022-12-16,2022-12-16
ORD-10288,North,Box Truck,Clear,1448,2022-04-21,No,2022-04-26,2022-04-26
ORD-10289,West,Van,Snow,806,2023-10-23,No,2023-10-26,2023-10-30
ORD-10290,East,Van,Clear,1461,2023-04-14,No,2023-04-19,2023-04-19
ORD-10291,North,Van,Clear,1189,2023-02-26,No,2023-03-02,2023-03-02
ORD-10292,North,Van,Clear,740,2022-10-03,No,2022-10-06,2022-10-07
ORD-10293,North,Semi-Trailer,Rain,286,2023-06-13,No,2023-06-14,2023-06-14
ORD-10294,East,Semi-Trailer,Rain,1298,2022-05-09,No,2022-05-14,2022-05-14
ORD-10295,South,Van,Clear,58,2023-03-25,No,2023-03-26,2023-03-26
ORD-10296,West,Van,Clear,619,2022-06-04,No,2022-06-07,2022-06-07
ORD-10297,North,Van,Clear,302,2023-01-23,No,2023-01-25,2023-01-25
ORD-10298,North,Semi-Trailer,Clear,1054,2023-09-17,No,2023-09-21,2023-09-21
ORD-10299,North,Box Truck,Clear,1477,2022-07-01,No,2022-07-06,2022-07-07
ORD-10300,South,Box Truck,Clear,481,2022-06-06,No,2022-06-08,2022-06-08
ORD-10301,South,Van,Rain,1171,2023-02-27,No,2023-03-03,2023-03-03
ORD-10302,East,Box Truck,Snow,239,2022-09-17,No,2022-09-18,2022-09-19
ORD-10303,South,Van,Clear,847,2023-09-16,No,2023-09-19,2023-09-19
ORD-10304,West,Van,Clear,1438,2023-04-28,Yes,2023-05-03,2023-05-03
ORD-10305,East,Box Truck,Snow,366,2023-05-09,No,2023-05-11,2023-05-13
ORD-10306,East,Box Truck,Snow,550,2022-06-11,No,2022-06-13,2022-06-16
ORD-10307,West,Van,Clear,836,2023-02-20,No,2023-02-23,
ORD-10308,West,Van,Clear,945,2022-04-17,No,2022-04-21,2022-04-21
ORD-10309,West,Van,Rain,1054,2022-05-05,No,2022-05-09,2022-05-09
ORD-10310,East,Van,Rain,823,2023-08-03,No,2023-08-06,2023-08-06
ORD-10311,East,Box Truck,Clear,654,2023-08-17,No,2023-08-20,2023-08-20
ORD-10312,East,Semi-Trailer,Clear,536,2023-11-19,No,2023-11-21,2023-11-24
ORD-10313,West,Van,Clear,1031,2023-02-02,No,2023-02-06,2023-02-09
ORD-10314,West,Van,Clear,1138,2022-09-22,No,2022-09-26,2022-09-26
ORD-10315,North,Van,Rain,632,2022-03-14,No,2022-03-17,2022-03-17
ORD-10316,South,Box Truck,Clear,860,2022-09-06,No,2022-09-09,2022-09-10
ORD-10317,North,Van,Rain,1369,2022-05-23,No,2022-05-28,2022-05-28
ORD-10318,West,Box Truck,Clear,433,2023-07-19,No,2023-07-21,2023-07-21
ORD-10319,East,Van,Clear,632,2022-06-29,No,2022-07-02,2022-07-04
ORD-10320,West,Box Truck,Rain,13,2023-10-04,No,2023-10-05,2023-10-05
ORD-10321,South,Semi-Trailer,Rain,478,2022-06-25,No,2022-06-27,2022-06-27
ORD-10322,North,Semi-Trailer,Fog,673,2022-10-15,No,2022-10-18,2022-10-23
ORD-10323,North,Semi-Trailer,Clear,896,2022-07-16,No,2022-07-19,2022-07-20
ORD-10324,East,Box Truck,Clear,547,2023-10-04,No,2023-10-06,2023-10-08
ORD-10325,North,Semi-Trailer,Fog,1227,2022-06-05,No,2022-06-10,
ORD-10326,North,Van,Rain,369,2023-11-05,,2023-11-07,2023-11-07
ORD-10327,West,Van,Fog,529,2022-03-16,No,2022-03-18,2022-03-22
ORD-10328,North,Van,Clear,1106,2023-04-14,No,2023-04-18,2023-04-19
ORD-10329,North,Box Truck,Clear,1111,2022-07-11,No,2022-07-15,2022-07-15
ORD-10330,North,Semi-Trailer,Clear,77,2022-06-27,No,2022-06-28,2022-06-28
ORD-10331,East,Van,Snow,704,2022-12-25,No,2022-12-28,2023-01-01
ORD-10332,East,Box Truck,Snow,1367,2023-06-12,No,2023-06-17,2023-06-19
ORD-10333,West,Box Truck,Clear,94,2022-05-18,No,2022-05-19,2022-05-19
ORD-10334,North,Semi-Trailer,Clear,88,2023-07-20,No,2023-07-21,2023-07-21
ORD-10335,East,Box Truck,Clear,1339,2023-09-05,,2023-09-10,2023-09-10
ORD-10336,East,Semi-Trailer,Clear,29,2023-07-15,,2023-07-16,2023-07-16
ORD-10337,West,Van,Clear,165,2022-09-13,No,2022-09-14,2022-09-14
ORD-10338,South,Van,Rain,1150,2022-04-01,No,2022-04-05,2022-04-05
ORD-10339,North,Box Truck,Clear,889,2023-03-27,No,2023-03-30,2023-03-30
ORD-10340,East,Van,Clear,948,2022-02-17,No,2022-02-21,2022-02-21
ORD-10341,West,Van,Clear,1483,2022-08-03,No,2022-08-08,2022-08-08
ORD-10342,West,Box Truck,Rain,37,2023-10-01,No,2023-10-02,2023-10-04
ORD-10343,West,Box Truck,Clear,619,2022-03-04,No,2022-03-07,2022-03-07
ORD-10344,East,Box Truck,Fog,983,2022-01-04,No,2022-01-08,2022-01-11
ORD-10345,North,Van,Rain,1362,2022-08-27,,2022-09-01,2022-09-01
ORD-10346,South,Box Truck,Clear,1397,2023-12-07,No,2023-12-12,2023-12-12
ORD-10347,North,Van,Clear,428,2022-05-31,No,2022-06-02,2022-06-02
ORD-10348,West,Van,Fog,31,2023-05-17,No,2023-05-18,2023-05-23
ORD-10349,West,Box Truck,Clear,270,2023-12-07,No,2023-12-08,2023-12-08
ORD-10350,South,Van,Clear,69,2023-03-16,No,2023-03-17,2023-03-17
ORD-10351,North,Van,Fog,946,2022-11-06,No,2022-11-10,2022-11-12
ORD-10352,West,Box Truck,Rain,1446,2022-11-04,No,2022-11-09,2022-11-09
ORD-10353,West,Van,Clear,172,2023-04-02,No,2023-04-03,2023-04-03
ORD-10354,North,Semi-Trailer,Clear,1147,2022-12-24,No,2022-12-28,2022-12-28
ORD-10355,West,Box Truck,Snow,363,2022-07-27,No,2022-07-29,2022-08-04
ORD-10356,North,Semi-Trailer,Clear,205,2022-06-12,No,2022-06-13,2022-06-13
ORD-10357,West,Van,Clear,1078,2022-03-11,No,2022-03-15,2022-03-15
ORD-10358,North,Box Truck,Clear,634,2022-09-09,No,2022-09-12,2022-09-12
ORD-10359,South,Van,Clear,914,2023-05-16,No,2023-05-20,2023-05-20
ORD-10360,West,Semi-Trailer,Fog,188,2023-09-27,No,2023-09-28,2023-09-30
ORD-10361,South,Van,Rain,334,2023-01-14,No,2023-01-16,2023-01-16
ORD-10362,West,Van,Rain,379,2023-08-02,No,2023-08-04,2023-08-04
ORD-10363,West,Semi-Trailer,Fog,577,2022-08-04,No,2022-08-06,2022-08-08
ORD-10364,East,Van,Clear,1380,2023-03-09,,2023-03-14,2023-03-14
ORD-10365,North,Van,Clear,788,2022-08-11,No,2022-08-14,2022-08-17
ORD-10366,South,Van,Clear,935,2022-01-01,No,2022-01-05,2022-01-06
ORD-10367,South,Box Truck,Clear,124,2022-12-22,No,2022-12-23,2022-12-23
ORD-10368,South,Van,Clear,366,2023-07-01,No,2023-07-03,2023-07-03
ORD-10369,North,Van,Clear,1200,2023-04-28,No,2023-05-03,2023-05-03
ORD-10370,East,Van,Clear,1387,2022-04-22,No,2022-04-27,2022-04-27
ORD-10371,South,Box Truck,Clear,124,2022-05-07,No,2022-05-08,2022-05-08
ORD-10372,North,Box Truck,Clear,1441,2023-11-03,No,2023-11-08,2023-11-08
ORD-10373,West,Van,Clear,807,2022-03-21,No,2022-03-24,2022-03-24
ORD-10374,South,Van,Clear,332,2023-01-23,,2023-01-25,2023-01-25
ORD-10375,South,Van,Clear,51,2022-10-19,No,2022-10-20,2022-10-20
ORD-10376,East,Van,Clear,1493,2022-10-12,No,2022-10-17,2022-10-19
ORD-10377,South,Van,Fog,1152,2022-07-16,No,2022-07-20,2022-07-23
ORD-10378,South,Van,Fog,583,2023-11-03,Yes,2023-11-05,2023-11-08
ORD-10379,West,Box Truck,Clear,1483,2022-06-15,No,2022-06-20,2022-06-20
ORD-10380,North,Semi-Trailer,Fog,450,2023-08-04,No,2023-08-06,2023-08-07
ORD-10381,North,Van,Fog,1222,2022-02-22,Yes,2022-02-27,2022-03-02
ORD-10382,East,Box Truck,Clear,294,2022-01-13,No,2022-01-14,2022-01-14
ORD-10383,West,Box Truck,Clear,113,2022-05-06,,2022-05-07,2022-05-07
ORD-10384,North,Box Truck,Fog,578,2023-09-28,No,2023-09-30,2023-10-01
ORD-10385,West,Semi-Trailer,Rain,466,2022-12-18,No,2022-12-20,2022-12-20
ORD-10386,North,Van,Clear,320,2022-06-30,No,2022-07-02,2022-07-02
ORD-10387,West,Van,Rain,1417,2023-07-08,No,2023-07-13,2023-07-13
ORD-10388,East,Box Truck,Clear,1198,2023-06-12,No,2023-06-16,2023-06-17
ORD-10389,South,Van,Clear,416,2022-01-17,No,2022-01-19,2022-01-19
ORD-10390,East,Van,Clear,854,2023-05-10,No,2023-05-13,2023-05-13
ORD-10391,North,Van,Clear,590,2022-01-15,No,2022-01-17,2022-01-17
ORD-10392,East,Van,Clear,1091,2022-09-24,No,2022-09-28,2022-09-29
ORD-10393,South,Box Truck,Snow,728,2023-10-30,No,2023-11-02,2023-11-06
ORD-10394,East,Van,Clear,1449,2023-12-03,No,2023-12-08,2023-12-09
ORD-10395,North,Van,Clear,606,2023-01-14,No,2023-01-17,2023-01-17
ORD-10396,North,Van,Clear,1284,2022-05-01,No,2022-05-06,2022-05-06
ORD-10397,East,Van,Clear,1253,2022-07-03,No,2022-07-08,2022-07-08
ORD-10398,South,Semi-Trailer,Fog,1193,2023-03-01,No,2023-03-05,2023-03-09
ORD-10399,East,Van,Clear,196,2023-10-14,No,2023-10-15,2023-10-15
ORD-10400,South,Semi-Trailer,Clear,905,2022-10-01,No,2022-10-05,2022-10-05
ORD-10401,West,Box Truck,Clear,473,2022-10-20,No,2022-10-22,2022-10-22
ORD-10402,South,Box Truck,Clear,339,2023-10-22,No,2023-10-24,2023-10-24
ORD-10403,West,Van,Clear,358,2023-02-13,No,2023-02-15,2023-02-15
ORD-10404,East,Van,Clear,509,2022-10-21,No,2022-10-23,2022-10-24
ORD-10405,South,Semi-Trailer,Clear,499,2023-02-14,No,2023-02-16,2023-02-16
ORD-10406,West,Semi-Trailer,Clear,1014,2022-06-27,No,2022-07-01,2022-07-01
ORD-10407,West,Van,Fog,289,2022-10-26,Yes,2022-10-27,2022-10-31
ORD-10408,West,Van,Clear,864,2023-02-09,No,2023-02-12,2023-02-12
ORD-10409,North,Van,Clear,1197,2022-02-23,No,2022-02-27,2022-02-27
ORD-10410,East,Semi-Trailer,Snow,1014,2022-12-28,No,2023-01-01,2023-01-05
ORD-10411,West,Van,Snow,407,2023-12-20,No,2023-12-22,2023-12-29
ORD-10412,South,Box Truck,Clear,1101,2022-06-25,Yes,2022-06-29,2022-07-01
ORD-10413,West,Box Truck,Fog,437,2023-01-22,No,2023-01-24,2023-01-26
ORD-10414,North,Box Truck,Rain,1465,2022-10-09,No,2022-10-14,2022-10-14
ORD-10415,East,Box Truck,Clear,384,2022-11-13,No,2022-11-15,2022-11-15
ORD-10416,North,Van,Clear,1025,2023-12-23,No,2023-12-27,2023-12-27
ORD-10417,North,Semi-Trailer,Clear,641,2022-06-09,,2022-06-12,2022-06-12
ORD-10418,North,Box Truck,Clear,998,2023-09-03,,2023-09-07,2023-09-07
ORD-10419,South,Box Truck,Clear,706,2022-06-01,No,2022-06-04,2022-06-04
ORD-10420,East,Van,Clear,1456,2023-01-07,No,2023-01-12,2023-01-12
ORD-10421,East,Box Truck,Snow,937,2022-07-10,No,2022-07-14,2022-07-18
ORD-10422,South,Van,Clear,87,2022-11-27,Yes,2022-11-28,2022-11-28
ORD-10423,East,Van,Clear,497,2022-02-27,No,2022-03-01,2022-03-01
ORD-10424,North,Box Truck,Clear,1203,2023-10-04,No,2023-10-09,2023-10-09
ORD-10425,East,Box Truck,Rain,1071,2022-07-06,No,2022-07-10,2022-07-10
ORD-10426,South,Box Truck,Rain,576,2023-03-03,No,2023-03-05,2023-03-05
ORD-10427,North,Van,Clear,960,2023-03-23,No,2023-03-27,2023-03-29
ORD-10428,South,Box Truck,Clear,1323,2023-04-07,No,2023-04-12,2023-04-12
ORD-10429,West,Van,Clear,567,2022-11-03,No,2022-11-05,2022-11-05
ORD-10430,North,Box Truck,Rain,180,2023-12-15,No,2023-12-16,2023-12-16
ORD-10431,North,Van,Clear,651,2022-05-26,No,2022-05-29,2022-05-29
ORD-10432,East,Box Truck,Clear,301,2022-09-14,No,2022-09-16,2022-09-16
ORD-10433,North,Semi-Trailer,Clear,590,2023-11-25,No,2023-11-27,2023-11-27
ORD-10434,South,Van,Snow,431,2023-07-07,No,2023-07-09,2023-07-11
ORD-10435,East,Van,Clear,114,2022-08-18,No,2022-08-19,2022-08-19
ORD-10436,West,Box Truck,Fog,575,2023-08-24,No,2023-08-26,2023-08-28
ORD-10437,South,Box Truck,Clear,1439,2022-11-21,No,2022-11-26,2022-11-26
ORD-10438,West,Box Truck,Clear,889,2023-08-07,No,2023-08-10,2023-08-13
ORD-10439,West,Box Truck,Clear,1492,2023-11-26,No,2023-12-01,2023-12-01
ORD-10440,West,Van,Rain,884,2023-06-01,Yes,2023-06-04,2023-06-04
ORD-10441,North,Van,Snow,257,2022-04-28,No,2022-04-29,2022-05-05
ORD-10442,South,Van,Snow,936,2022-09-19,No,2022-09-23,2022-09-24
ORD-10443,South,Van,Rain,318,2022-04-01,No,2022-04-03,2022-04-03
ORD-10444,North,Box Truck,Rain,1406,2023-01-07,No,2023-01-12,2023-01-12
ORD-10445,East,Van,Fog,1139,2023-02-25,No,2023-03-01,2023-03-02
ORD-10446,West,Semi-Trailer,Clear,324,2023-04-18,No,2023-04-20,2023-04-21
ORD-10447,South,Semi-Trailer,Snow,618,2023-12-22,No,2023-12-25,2023-12-26
ORD-10448,North,Semi-Trailer,Fog,954,2022-09-20,,2022-09-24,2022-09-26
ORD-10449,West,Semi-Trailer,Clear,548,2022-10-31,No,2022-11-02,2022-11-02
ORD-10450,East,Van,Rain,81,2023-09-19,No,2023-09-20,2023-09-20
ORD-10451,East,Semi-Trailer,Clear,387,2023-09-07,No,2023-09-09,2023-09-10
ORD-10452,West,Van,Clear,1218,2022-03-07,,2022-03-12,2022-03-12
ORD-10453,East,Van,Clear,143,2022-01-02,No,2022-01-03,2022-01-03
ORD-10454,South,Box Truck,Clear,1207,2023-03-10,No,2023-03-15,2023-03-15
ORD-10455,South,Van,Clear,402,2023-01-22,No,2023-01-24,2023-01-24
ORD-10456,South,Semi-Trailer,Snow,1097,2022-03-13,No,2022-03-17,2022-03-22
ORD-10457,East,Box Truck,Clear,1005,2023-08-28,No,2023-09-01,2023-09-01
ORD-10458,South,Box Truck,Clear,424,2022-07-15,No,2022-07-17,2022-07-17
ORD-10459,North,Van,Rain,412,2023-10-24,,2023-10-26,2023-10-26
ORD-10460,South,Box Truck,Clear,1146,2022-03-12,Yes,2022-03-16,2022-03-16
ORD-10461,South,Van,Clear,74,2022-03-30,No,2022-03-31,2022-03-31
ORD-10462,East,Semi-Trailer,Clear,875,2023-02-12,No,2023-02-15,2023-02-16
ORD-10463,South,Van,Clear,410,2022-04-13,No,2022-04-15,2022-04-15
ORD-10464,West,Box Truck,Clear,299,2022-05-07,No,2022-05-08,
ORD-10465,North,Van,Snow,1453,2022-07-27,No,2022-08-01,2022-08-03
ORD-10466,East,Van,Clear,1348,2022-10-02,No,2022-10-07,2022-10-07
ORD-10467,North,Van,Clear,1122,2022-09-14,No,2022-09-18,2022-09-18
ORD-10468,West,Van,Fog,768,2023-11-27,No,2023-11-30,2023-12-03
ORD-10469,East,Box Truck,Snow,853,2023-10-07,No,2023-10-10,2023-10-14
ORD-10470,East,Van,Clear,670,2022-04-20,No,2022-04-23,2022-04-23
ORD-10471,South,Van,Clear,366,2022-08-26,No,2022-08-28,2022-08-30
ORD-10472,North,Box Truck,Rain,887,2023-09-18,No,2023-09-21,2023-09-21
ORD-10473,West,Van,Rain,1007,2023-10-13,No,2023-10-17,2023-10-17
ORD-10474,West,Van,Rain,761,2023-12-28,No,2023-12-31,2023-12-31
ORD-10475,East,Semi-Trailer,Clear,758,2023-04-16,No,2023-04-19,2023-04-19
ORD-10476,South,Van,Clear,374,2023-02-27,No,2023-03-01,2023-03-01
ORD-10477,East,Van,Clear,276,2023-06-22,No,2023-06-23,2023-06-24
ORD-10478,East,Van,Rain,415,2022-10-22,No,2022-10-24,2022-10-24
ORD-10479,East,Van,Rain,148,2022-07-05,No,2022-07-06,2022-07-06
ORD-10480,East,Box Truck,Clear,1198,2023-07-12,No,2023-07-16,2023-07-16
ORD-10481,West,Van,Clear,675,2023-04-28,No,2023-05-01,2023-05-01
ORD-10482,West,Box Truck,Fog,1139,2022-04-30,No,2022-05-04,2022-05-06
ORD-10483,East,Van,Clear,1182,2022-07-14,No,2022-07-18,2022-07-18
ORD-10484,East,Van,Clear,194,2022-09-13,No,2022-09-14,2022-09-17
ORD-10485,South,Van,Rain,1443,2022-12-30,No,2023-01-04,2023-01-05
ORD-10486,East,Box Truck,Clear,792,2023-09-17,No,2023-09-20,2023-09-21
ORD-10487,West,Semi-Trailer,Clear,880,2023-01-13,No,2023-01-16,2023-01-17
ORD-10488,North,Box Truck,Clear,712,2023-12-07,No,2023-12-10,2023-12-10
ORD-10489,West,Semi-Trailer,Clear,916,2022-12-02,No,2022-12-06,2022-12-06
ORD-10490,South,Van,Clear,210,2022-09-08,No,2022-09-09,2022-09-09
ORD-10491,West,Van,Fog,627,2023-10-08,No,2023-10-11,2023-10-14
ORD-10492,North,Van,Clear,229,2023-09-12,No,2023-09-13,2023-09-13
ORD-10493,East,Van,Rain,866,2023-05-18,No,2023-05-21,2023-05-24
ORD-10494,North,Van,Clear,1021,2022-05-10,Yes,2022-05-14,2022-05-14
ORD-10495,East,Van,Clear,1467,2022-10-27,No,2022-11-01,2022-11-02
ORD-10496,East,Van,Rain,1062,2023-06-26,No,2023-06-30,2023-06-30
ORD-10497,West,Van,Clear,73,2022-04-30,No,2022-05-01,2022-05-01
ORD-10498,West,Van,Clear,946,2023-08-09,No,2023-08-13,2023-08-13
ORD-10499,West,Van,Clear,1129,2023-06-08,No,2023-06-12,2023-06-12
ORD-10500,South,Semi-Trailer,Clear,549,2023-12-26,No,2023-12-28,2023-12-31
ORD-10501,West,Van,Clear,519,2022-08-23,No,2022-08-25,2022-08-26
ORD-10502,South,Box Truck,Rain,1373,2023-03-16,No,2023-03-21,2023-03-21
ORD-10503,West,Box Truck,Clear,260,2022-04-10,No,2022-04-11,2022-04-14
ORD-10504,East,Van,Fog,1312,2022-02-27,No,2022-03-04,2022-03-06
ORD-10505,South,Van,Clear,48,2022-02-08,No,2022-02-09,2022-02-09
ORD-10506,North,Van,Clear,78,2022-04-23,No,2022-04-24,2022-04-24
ORD-10507,South,Box Truck,Clear,286,2023-09-06,No,2023-09-07,2023-09-07
ORD-10508,South,Van,Clear,1153,2022-12-04,No,2022-12-08,2022-12-08
ORD-10509,North,Van,Clear,1119,2022-09-17,No,2022-09-21,2022-09-21
ORD-10510,South,Van,Rain,186,2022-11-18,No,2022-11-19,2022-11-19
ORD-10511,East,Semi-Trailer,Clear,980,2023-04-25,No,2023-04-29,2023-04-29
ORD-10512,West,Van,Clear,615,2022-12-27,No,2022-12-30,2022-12-30
ORD-10513,North,Box Truck,Fog,1125,2022-03-01,,2022-03-05,2022-03-06
ORD-10514,West,Van,Clear,1453,2022-04-24,No,2022-04-29,2022-04-29
ORD-10515,East,Semi-Trailer,Clear,90,2022-07-09,No,2022-07-10,2022-07-10
ORD-10516,North,Box Truck,Clear,350,2022-09-19,No,2022-09-21,2022-09-21
ORD-10517,West,Van,Clear,430,2022-11-23,No,2022-11-25,2022-11-25
ORD-10518,West,Semi-Trailer,Clear,237,2023-02-16,No,2023-02-17,
ORD-10519,East,Box Truck,Clear,482,2023-06-05,No,2023-06-07,
ORD-10520,West,Van,Clear,97,2023-10-23,No,2023-10-24,2023-10-26
ORD-10521,East,Van,Rain,1383,2022-11-06,No,2022-11-11,2022-11-11
ORD-10522,South,Box Truck,Rain,199,2022-03-24,No,2022-03-25,2022-03-25
ORD-10523,East,Semi-Trailer,Rain,876,2022-07-15,No,2022-07-18,2022-07-19
ORD-10524,South,Box Truck,Clear,990,2023-10-31,No,2023-11-04,2023-11-07
ORD-10525,North,Box Truck,Clear,990,2023-10-15,No,2023-10-19,2023-10-22
ORD-10526,West,Box Truck,Clear,145,2023-01-29,No,2023-01-30,2023-02-01
ORD-10527,East,Van,Clear,1358,2022-12-22,No,2022-12-27,2022-12-28
ORD-10528,East,Box Truck,Clear,49,2023-10-14,No,2023-10-15,2023-10-15
ORD-10529,West,Van,Clear,1320,2023-09-12,No,2023-09-17,2023-09-17
ORD-10530,West,Semi-Trailer,Clear,265,2022-11-17,No,2022-11-18,2022-11-18
ORD-10531,North,Box Truck,Rain,956,2023-01-18,No,2023-01-22,2023-01-22
ORD-10532,North,Box Truck,Clear,1453,2022-08-26,,2022-08-31,2022-08-31
ORD-10533,East,Van,Fog,548,2022-06-13,No,2022-06-15,2022-06-18
ORD-10534,North,Van,Rain,1324,2022-02-12,No,2022-02-17,2022-02-17
ORD-10535,South,Van,Clear,1349,2022-05-13,No,2022-05-18,2022-05-19
ORD-10536,North,Box Truck,Clear,867,2023-09-22,No,2023-09-25,2023-09-25
ORD-10537,North,Box Truck,Clear,141,2023-05-03,Yes,2023-05-04,2023-05-06
ORD-10538,East,Van,Rain,877,2022-04-17,No,2022-04-20,2022-04-20
ORD-10539,South,Box Truck,Clear,750,2023-04-17,No,2023-04-20,2023-04-20
ORD-10540,North,Semi-Trailer,Clear,548,2022-05-03,No,2022-05-05,
ORD-10541,South,Van,Clear,1336,2022-09-25,No,2022-09-30,2022-10-01
ORD-10542,South,Van,Clear,291,2023-09-28,No,2023-09-29,2023-09-29
ORD-10543,South,Box Truck,Fog,501,2022-09-13,No,2022-09-15,2022-09-18
ORD-10544,West,Box Truck,Clear,289,2023-11-19,No,2023-11-20,2023-11-23
ORD-10545,West,Box Truck,Clear,1232,2022-09-07,No,2022-09-12,2022-09-12
ORD-10546,West,Box Truck,Clear,1408,2022-07-12,No,2022-07-17,2022-07-17
ORD-10547,West,Semi-Trailer,Snow,1333,2022-02-19,No,2022-02-24,2022-02-26
ORD-10548,East,Van,Clear,918,2022-12-26,No,2022-12-30,2023-01-01
ORD-10549,North,Van,Rain,675,2023-08-03,No,2023-08-06,2023-08-07
ORD-10550,West,Van,Snow,1332,2023-06-26,No,2023-07-01,2023-07-04
ORD-10551,East,Van,Snow,564,2023-12-10,No,2023-12-12,2023-12-14
ORD-10552,North,Van,Clear,1355,2022-12-23,No,2022-12-28,2022-12-30
ORD-10553,West,Van,Clear,1143,2023-11-18,Yes,2023-11-22,2023-11-22
ORD-10554,North,Semi-Trailer,Clear,480,2022-04-05,No,2022-04-07,2022-04-07
ORD-10555,West,Semi-Trailer,Clear,421,2023-06-08,No,2023-06-10,2023-06-10
ORD-10556,East,Van,Clear,522,2023-01-05,No,2023-01-07,2023-01-09
ORD-10557,South,Box Truck,Clear,1173,2023-06-11,No,2023-06-15,2023-06-15
ORD-10558,South,Box Truck,Clear,887,2023-02-06,No,2023-02-09,2023-02-09
ORD-10559,North,Semi-Trailer,Rain,699,2023-11-11,No,2023-11-14,2023-11-14
ORD-10560,East,Box Truck,Clear,958,2022-12-30,No,2023-01-03,2023-01-05
ORD-10561,South,Van,Clear,69,2023-01-18,No,2023-01-19,2023-01-20
ORD-10562,West,Box Truck,Rain,1216,2023-12-18,No,2023-12-23,2023-12-23
ORD-10563,South,Box Truck,Clear,428,2023-03-03,No,2023-03-05,2023-03-07
ORD-10564,North,Box Truck,Rain,966,2022-07-12,No,2022-07-16,2022-07-16
ORD-10565,North,Semi-Trailer,Clear,834,2022-04-18,Yes,2022-04-21,2022-04-21
ORD-10566,East,Semi-Trailer,Fog,917,2022-04-03,No,2022-04-07,2022-04-11
ORD-10567,North,Box Truck,Snow,742,2023-05-11,No,2023-05-14,2023-05-15
ORD-10568,South,Box Truck,Clear,1260,2023-06-16,No,2023-06-21,2023-06-21
ORD-10569,South,Semi-Trailer,Rain,400,2022-06-01,Yes,2022-06-03,2022-06-03
ORD-10570,South,Van,Clear,1177,2023-07-07,No,2023-07-11,2023-07-11
ORD-10571,South,Van,Clear,745,2022-03-10,No,2022-03-13,2022-03-13
ORD-10572,East,Van,Rain,670,2023-08-03,No,2023-08-06,2023-08-06
ORD-10573,West,Semi-Trailer,Rain,36,2022-10-25,No,2022-10-26,2022-10-26
ORD-10574,West,Box Truck,Clear,632,2023-10-02,No,2023-10-05,2023-10-05
ORD-10575,East,Van,Clear,893,2022-06-04,No,2022-06-07,2022-06-07
ORD-10576,North,Semi-Trailer,Snow,136,2022-09-22,No,2022-09-23,2022-09-27
ORD-10577,West,Box Truck,Clear,1489,2023-02-21,No,2023-02-26,2023-02-26
ORD-10578,North,Semi-Trailer,Snow,290,2022-07-01,No,2022-07-02,2022-07-06
ORD-10579,West,Van,Rain,1428,2022-10-09,No,2022-10-14,2022-10-14
ORD-10580,North,Box Truck,Clear,328,2023-08-10,No,2023-08-12,2023-08-12
ORD-10581,East,Box Truck,Clear,450,2023-04-19,No,2023-04-21,2023-04-21
ORD-10582,South,Box Truck,Clear,350,2023-01-13,No,2023-01-15,2023-01-15
ORD-10583,North,Box Truck,Snow,703,2022-11-13,,2022-11-16,2022-11-17
ORD-10584,South,Semi-Trailer,Snow,128,2022-06-09,No,2022-06-10,2022-06-11
ORD-10585,North,Van,Clear,787,2023-10-29,No,2023-11-01,2023-11-01
ORD-10586,North,Semi-Trailer,Clear,699,2022-07-09,No,2022-07-12,2022-07-12
ORD-10587,North,Van,Rain,722,2022-04-17,No,2022-04-20,2022-04-22
ORD-10588,North,Van,Clear,1401,2022-09-25,No,2022-09-30,2022-09-30
ORD-10589,North,Van,Rain,394,2023-08-05,No,2023-08-07,2023-08-07
ORD-10590,South,Van,Clear,519,2023-02-16,No,2023-02-18,
ORD-10591,North,Van,Snow,1191,2022-01-18,,2022-01-22,2022-01-25
ORD-10592,South,Semi-Trailer,Rain,95,2023-03-07,No,2023-03-08,2023-03-08
ORD-10593,East,Box Truck,Clear,370,2023-01-07,No,2023-01-09,2023-01-10
ORD-10594,West,Van,Snow,1015,2023-03-16,No,2023-03-20,2023-03-22
ORD-10595,North,Box Truck,Clear,801,2022-12-01,No,2022-12-04,2022-12-04
ORD-10596,West,Van,Clear,1118,2023-01-16,No,2023-01-20,2023-01-23
ORD-10597,South,Van,Clear,368,2022-08-18,No,2022-08-20,2022-08-21
ORD-10598,East,Box Truck,Rain,736,2022-06-15,No,2022-06-18,2022-06-21
ORD-10599,East,Box Truck,Snow,1166,2022-05-01,No,2022-05-05,2022-05-09
ORD-10600,East,Box Truck,Snow,1420,2023-07-28,No,2023-08-02,2023-08-05
ORD-10601,West,Van,Rain,1280,2023-11-21,No,2023-11-26,2023-11-26
ORD-10602,South,Box Truck,Clear,1174,2023-09-13,No,2023-09-17,2023-09-17
ORD-10603,North,Box Truck,Clear,456,2023-10-04,No,2023-10-06,2023-10-06
ORD-10604,North,Semi-Trailer,Clear,1109,2023-08-22,No,2023-08-26,2023-08-28
ORD-10605,South,Van,Snow,1131,2022-07-16,No,2022-07-20,2022-07-21
ORD-10606,West,Box Truck,Fog,1336,2023-07-18,Yes,2023-07-23,2023-07-24
ORD-10607,North,Box Truck,Clear,1499,2023-08-26,No,2023-08-31,2023-08-31
ORD-10608,South,Semi-Trailer,Rain,1088,2023-01-29,No,2023-02-02,2023-02-02
ORD-10609,North,Van,Clear,314,2022-08-03,No,2022-08-05,2022-08-05
ORD-10610,East,Box Truck,Clear,780,2023-01-13,No,2023-01-16,2023-01-16
ORD-10611,North,Van,Clear,543,2022-04-23,No,2022-04-25,2022-04-25
ORD-10612,West,Box Truck,Snow,44,2022-07-25,No,2022-07-26,2022-07-30
ORD-10613,South,Van,Clear,691,2022-10-01,No,2022-10-04,2022-10-05
ORD-10614,West,Van,Snow,1173,2022-09-09,No,2022-09-13,2022-09-18
ORD-10615,South,Box Truck,Clear,1024,2022-09-26,No,2022-09-30,2022-10-01
ORD-10616,East,Van,Clear,650,2022-09-04,No,2022-09-07,2022-09-07
ORD-10617,South,Van,Clear,1133,2023-09-14,No,2023-09-18,2023-09-18
ORD-10618,North,Van,Snow,999,2022-05-14,No,2022-05-18,2022-05-21
ORD-10619,North,Van,Clear,1406,2022-06-09,No,2022-06-14,2022-06-14
ORD-10620,East,Semi-Trailer,Rain,768,2023-09-23,No,2023-09-26,2023-09-26
ORD-10621,South,Box Truck,Clear,1056,2022-07-29,No,2022-08-02,2022-08-02
ORD-10622,East,Semi-Trailer,Clear,293,2023-02-07,No,2023-02-08,2023-02-08
ORD-10623,North,Van,Snow,122,2023-12-27,No,2023-12-28,2023-12-31
ORD-10624,West,Semi-Trailer,Clear,382,2022-10-09,No,2022-10-11,2022-10-11
ORD-10625,East,Van,Snow,206,2023-07-26,No,2023-07-27,2023-07-30
ORD-10626,West,Box Truck,Clear,1197,2022-08-19,No,2022-08-23,2022-08-23
ORD-10627,West,Van,Rain,902,2022-12-28,No,2023-01-01,2023-01-01
ORD-10628,South,Box Truck,Rain,831,2022-07-15,No,2022-07-18,2022-07-19
ORD-10629,East,Box Truck,Snow,1464,2023-10-15,No,2023-10-20,2023-10-24
ORD-10630,West,Van,Clear,19,2023-11-21,No,2023-11-22,2023-11-25
ORD-10631,West,Van,Rain,407,2023-10-05,No,2023-10-07,2023-10-08
ORD-10632,South,Box Truck,Clear,161,2022-06-14,No,2022-06-15,2022-06-15
ORD-10633,South,Van,Clear,200,2023-02-26,No,2023-02-27,2023-02-27
ORD-10634,North,Van,Clear,286,2022-12-21,No,2022-12-22,2022-12-22
ORD-10635,West,Van,Clear,502,2022-07-20,No,2022-07-22,2022-07-22
ORD-10636,North,Box Truck,Snow,1276,2022-07-20,No,2022-07-25,2022-07-27
ORD-10637,West,Semi-Trailer,Rain,497,2023-07-20,No,2023-07-22,2023-07-22
ORD-10638,North,Van,Clear,285,2023-12-18,No,2023-12-19,2023-12-19
ORD-10639,South,Van,Snow,199,2022-07-31,No,2022-08-01,2022-08-05
ORD-10640,East,Semi-Trailer,Clear,873,2023-12-01,No,2023-12-04,2023-12-04
ORD-10641,South,Box Truck,Rain,1340,2022-07-28,No,2022-08-02,2022-08-02
ORD-10642,North,Van,Snow,305,2023-05-17,No,2023-05-19,2023-05-24
ORD-10643,North,Semi-Trailer,Snow,1267,2022-04-13,No,2022-04-18,2022-04-21
ORD-10644,East,Van,Clear,350,2022-03-20,No,2022-03-22,2022-03-22
ORD-10645,West,Van,Rain,602,2023-05-15,No,2023-05-18,2023-05-18
ORD-10646,North,Semi-Trailer,Clear,1226,2023-02-03,No,2023-02-08,2023-02-08
ORD-10647,North,Semi-Trailer,Snow,892,2022-03-14,No,2022-03-17,2022-03-18
ORD-10648,North,Van,Clear,1397,2022-06-25,No,2022-06-30,2022-06-30
ORD-10649,East,Van,Rain,959,2023-03-29,Yes,2023-04-02,2023-04-02
ORD-10650,South,Van,Clear,267,2022-04-19,No,2022-04-20,2022-04-20
ORD-10651,North,Van,Clear,986,2022-10-27,No,2022-10-31,2022-10-31
ORD-10652,East,Van,Clear,1264,2023-11-04,No,2023-11-09,2023-11-09
ORD-10653,North,Van,Rain,23,2022-07-03,No,2022-07-04,2022-07-04
ORD-10654,West,Semi-Trailer,Rain,1047,2022-08-21,No,2022-08-25,2022-08-25
ORD-10655,East,Semi-Trailer,Fog,565,2023-05-24,No,2023-05-26,2023-05-31
ORD-10656,North,Box Truck,Rain,1017,2022-06-23,No,2022-06-27,2022-06-27
ORD-10657,East,Box Truck,Clear,219,2022-04-20,No,2022-04-21,2022-04-21
ORD-10658,North,Van,Snow,1073,2023-07-02,,2023-07-06,2023-07-10
ORD-10659,South,Van,Clear,1067,2023-03-09,No,2023-03-13,2023-03-13
ORD-10660,North,Van,Rain,756,2023-08-28,Yes,2023-08-31,2023-08-31
ORD-10661,East,Box Truck,Snow,1267,2022-12-20,No,2022-12-25,2022-12-27
ORD-10662,West,Van,Clear,1323,2022-08-15,No,2022-08-20,2022-08-20
ORD-10663,West,Semi-Trailer,Snow,864,2022-01-20,Yes,2022-01-23,2022-01-24
ORD-10664,West,Box Truck,Rain,1466,2023-09-21,No,2023-09-26,2023-09-27
ORD-10665,North,Van,Clear,857,2023-09-30,No,2023-10-03,2023-10-04
ORD-10666,South,Van,Clear,960,2022-09-23,No,2022-09-27,2022-09-27
ORD-10667,North,Box Truck,Clear,1351,2022-01-15,No,2022-01-20,2022-01-20
ORD-10668,West,Semi-Trailer,Fog,649,2022-07-30,No,2022-08-02,2022-08-06
ORD-10669,East,Box Truck,Clear,417,2022-06-15,No,2022-06-17,2022-06-17
ORD-10670,West,Van,Clear,825,2023-07-03,No,2023-07-06,2023-07-06
ORD-10671,East,Box Truck,Clear,1113,2022-10-04,No,2022-10-08,2022-10-11
ORD-10672,South,Van,Clear,185,2023-05-21,No,2023-05-22,2023-05-22
ORD-10673,East,Semi-Trailer,Rain,1024,2022-03-09,No,2022-03-13,2022-03-13
ORD-10674,North,Box Truck,Clear,857,2022-02-22,No,2022-02-25,2022-02-25
ORD-10675,North,Box Truck,Fog,1318,2022-01-30,No,2022-02-04,2022-02-07
ORD-10676,North,Van,Clear,327,2023-07-20,No,2023-07-22,2023-07-22
ORD-10677,East,Box Truck,Clear,419,2022-03-02,No,2022-03-04,2022-03-04
ORD-10678,North,Van,Clear,1175,2022-11-23,No,2022-11-27,2022-11-27
ORD-10679,North,Van,Fog,256,2023-06-15,No,2023-06-16,
ORD-10680,North,Van,Clear,186,2023-06-29,No,2023-06-30,2023-06-30
ORD-10681,South,Semi-Trailer,Clear,820,2023-05-11,No,2023-05-14,
ORD-10682,East,Box Truck,Clear,1377,2022-10-08,No,2022-10-13,2022-10-13
ORD-10683,East,Van,Clear,273,2023-01-04,No,2023-01-05,2023-01-05
ORD-10684,West,Semi-Trailer,Rain,177,2023-03-20,No,2023-03-21,2023-03-21
ORD-10685,East,Van,Rain,1058,2023-01-01,No,2023-01-05,2023-01-05
ORD-10686,South,Van,Clear,712,2023-03-16,No,2023-03-19,2023-03-19
ORD-10687,East,Van,Clear,537,2023-08-15,No,2023-08-17,2023-08-20
ORD-10688,South,Box Truck,Rain,1343,2023-07-12,No,2023-07-17,2023-07-17
ORD-10689,South,Box Truck,Clear,37,2023-07-04,No,2023-07-05,2023-07-05
ORD-10690,East,Van,Clear,1403,2022-12-25,No,2022-12-30,2022-12-30
ORD-10691,West,Box Truck,Clear,1417,2022-10-19,No,2022-10-24,2022-10-24
ORD-10692,North,Van,Clear,1327,2022-01-22,No,2022-01-27,2022-01-27
ORD-10693,North,Box Truck,Clear,673,2022-02-16,No,2022-02-19,2022-02-19
ORD-10694,East,Van,Clear,589,2023-02-25,No,2023-02-27,2023-02-27
ORD-10695,East,Box Truck,Clear,46,2022-08-10,No,2022-08-11,2022-08-14
ORD-10696,South,Box Truck,Clear,897,2023-03-29,No,2023-04-01,2023-04-01
ORD-10697,East,Box Truck,Rain,556,2023-04-12,No,2023-04-14,2023-04-14
ORD-10698,South,Van,Fog,655,2022-12-13,No,2022-12-16,2022-12-19
ORD-10699,West,Box Truck,Fog,887,2023-10-08,No,2023-10-11,2023-10-14
ORD-10700,East,Van,Snow,682,2022-02-28,No,2022-03-03,2022-03-04
ORD-10701,North,Semi-Trailer,Clear,381,2023-10-15,No,2023-10-17,2023-10-17
ORD-10702,North,Van,Clear,745,2023-08-25,No,2023-08-28,2023-08-28
ORD-10703,East,Van,Snow,111,2023-07-05,No,2023-07-06,
ORD-10704,South,Box Truck,Clear,1388,2022-10-01,No,2022-10-06,2022-10-06
ORD-10705,North,Box Truck,Clear,474,2023-09-01,No,2023-09-03,2023-09-03
ORD-10706,South,Van,Clear,703,2022-01-15,No,2022-01-18,2022-01-19
ORD-10707,East,Semi-Trailer,Clear,489,2023-08-14,No,2023-08-16,2023-08-16
ORD-10708,East,Semi-Trailer,Snow,919,2022-04-30,No,2022-05-04,2022-05-07
ORD-10709,North,Box Truck,Rain,225,2022-09-11,No,2022-09-12,2022-09-12
ORD-10710,East,Van,Rain,1008,2023-06-10,No,2023-06-14,2023-06-14
ORD-10711,West,Box Truck,Snow,1360,2023-07-17,No,2023-07-22,2023-07-25
ORD-10712,West,Van,Clear,709,2023-05-23,No,2023-05-26,2023-05-26
ORD-10713,North,Van,Rain,609,2022-04-25,Yes,2022-04-28,2022-04-30
ORD-10714,West,Semi-Trailer,Clear,1280,2023-06-24,No,2023-06-29,
ORD-10715,South,Semi-Trailer,Rain,1022,2023-07-02,No,2023-07-06,2023-07-06
ORD-10716,North,Semi-Trailer,Clear,1121,2022-01-02,No,2022-01-06,2022-01-06
ORD-10717,North,Van,Rain,343,2023-06-19,No,2023-06-21,2023-06-21
ORD-10718,South,Van,Fog,673,2023-04-10,No,2023-04-13,2023-04-16
ORD-10719,West,Van,Clear,788,2022-07-27,No,2022-07-30,2022-07-30
ORD-10720,West,Van,Clear,1233,2022-04-17,No,2022-04-22,2022-04-22
ORD-10721,West,Van,Clear,1416,2022-07-11,No,2022-07-16,2022-07-16
ORD-10722,North,Van,Clear,1461,2022-06-17,No,2022-06-22,2022-06-22
ORD-10723,North,Box Truck,Clear,1368,2023-09-25,No,2023-09-30,2023-09-30
ORD-10724,West,Box Truck,Snow,1011,2022-11-03,No,2022-11-07,2022-11-09
ORD-10725,East,Box Truck,Clear,459,2023-10-29,No,2023-10-31,2023-10-31
ORD-10726,West,Semi-Trailer,Clear,225,2022-01-26,No,2022-01-27,2022-01-27
ORD-10727,South,Van,Rain,950,2022-06-07,No,2022-06-11,2022-06-11
ORD-10728,North,Van,Clear,595,2022-04-07,No,2022-04-09,2022-04-09
ORD-10729,South,Box Truck,Clear,681,2022-05-27,No,2022-05-30,2022-05-30
ORD-10730,South,Box Truck,Rain,1288,2023-02-10,No,2023-02-15,2023-02-15
ORD-10731,North,Box Truck,Rain,1026,2023-12-22,No,2023-12-26,2023-12-26
ORD-10732,East,Van,Clear,514,2022-04-22,No,2022-04-24,2022-04-24
ORD-10733,West,Van,Clear,447,2022-10-21,No,2022-10-23,2022-10-23
ORD-10734,South,Box Truck,Clear,479,2022-04-18,No,2022-04-20,2022-04-20
ORD-10735,North,Semi-Trailer,Clear,15,2022-11-02,No,2022-11-03,2022-11-03
ORD-10736,South,Semi-Trailer,Clear,228,2022-10-03,No,2022-10-04,2022-10-04
ORD-10737,West,Box Truck,Rain,585,2023-10-01,No,2023-10-03,2023-10-03
ORD-10738,East,Box Truck,Snow,522,2022-07-28,No,2022-07-30,2022-08-02
ORD-10739,East,Semi-Trailer,Clear,878,2022-04-13,No,2022-04-16,2022-04-16
ORD-10740,East,Box Truck,Clear,1222,2022-11-01,No,2022-11-06,2022-11-08
ORD-10741,North,Box Truck,Clear,984,2023-10-19,No,2023-10-23,2023-10-23
ORD-10742,North,Semi-Trailer,Clear,1280,2023-09-07,No,2023-09-12,2023-09-13
ORD-10743,East,Box Truck,Rain,778,2022-08-09,No,2022-08-12,2022-08-12
ORD-10744,West,Semi-Trailer,Snow,986,2022-06-21,No,2022-06-25,2022-06-30
ORD-10745,West,Van,Clear,695,2023-02-10,No,2023-02-13,2023-02-13
ORD-10746,North,Box Truck,Clear,630,2023-09-16,No,2023-09-19,2023-09-19
ORD-10747,East,Semi-Trailer,Rain,564,2023-10-25,No,2023-10-27,2023-10-28
ORD-10748,West,Van,Clear,1461,2022-05-28,No,2022-06-02,2022-06-02
ORD-10749,West,Box Truck,Clear,559,2022-08-04,No,2022-08-06,2022-08-06
ORD-10750,West,Van,Clear,372,2022-01-04,No,2022-01-06,2022-01-06
ORD-10751,North,Semi-Trailer,Clear,603,2022-05-09,No,2022-05-12,2022-05-12
ORD-10752,East,Box Truck,Clear,1429,2022-09-10,No,2022-09-15,2022-09-15
ORD-10753,South,Van,Fog,632,2023-09-11,No,2023-09-14,2023-09-18
ORD-10754,East,Van,Clear,1169,2023-10-26,No,2023-10-30,2023-10-30
ORD-10755,East,Box Truck,Clear,443,2022-01-06,No,2022-01-08,2022-01-08
ORD-10756,North,Box Truck,Rain,327,2023-05-05,No,2023-05-07,2023-05-07
ORD-10757,West,Van,Clear,544,2022-09-27,Yes,2022-09-29,2022-09-29
ORD-10758,West,Semi-Trailer,Clear,1382,2022-01-26,No,2022-01-31,2022-01-31
ORD-10759,North,Box Truck,Clear,1092,2023-09-01,No,2023-09-05,2023-09-05
ORD-10760,North,Box Truck,Clear,787,2023-07-06,No,2023-07-09,2023-07-11
ORD-10761,North,Van,Rain,149,2023-10-22,No,2023-10-23,2023-10-23
ORD-10762,North,Semi-Trailer,Clear,902,2023-01-05,No,2023-01-09,2023-01-09
ORD-10763,North,Van,Fog,637,2023-03-31,,2023-04-03,2023-04-07
ORD-10764,South,Box Truck,Rain,1237,2022-10-12,No,2022-10-17,2022-10-17
ORD-10765,East,Semi-Trailer,Clear,167,2023-10-05,No,2023-10-06,2023-10-06
ORD-10766,East,Van,Clear,1363,2023-09-06,,2023-09-11,2023-09-11
ORD-10767,East,Box Truck,Clear,983,2022-02-21,No,2022-02-25,2022-02-25
ORD-10768,West,Van,Clear,205,2023-05-23,No,2023-05-24,2023-05-24
ORD-10769,South,Box Truck,Clear,1464,2022-10-14,No,2022-10-19,2022-10-19
ORD-10770,East,Box Truck,Clear,733,2023-05-10,No,2023-05-13,2023-05-13
ORD-10771,West,Semi-Trailer,Fog,562,2023-01-16,No,2023-01-18,2023-01-20
ORD-10772,South,Semi-Trailer,Clear,871,2022-04-16,No,2022-04-19,2022-04-19
ORD-10773,South,Box Truck,Clear,893,2023-10-31,No,2023-11-03,2023-11-03
ORD-10774,West,Box Truck,Clear,467,2023-11-13,No,2023-11-15,2023-11-15
ORD-10775,South,Box Truck,Clear,829,2023-02-13,No,2023-02-16,2023-02-16
ORD-10776,West,Van,Snow,1078,2023-09-11,No,2023-09-15,2023-09-16
ORD-10777,East,Box Truck,Rain,47,2022-08-31,Yes,2022-09-01,2022-09-01
ORD-10778,West,Semi-Trailer,Clear,685,2023-09-21,No,2023-09-24,2023-09-24
ORD-10779,South,Van,Snow,350,2022-11-08,No,2022-11-10,2022-11-13
ORD-10780,East,Van,Snow,311,2022-06-26,No,2022-06-28,2022-07-02
ORD-10781,East,Van,Rain,644,2022-04-18,No,2022-04-21,2022-04-21
ORD-10782,North,Van,Snow,1226,2023-02-23,No,2023-02-28,2023-03-04
ORD-10783,North,Van,Rain,907,2022-05-24,No,2022-05-28,2022-05-28
ORD-10784,South,Van,Clear,625,2022-10-24,,2022-10-27,2022-10-28
ORD-10785,West,Van,Clear,141,2023-08-17,No,2023-08-18,2023-08-18
ORD-10786,West,Box Truck,Clear,1203,2023-09-23,No,2023-09-28,2023-09-28
ORD-10787,South,Van,Clear,954,2023-08-08,No,2023-08-12,2023-08-13
ORD-10788,East,Box Truck,Snow,894,2023-10-28,No,2023-10-31,2023-11-03
ORD-10789,South,Semi-Trailer,Clear,1298,2023-07-21,No,2023-07-26,2023-07-26
ORD-10790,South,Semi-Trailer,Fog,1232,2022-12-28,No,2023-01-02,2023-01-06
ORD-10791,East,Box Truck,Clear,1316,2023-08-21,No,2023-08-26,2023-08-26
ORD-10792,West,Van,Rain,1438,2023-05-06,No,2023-05-11,2023-05-11
ORD-10793,South,Semi-Trailer,Rain,1237,2022-06-17,No,2022-06-22,2022-06-22
ORD-10794,West,Box Truck,Rain,480,2023-02-21,No,2023-02-23,2023-02-23
ORD-10795,South,Van,Rain,358,2023-05-12,No,2023-05-14,2023-05-14
ORD-10796,East,Van,Clear,52,2022-01-13,No,2022-01-14,2022-01-15
ORD-10797,East,Van,Clear,785,2022-10-31,No,2022-11-03,2022-11-03
ORD-10798,North,Van,Fog,491,2022-09-27,No,2022-09-29,2022-10-03
ORD-10799,East,Van,Clear,1410,2022-08-15,No,2022-08-20,2022-08-20
ORD-10800,North,Semi-Trailer,Clear,87,2022-07-03,No,2022-07-04,2022-07-04
ORD-10801,South,Box Truck,Clear,1069,2022-08-26,No,2022-08-30,2022-08-30
ORD-10802,West,Box Truck,Clear,1416,2022-01-29,No,2022-02-03,2022-02-03
ORD-10803,East,Semi-Trailer,Rain,825,2022-04-29,No,2022-05-02,2022-05-02
ORD-10804,East,Box Truck,Rain,1207,2023-09-02,No,2023-09-07,2023-09-08
ORD-10805,East,Semi-Trailer,Fog,937,2022-07-10,,2022-07-14,2022-07-18
ORD-10806,South,Semi-Trailer,Clear,656,2023-01-14,No,2023-01-17,2023-01-17
ORD-10807,North,Van,Clear,1363,2022-03-28,No,2022-04-02,2022-04-02
ORD-10808,South,Semi-Trailer,Snow,661,2022-12-24,No,2022-12-27,2022-12-28
ORD-10809,West,Box Truck,Fog,1088,2022-05-02,No,2022-05-06,2022-05-10
ORD-10810,South,Van,Fog,773,2023-06-22,No,2023-06-25,2023-06-27
ORD-10811,West,Box Truck,Rain,288,2022-06-21,No,2022-06-22,2022-06-22
ORD-10812,East,Box Truck,Clear,468,2022-01-31,No,2022-02-02,2022-02-02
ORD-10813,West,Semi-Trailer,Clear,701,2023-07-08,No,2023-07-11,2023-07-11
ORD-10814,West,Van,Snow,534,2023-02-22,No,2023-02-24,2023-02-26
ORD-10815,North,Box Truck,Snow,1488,2022-08-31,No,2022-09-05,2022-09-06
ORD-10816,West,Van,Rain,501,2022-02-03,No,2022-02-05,2022-02-05
ORD-10817,West,Van,Clear,83,2022-03-30,No,2022-03-31,2022-03-31
ORD-10818,South,Van,Rain,1488,2023-08-25,No,2023-08-30,2023-08-30
ORD-10819,East,Box Truck,Clear,828,2023-07-01,,2023-07-04,2023-07-04
ORD-10820,South,Semi-Trailer,Clear,164,2022-11-16,No,2022-11-17,2022-11-20
ORD-10821,South,Van,Clear,528,2023-10-21,,2023-10-23,2023-10-23
ORD-10822,East,Box Truck,Fog,384,2023-12-16,No,2023-12-18,2023-12-22
ORD-10823,East,Van,Clear,1339,2023-01-22,No,2023-01-27,2023-01-27
ORD-10824,West,Van,Clear,352,2022-08-06,No,2022-08-08,2022-08-08
ORD-10825,West,Box Truck,Clear,674,2022-04-28,No,2022-05-01,2022-05-02
ORD-10826,North,Van,Rain,53,2022-03-29,No,2022-03-30,2022-03-30
ORD-10827,South,Box Truck,Clear,557,2022-04-09,No,2022-04-11,2022-04-11
ORD-10828,East,Van,Fog,1474,2023-04-06,No,2023-04-11,2023-04-12
ORD-10829,West,Van,Clear,1130,2022-06-08,No,2022-06-12,2022-06-13
ORD-10830,East,Box Truck,Clear,174,2022-09-02,No,2022-09-03,2022-09-03
ORD-10831,West,Box Truck,Rain,755,2023-08-06,No,2023-08-09,2023-08-09
ORD-10832,North,Van,Clear,1136,2023-09-13,No,2023-09-17,2023-09-17
ORD-10833,North,Box Truck,Clear,445,2023-04-14,No,2023-04-16,2023-04-16
ORD-10834,East,Semi-Trailer,Clear,1414,2023-09-27,No,2023-10-02,2023-10-02
ORD-10835,North,Box Truck,Rain,456,2023-06-12,No,2023-06-14,2023-06-14
ORD-10836,East,Van,Clear,1040,2022-04-03,No,2022-04-07,2022-04-07
ORD-10837,West,Box Truck,Clear,1127,2022-11-05,No,2022-11-09,2022-11-09
ORD-10838,South,Box Truck,Snow,453,2023-08-13,No,2023-08-15,2023-08-17
ORD-10839,North,Van,Clear,488,2022-09-15,No,2022-09-17,2022-09-17
ORD-10840,West,Semi-Trailer,Clear,46,2022-09-13,No,2022-09-14,2022-09-14
ORD-10841,South,Semi-Trailer,Clear,107,2023-08-17,No,2023-08-18,2023-08-18
ORD-10842,South,Semi-Trailer,Rain,823,2023-12-18,No,2023-12-21,2023-12-21
ORD-10843,South,Semi-Trailer,Clear,1054,2023-03-19,No,2023-03-23,2023-03-23
ORD-10844,West,Box Truck,Snow,1265,2022-03-21,No,2022-03-26,2022-03-30
ORD-10845,West,Box Truck,Rain,477,2023-10-06,No,2023-10-08,2023-10-08
ORD-10846,East,Box Truck,Clear,363,2023-06-25,No,2023-06-27,2023-06-28
ORD-10847,South,Semi-Trailer,Fog,81,2022-02-11,No,2022-02-12,2022-02-14
ORD-10848,South,Box Truck,Clear,1385,2022-10-03,No,2022-10-08,2022-10-08
ORD-10849,South,Van,Clear,1085,2023-09-07,No,2023-09-11,2023-09-13
ORD-10850,East,Van,Rain,1255,2022-03-02,No,2022-03-07,2022-03-07
ORD-10851,South,Semi-Trailer,Clear,1033,2022-07-29,No,2022-08-02,2022-08-02
ORD-10852,West,Van,Clear,1358,2023-07-21,No,2023-07-26,2023-07-26
ORD-10853,South,Box Truck,Clear,999,2022-06-27,No,2022-07-01,2022-07-02
ORD-10854,North,Semi-Trailer,Clear,469,2023-01-09,No,2023-01-11,2023-01-11
ORD-10855,West,Box Truck,Clear,1200,2022-04-27,No,2022-05-02,2022-05-02
ORD-10856,East,Semi-Trailer,Rain,1316,2022-10-07,No,2022-10-12,2022-10-12
ORD-10857,South,Box Truck,Rain,510,2023-05-15,No,2023-05-17,2023-05-17
ORD-10858,North,Van,Clear,726,2023-02-08,No,2023-02-11,2023-02-13
ORD-10859,East,Semi-Trailer,Clear,376,2022-05-05,No,2022-05-07,2022-05-09
ORD-10860,East,Van,Clear,1069,2022-06-01,No,2022-06-05,2022-06-05
ORD-10861,West,Van,Clear,616,2023-05-12,No,2023-05-15,2023-05-15
ORD-10862,East,Van,Clear,537,2022-09-05,,2022-09-07,2022-09-07
ORD-10863,East,Van,Clear,1008,2023-05-26,Yes,2023-05-30,2023-06-01
ORD-10864,East,Van,Clear,758,2022-11-15,No,2022-11-18,2022-11-18
ORD-10865,East,Van,Clear,611,2023-10-05,No,2023-10-08,2023-10-08
ORD-10866,South,Box Truck,Rain,629,2022-11-30,No,2022-12-03,2022-12-03
ORD-10867,South,Semi-Trailer,Clear,264,2023-01-22,Yes,2023-01-23,2023-01-23
ORD-10868,South,Van,Fog,939,2022-01-30,No,2022-02-03,2022-02-05
ORD-10869,South,Van,Snow,686,2022-07-06,No,2022-07-09,2022-07-10
ORD-10870,North,Box Truck,Fog,1233,2022-03-18,No,2022-03-23,2022-03-26
ORD-10871,South,Box Truck,Snow,845,2023-10-25,No,2023-10-28,2023-10-29
ORD-10872,East,Semi-Trailer,Rain,678,2023-03-16,Yes,2023-03-19,2023-03-19
ORD-10873,South,Van,Clear,1064,2022-11-22,No,2022-11-26,2022-11-26
ORD-10874,South,Semi-Trailer,Clear,610,2023-06-11,No,2023-06-14,2023-06-14
ORD-10875,West,Box Truck,Rain,495,2023-07-01,No,2023-07-03,2023-07-03
ORD-10876,East,Box Truck,Rain,268,2023-03-15,No,2023-03-16,2023-03-16
ORD-10877,South,Van,Clear,262,2022-01-20,No,2022-01-21,2022-01-21
ORD-10878,South,Van,Rain,503,2023-01-15,No,2023-01-17,2023-01-17
ORD-10879,South,Van,Clear,1267,2023-08-27,No,2023-09-01,2023-09-01
ORD-10880,North,Van,Clear,1140,2022-10-25,No,2022-10-29,
ORD-10881,South,Box Truck,Clear,799,2023-08-25,No,2023-08-28,2023-08-28
ORD-10882,West,Semi-Trailer,Rain,345,2023-12-23,No,2023-12-25,2023-12-25
ORD-10883,East,Box Truck,Snow,62,2022-05-25,No,2022-05-26,2022-05-28
ORD-10884,East,Box Truck,Snow,696,2023-06-02,No,2023-06-05,2023-06-08
ORD-10885,South,Box Truck,Rain,1075,2023-10-17,No,2023-10-21,2023-10-21
ORD-10886,South,Van,Clear,1293,2023-10-07,No,2023-10-12,2023-10-12
ORD-10887,South,Semi-Trailer,Fog,1402,2022-04-10,No,2022-04-15,2022-04-19
ORD-10888,East,Box Truck,Clear,219,2023-11-11,No,2023-11-12,2023-11-13
ORD-10889,East,Van,Snow,1499,2022-08-06,Yes,2022-08-11,2022-08-15
ORD-10890,North,Van,Clear,1075,2022-08-12,No,2022-08-16,2022-08-16
ORD-10891,West,Box Truck,Clear,1022,2022-03-07,No,2022-03-11,2022-03-11
ORD-10892,North,Box Truck,Rain,1386,2023-10-21,No,2023-10-26,2023-10-26
ORD-10893,West,Van,Rain,691,2023-01-07,No,2023-01-10,2023-01-10
ORD-10894,North,Semi-Trailer,Clear,903,2023-08-30,No,2023-09-03,2023-09-03
ORD-10895,East,Box Truck,Rain,1292,2022-04-30,Yes,2022-05-05,2022-05-06
ORD-10896,North,Box Truck,Clear,346,2023-08-08,No,2023-08-10,2023-08-10
ORD-10897,West,Van,Clear,725,2022-10-05,No,2022-10-08,2022-10-08
ORD-10898,South,Van,Rain,1428,2023-03-12,Yes,2023-03-17,2023-03-17
ORD-10899,West,Semi-Trailer,Clear,858,2022-07-30,No,2022-08-02,2022-08-02
ORD-10900,South,Semi-Trailer,Rain,684,2022-01-27,No,2022-01-30,2022-01-31
ORD-10901,East,Van,Clear,114,2022-03-04,No,2022-03-05,2022-03-05
ORD-10902,West,Van,Clear,712,2023-11-10,No,2023-11-13,2023-11-13
ORD-10903,North,Van,Clear,1157,2022-05-22,No,2022-05-26,2022-05-26
ORD-10904,West,Van,Clear,1132,2023-07-28,No,2023-08-01,2023-08-02
ORD-10905,South,Box Truck,Clear,15,2022-12-30,No,2022-12-31,2023-01-01
ORD-10906,East,Semi-Trailer,Rain,809,2022-10-02,Yes,2022-10-05,2022-10-05
ORD-10907,North,Van,Fog,1300,2023-09-10,No,2023-09-15,2023-09-18
ORD-10908,West,Van,Snow,1076,2022-05-13,No,2022-05-17,2022-05-21
ORD-10909,South,Semi-Trailer,Rain,662,2023-01-17,,2023-01-20,2023-01-23
ORD-10910,North,Van,Clear,1302,2023-08-09,No,2023-08-14,
ORD-10911,East,Semi-Trailer,Clear,560,2022-09-24,No,2022-09-26,2022-09-26
ORD-10912,North,Box Truck,Clear,951,2022-12-02,Yes,2022-12-06,2022-12-06
ORD-10913,East,Semi-Trailer,Clear,683,2022-12-20,No,2022-12-23,2022-12-23
ORD-10914,North,Van,Snow,1228,2023-09-28,No,2023-10-03,2023-10-07
ORD-10915,West,Van,Clear,937,2023-06-10,No,2023-06-14,2023-06-14
ORD-10916,South,Van,Clear,333,2022-12-31,No,2023-01-02,2023-01-02
ORD-10917,West,Van,Clear,625,2022-03-26,No,2022-03-29,2022-03-31
ORD-10918,West,Van,Clear,766,2023-04-16,No,2023-04-19,2023-04-19
ORD-10919,East,Semi-Trailer,Clear,1098,2022-11-03,No,2022-11-07,2022-11-07
ORD-10920,East,Semi-Trailer,Rain,210,2022-09-12,No,2022-09-13,2022-09-15
ORD-10921,East,Box Truck,Clear,251,2023-11-10,No,2023-11-11,2023-11-11
ORD-10922,West,Van,Rain,1040,2023-10-20,No,2023-10-24,2023-10-24
ORD-10923,North,Box Truck,Clear,1252,2023-12-10,No,2023-12-15,2023-12-15
ORD-10924,North,Box Truck,Rain,12,2022-07-18,,2022-07-19,2022-07-19
ORD-10925,West,Van,Rain,863,2023-01-28,,2023-01-31,2023-01-31
ORD-10926,West,Semi-Trailer,Rain,1497,2022-03-06,No,2022-03-11,2022-03-11
ORD-10927,South,Van,Clear,977,2022-05-24,No,2022-05-28,2022-05-28
ORD-10928,East,Van,Clear,974,2022-08-31,Yes,2022-09-04,2022-09-05
ORD-10929,East,Van,Fog,314,2022-07-29,No,2022-07-31,2022-08-02
ORD-10930,West,Box Truck,Clear,323,2022-07-05,No,2022-07-07,2022-07-07
ORD-10931,West,Box Truck,Clear,487,2022-10-15,No,2022-10-17,2022-10-17
ORD-10932,North,Van,Clear,805,2022-11-15,No,2022-11-18,2022-11-19
ORD-10933,West,Van,Rain,892,2023-04-21,No,2023-04-24,
ORD-10934,North,Van,Clear,1444,2023-12-13,No,2023-12-18,2023-12-18
ORD-10935,West,Van,Rain,507,2023-08-25,No,2023-08-27,2023-08-27
ORD-10936,South,Van,Clear,1390,2023-05-14,No,2023-05-19,2023-05-19
ORD-10937,South,Van,Clear,80,2023-11-12,No,2023-11-13,2023-11-13
ORD-10938,North,Van,Clear,1046,2022-05-09,No,2022-05-13,2022-05-13
ORD-10939,East,Semi-Trailer,Clear,415,2022-03-23,No,2022-03-25,2022-03-26
ORD-10940,South,Box Truck,Clear,1055,2023-10-23,No,2023-10-27,2023-10-28
ORD-10941,North,Box Truck,Clear,904,2023-07-12,No,2023-07-16,2023-07-16
ORD-10942,West,Van,Clear,1342,2022-04-20,No,2022-04-25,2022-04-25
ORD-10943,West,Van,Rain,1328,2023-07-08,Yes,2023-07-13,2023-07-13
ORD-10944,North,Van,Clear,40,2022-08-06,No,2022-08-07,2022-08-07
ORD-10945,East,Van,Clear,1095,2023-05-02,No,2023-05-06,2023-05-06
ORD-10946,North,Van,Clear,1254,2022-05-04,No,2022-05-09,2022-05-09
ORD-10947,North,Semi-Trailer,Clear,1392,2023-03-30,No,2023-04-04,2023-04-04
ORD-10948,South,Semi-Trailer,Clear,1416,2023-02-25,No,2023-03-02,2023-03-02
ORD-10949,North,Van,Clear,1370,2023-12-26,No,2023-12-31,2023-12-31
ORD-10950,North,Van,Snow,171,2022-09-02,No,2022-09-03,2022-09-05
ORD-10951,West,Semi-Trailer,Clear,573,2023-07-02,No,2023-07-04,2023-07-05
ORD-10952,South,Van,Rain,167,2022-04-21,No,2022-04-22,2022-04-22
ORD-10953,West,Box Truck,Clear,22,2023-11-16,Yes,2023-11-17,2023-11-17
ORD-10954,West,Semi-Trailer,Rain,1219,2023-06-10,No,2023-06-15,2023-06-15
ORD-10955,East,Semi-Trailer,Clear,743,2022-01-07,No,2022-01-10,2022-01-11
ORD-10956,East,Van,Clear,762,2023-04-04,No,2023-04-07,2023-04-07
ORD-10957,South,Van,Snow,318,2022-11-24,No,2022-11-26,2022-11-27
ORD-10958,South,Van,Clear,157,2022-12-14,No,2022-12-15,2022-12-15
ORD-10959,East,Semi-Trailer,Clear,1030,2023-01-25,No,2023-01-29,2023-01-29
ORD-10960,East,Semi-Trailer,Clear,1088,2022-06-29,No,2022-07-03,2022-07-05
ORD-10961,East,Box Truck,Rain,936,2023-11-16,No,2023-11-20,2023-11-20
ORD-10962,East,Box Truck,Rain,580,2022-01-06,No,2022-01-08,2022-01-08
ORD-10963,East,Box Truck,Rain,677,2022-12-14,No,2022-12-17,2022-12-17
ORD-10964,West,Box Truck,Fog,701,2023-08-07,No,2023-08-10,2023-08-12
ORD-10965,South,Semi-Trailer,Clear,519,2023-07-11,,2023-07-13,2023-07-13
ORD-10966,West,Box Truck,Clear,595,2022-09-19,No,2022-09-21,2022-09-21
ORD-10967,West,Box Truck,Rain,946,2023-03-15,No,2023-03-19,2023-03-19
ORD-10968,North,Van,Fog,54,2022-10-13,No,2022-10-14,2022-10-15
ORD-10969,West,Box Truck,Clear,95,2022-06-28,No,2022-06-29,2022-06-29
ORD-10970,East,Van,Fog,1325,2022-11-15,No,2022-11-20,2022-11-25
ORD-10971,East,Van,Clear,273,2022-09-17,No,2022-09-18,2022-09-18
ORD-10972,North,Semi-Trailer,Rain,1301,2022-07-02,Yes,2022-07-07,2022-07-07
ORD-10973,North,Box Truck,Rain,1017,2022-05-28,No,2022-06-01,2022-06-04
ORD-10974,North,Semi-Trailer,Snow,1258,2023-04-26,No,2023-05-01,2023-05-04
ORD-10975,North,Van,Clear,225,2023-09-03,No,2023-09-04,2023-09-04
ORD-10976,North,Box Truck,Clear,240,2023-06-12,No,2023-06-13,2023-06-13
ORD-10977,West,Van,Clear,663,2022-02-18,No,2022-02-21,2022-02-21
ORD-10978,North,Semi-Trailer,Clear,1210,2022-07-01,No,2022-07-06,2022-07-06
ORD-10979,West,Van,Rain,711,2023-11-13,No,2023-11-16,2023-11-16
ORD-10980,South,Box Truck,Fog,716,2022-08-09,No,2022-08-12,2022-08-17
ORD-10981,North,Box Truck,Clear,522,2023-11-15,No,2023-11-17,2023-11-17
ORD-10982,North,Van,Clear,1137,2023-04-22,No,2023-04-26,2023-04-27
ORD-10983,West,Semi-Trailer,Clear,1134,2023-12-14,No,2023-12-18,2023-12-18
ORD-10984,South,Semi-Trailer,Clear,314,2023-06-07,No,2023-06-09,2023-06-09
ORD-10985,West,Van,Rain,360,2022-09-29,No,2022-10-01,2022-10-01
ORD-10986,West,Van,Snow,812,2022-04-27,No,2022-04-30,2022-05-04
ORD-10987,North,Van,Fog,460,2023-02-18,No,2023-02-20,2023-02-23
ORD-10988,East,Van,Clear,1302,2023-03-13,No,2023-03-18,2023-03-18
ORD-10989,East,Semi-Trailer,Clear,1405,2022-07-13,No,2022-07-18,2022-07-18
ORD-10990,West,Semi-Trailer,Clear,942,2023-10-11,No,2023-10-15,2023-10-15
ORD-10991,North,Van,Clear,1071,2022-10-14,No,2022-10-18,2022-10-18
ORD-10992,South,Van,Fog,911,2022-12-01,No,2022-12-05,2022-12-09
ORD-10993,East,Box Truck,Clear,771,2023-07-04,No,2023-07-07,2023-07-07
ORD-10994,South,Van,Clear,742,2022-03-03,No,2022-03-06,2022-03-09
ORD-10995,East,Van,Rain,72,2022-12-20,No,2022-12-21,2022-12-21
ORD-10996,North,Van,Rain,514,2022-05-07,No,2022-05-09,2022-05-09
ORD-10997,West,Box Truck,Clear,954,2022-05-03,No,2022-05-07,2022-05-07
ORD-10998,South,Box Truck,Snow,274,2022-12-16,No,2022-12-17,2022-12-22
ORD-10999,South,Box Truck,Clear,544,2022-01-04,No,2022-01-06,2022-01-06
ORD-11000,West,Van,Fog,1112,2023-01-27,No,2023-01-31,2023-02-04
ORD-11001,South,Semi-Trailer,Clear,1218,2023-05-12,No,2023-05-17,2023-05-17
ORD-11002,East,Box Truck,Clear,955,2023-04-09,No,2023-04-13,2023-04-14
ORD-11003,West,Semi-Trailer,Clear,504,2023-03-27,No,2023-03-29,2023-03-29
ORD-11004,East,Van,Clear,1403,2022-10-26,No,2022-10-31,2022-10-31
ORD-11005,East,Semi-Trailer,Clear,912,2023-09-14,,2023-09-18,2023-09-21
ORD-11006,North,Semi-Trailer,Rain,773,2023-11-12,No,2023-11-15,2023-11-15
ORD-11007,East,Van,Clear,864,2023-12-08,No,2023-12-11,2023-12-11
ORD-11008,North,Van,Rain,340,2022-08-10,No,2022-08-12,
ORD-11009,South,Semi-Trailer,Clear,1473,2023-12-17,No,2023-12-22,2023-12-23
ORD-11010,South,Box Truck,Clear,1271,2022-08-02,No,2022-08-07,2022-08-07
ORD-11011,North,Semi-Trailer,Fog,913,2022-05-23,No,2022-05-27,2022-05-28
ORD-11012,East,Box Truck,Snow,301,2022-05-21,,2022-05-23,2022-05-27
ORD-11013,West,Box Truck,Clear,435,2023-06-29,No,2023-07-01,2023-07-01
ORD-11014,West,Van,Clear,304,2022-05-06,No,2022-05-08,2022-05-08
ORD-11015,North,Van,Rain,842,2023-08-17,No,2023-08-20,2023-08-21
ORD-11016,South,Semi-Trailer,Clear,509,2023-01-13,No,2023-01-15,2023-01-15
ORD-11017,South,Van,Clear,854,2022-06-03,No,2022-06-06,2022-06-06
ORD-11018,West,Van,Clear,662,2022-03-21,No,2022-03-24,2022-03-24
ORD-11019,North,Box Truck,Clear,1070,2023-10-24,Yes,2023-10-28,2023-10-28
ORD-11020,West,Box Truck,Clear,643,2022-06-14,No,2022-06-17,2022-06-17
ORD-11021,East,Van,Rain,1430,2022-08-07,,2022-08-12,2022-08-12
ORD-11022,East,Van,Clear,759,2022-01-14,No,2022-01-17,2022-01-17
ORD-11023,North,Van,Clear,405,2023-03-28,No,2023-03-30,2023-03-31
ORD-11024,North,Van,Rain,1055,2023-09-22,No,2023-09-26,2023-09-26
ORD-11025,East,Box Truck,Rain,1373,2022-09-24,No,2022-09-29,2022-09-29
ORD-11026,South,Van,Clear,504,2022-05-04,No,2022-05-06,2022-05-06
ORD-11027,North,Semi-Trailer,Snow,1436,2023-03-29,No,2023-04-03,2023-04-04
ORD-11028,East,Semi-Trailer,Rain,1236,2023-01-06,No,2023-01-11,2023-01-11
ORD-11029,East,Box Truck,Clear,935,2022-03-22,No,2022-03-26,2022-03-26
ORD-11030,South,Van,Clear,959,2022-09-06,No,2022-09-10,2022-09-10
ORD-11031,South,Box Truck,Rain,1379,2022-11-18,No,2022-11-23,2022-11-25
ORD-11032,South,Van,Clear,1048,2023-06-02,No,2023-06-06,2023-06-06
ORD-11033,South,Van,Clear,1063,2023-06-11,No,2023-06-15,2023-06-15
ORD-11034,West,Semi-Trailer,Rain,1062,2022-09-27,No,2022-10-01,2022-10-01
ORD-11035,South,Van,Clear,169,2023-08-31,No,2023-09-01,2023-09-01
ORD-11036,West,Semi-Trailer,Rain,679,2023-07-15,Yes,2023-07-18,2023-07-18
ORD-11037,North,Van,Clear,629,2022-06-02,No,2022-06-05,2022-06-05
ORD-11038,East,Van,Clear,636,2023-05-21,No,2023-05-24,2023-05-24
ORD-11039,West,Semi-Trailer,Clear,281,2022-01-18,No,2022-01-19,2022-01-19
ORD-11040,North,Box Truck,Clear,429,2022-09-28,No,2022-09-30,2022-09-30
ORD-11041,North,Box Truck,Rain,859,2023-12-14,No,2023-12-17,2023-12-17
ORD-11042,West,Box Truck,Rain,498,2022-12-25,,2022-12-27,2022-12-27
ORD-11043,North,Van,Clear,185,2023-08-01,No,2023-08-02,
ORD-11044,North,Box Truck,Fog,1264,2023-02-08,No,2023-02-13,2023-02-16
ORD-11045,West,Van,Clear,805,2023-01-31,No,2023-02-03,2023-02-03
ORD-11046,North,Box Truck,Clear,1351,2022-05-25,No,2022-05-30,2022-05-30
ORD-11047,South,Box Truck,Clear,771,2022-07-09,No,2022-07-12,2022-07-13
ORD-11048,South,Semi-Trailer,Clear,476,2023-05-30,No,2023-06-01,2023-06-01
ORD-11049,East,Box Truck,Rain,449,2022-05-24,No,2022-05-26,2022-05-26
ORD-11050,North,Van,Clear,1089,2022-12-17,No,2022-12-21,2022-12-21
ORD-11051,East,Box Truck,Clear,1364,2023-04-21,No,2023-04-26,2023-04-26
ORD-11052,South,Van,Clear,282,2022-07-29,No,2022-07-30,2022-07-30
ORD-11053,South,Van,Rain,711,2023-09-05,No,2023-09-08,2023-09-08
ORD-11054,South,Van,Snow,1054,2023-03-19,No,2023-03-23,2023-03-30
ORD-11055,North,Box Truck,Rain,174,2022-11-21,No,2022-11-22,2022-11-22
ORD-11056,North,Van,Clear,892,2022-04-08,No,2022-04-11,2022-04-11
ORD-11057,South,Van,Clear,1451,2023-05-18,No,2023-05-23,2023-05-23
ORD-11058,East,Semi-Trailer,Clear,1001,2022-01-09,No,2022-01-13,2022-01-16
ORD-11059,East,Box Truck,Clear,965,2023-09-10,No,2023-09-14,2023-09-14
ORD-11060,West,Van,Snow,1300,2022-03-27,No,2022-04-01,2022-04-07
ORD-11061,South,Van,Clear,1371,2022-02-28,No,2022-03-05,2022-03-05
ORD-11062,East,Box Truck,Clear,894,2022-12-23,No,2022-12-26,2022-12-26
ORD-11063,South,Semi-Trailer,Clear,197,2022-03-06,No,2022-03-07,2022-03-07
ORD-11064,East,Van,Clear,217,2023-12-14,No,2023-12-15,2023-12-15
ORD-11065,West,Semi-Trailer,Clear,83,2023-08-15,No,2023-08-16,2023-08-16
ORD-11066,West,Box Truck,Clear,683,2023-05-11,No,2023-05-14,2023-05-14
ORD-11067,South,Box Truck,Clear,682,2023-08-15,No,2023-08-18,2023-08-18
ORD-11068,East,Semi-Trailer,Fog,1427,2022-08-25,No,2022-08-30,2022-09-03
ORD-11069,North,Box Truck,Clear,499,2022-01-10,,2022-01-12,2022-01-15
ORD-11070,West,Semi-Trailer,Snow,581,2022-03-31,No,2022-04-02,2022-04-07
ORD-11071,South,Van,Rain,1059,2023-11-09,No,2023-11-13,2023-11-14
ORD-11072,South,Box Truck,Rain,883,2022-01-17,Yes,2022-01-20,2022-01-22
ORD-11073,East,Box Truck,Clear,524,2022-05-25,No,2022-05-27,2022-05-29
ORD-11074,South,Van,Clear,1290,2023-06-10,No,2023-06-15,2023-06-15
ORD-11075,West,Box Truck,Rain,289,2023-05-18,No,2023-05-19,2023-05-19
ORD-11076,South,Van,Clear,827,2023-04-09,No,2023-04-12,2023-04-12
ORD-11077,South,Van,Clear,948,2022-09-06,Yes,2022-09-10,2022-09-10
ORD-11078,North,Van,Clear,769,2023-07-05,No,2023-07-08,2023-07-09
ORD-11079,North,Box Truck,Rain,565,2023-12-04,No,2023-12-06,
ORD-11080,West,Semi-Trailer,Fog,1066,2022-03-31,No,2022-04-04,2022-04-06
ORD-11081,East,Van,Clear,1327,2023-09-23,,2023-09-28,2023-09-28
ORD-11082,North,Box Truck,Clear,1341,2023-06-18,No,2023-06-23,2023-06-23
ORD-11083,East,Van,Snow,300,2023-06-06,No,2023-06-08,2023-06-12
ORD-11084,West,Semi-Trailer,Clear,794,2023-07-16,No,2023-07-19,2023-07-21
ORD-11085,North,Box Truck,Clear,835,2023-03-12,No,2023-03-15,2023-03-15
ORD-11086,East,Box Truck,Clear,1337,2022-05-09,No,2022-05-14,2022-05-14
ORD-11087,North,Box Truck,Snow,1076,2022-07-19,,2022-07-23,2022-07-24
ORD-11088,West,Van,Clear,980,2023-04-27,No,2023-05-01,2023-05-01
ORD-11089,West,Box Truck,Clear,751,2022-08-23,No,2022-08-26,2022-08-26
ORD-11090,North,Semi-Trailer,Clear,92,2022-06-21,Yes,2022-06-22,2022-06-22
ORD-11091,East,Van,Snow,1237,2022-07-21,No,2022-07-26,2022-07-30
ORD-11092,South,Box Truck,Fog,651,2022-09-14,Yes,2022-09-17,2022-09-23
ORD-11093,South,Semi-Trailer,Clear,1171,2022-05-19,No,2022-05-23,2022-05-23
ORD-11094,North,Van,Fog,92,2023-03-21,No,2023-03-22,2023-03-24
ORD-11095,East,Semi-Trailer,Clear,657,2023-10-26,No,2023-10-29,2023-10-29
ORD-11096,South,Semi-Trailer,Clear,628,2023-08-18,No,2023-08-21,2023-08-21
ORD-11097,West,Box Truck,Fog,160,2022-11-04,No,2022-11-05,2022-11-07
ORD-11098,East,Van,Clear,953,2022-10-14,No,2022-10-18,2022-10-18
ORD-11099,South,Van,Clear,869,2023-02-18,No,2023-02-21,2023-02-21
ORD-11100,East,Van,Clear,328,2022-02-15,No,2022-02-17,2022-02-18
ORD-11101,North,Semi-Trailer,Rain,1280,2022-03-03,No,2022-03-08,2022-03-08
ORD-11102,East,Semi-Trailer,Snow,1070,2022-04-17,No,2022-04-21,2022-04-24
ORD-11103,South,Box Truck,Snow,1301,2022-01-10,No,2022-01-15,2022-01-18
ORD-11104,North,Van,Clear,124,2022-11-22,No,2022-11-23,2022-11-23
ORD-11105,East,Van,Snow,1114,2023-10-27,No,2023-10-31,2023-11-04
ORD-11106,West,Box Truck,Clear,714,2022-04-19,No,2022-04-22,2022-04-22
ORD-11107,South,Box Truck,Rain,735,2022-11-24,No,2022-11-27,2022-11-27
ORD-11108,North,Semi-Trailer,Rain,1369,2022-12-31,No,2023-01-05,2023-01-05
ORD-11109,East,Box Truck,Clear,1117,2022-04-20,No,2022-04-24,2022-04-24
ORD-11110,West,Semi-Trailer,Clear,896,2022-02-22,No,2022-02-25,2022-02-27
ORD-11111,South,Box Truck,Clear,787,2023-08-31,No,2023-09-03,2023-09-03
ORD-11112,West,Box Truck,Rain,819,2023-01-03,No,2023-01-06,2023-01-06
ORD-11113,East,Van,Clear,163,2023-07-11,No,2023-07-12,
ORD-11114,East,Semi-Trailer,Clear,262,2023-12-22,No,2023-12-23,2023-12-25
ORD-11115,North,Box Truck,Clear,511,2022-01-06,,2022-01-08,2022-01-08
ORD-11116,West,Van,Clear,457,2023-07-12,No,2023-07-14,2023-07-14
ORD-11117,North,Van,Rain,1306,2022-12-04,No,2022-12-09,2022-12-09
ORD-11118,South,Van,Clear,939,2022-03-02,No,2022-03-06,2022-03-06
ORD-11119,North,Box Truck,Clear,834,2022-09-29,No,2022-10-02,2022-10-02
ORD-11120,South,Van,Rain,863,2022-10-14,No,2022-10-17,2022-10-17
ORD-11121,East,Van,Snow,516,2022-07-30,,2022-08-01,2022-08-03
ORD-11122,East,Box Truck,Clear,141,2023-03-17,No,2023-03-18,2023-03-21
ORD-11123,West,Van,Clear,1358,2023-02-19,No,2023-02-24,2023-02-24
ORD-11124,South,Semi-Trailer,Fog,360,2023-07-31,No,2023-08-02,2023-08-04
ORD-11125,East,Van,Clear,1116,2022-11-30,No,2022-12-04,2022-12-05
ORD-11126,West,Box Truck,Fog,827,2022-10-13,No,2022-10-16,2022-10-17
ORD-11127,West,Van,Clear,135,2023-01-29,No,2023-01-30,2023-01-31
ORD-11128,North,Van,Clear,1247,2023-07-08,No,2023-07-13,2023-07-13
ORD-11129,West,Van,Clear,844,2022-03-21,No,2022-03-24,2022-03-24
ORD-11130,East,Semi-Trailer,Clear,905,2023-11-11,No,2023-11-15,2023-11-15
ORD-11131,North,Box Truck,Snow,964,2022-10-12,No,2022-10-16,2022-10-19
ORD-11132,South,Van,Fog,471,2023-05-21,No,2023-05-23,2023-05-26
ORD-11133,South,Box Truck,Fog,634,2023-03-02,No,2023-03-05,2023-03-09
ORD-11134,East,Van,Snow,114,2023-10-23,No,2023-10-24,2023-10-25
ORD-11135,East,Semi-Trailer,Snow,1404,2022-12-11,No,2022-12-16,2022-12-17
ORD-11136,North,Semi-Trailer,Rain,72,2022-02-28,,2022-03-01,2022-03-01
ORD-11137,North,Box Truck,Snow,972,2022-08-29,No,2022-09-02,2022-09-03
ORD-11138,East,Box Truck,Clear,760,2023-01-15,No,2023-01-18,2023-01-18
ORD-11139,East,Semi-Trailer,Clear,35,2022-07-18,No,2022-07-19,2022-07-21
ORD-11140,South,Box Truck,Rain,10,2022-10-03,No,2022-10-04,2022-10-04
ORD-11141,South,Box Truck,Snow,103,2022-05-29,No,2022-05-30,2022-06-01
ORD-11142,South,Semi-Trailer,Rain,892,2022-10-14,No,2022-10-17,2022-10-17
ORD-11143,East,Box Truck,Snow,461,2023-07-08,No,2023-07-10,2023-07-14
ORD-11144,West,Box Truck,Clear,1045,2022-02-22,No,2022-02-26,2022-02-26
ORD-11145,East,Semi-Trailer,Rain,307,2022-08-17,No,2022-08-19,2022-08-19
ORD-11146,East,Box Truck,Fog,1453,2023-09-16,No,2023-09-21,2023-09-24
ORD-11147,South,Box Truck,Clear,1200,2023-11-02,No,2023-11-07,2023-11-07
ORD-11148,East,Van,Fog,263,2023-02-26,Yes,2023-02-27,2023-03-01
ORD-11149,North,Van,Clear,1327,2023-02-21,No,2023-02-26,2023-02-28
ORD-11150,East,Van,Rain,1177,2023-05-02,No,2023-05-06,2023-05-06
ORD-11151,East,Box Truck,Snow,218,2022-04-16,No,2022-04-17,2022-04-19
ORD-11152,East,Van,Clear,1259,2022-09-09,No,2022-09-14,2022-09-14
ORD-11153,East,Semi-Trailer,Clear,1491,2023-08-08,No,2023-08-13,2023-08-13
ORD-11154,West,Box Truck,Clear,916,2022-05-05,No,2022-05-09,2022-05-09
ORD-11155,East,Box Truck,Clear,293,2023-10-09,No,2023-10-10,2023-10-10
ORD-11156,North,Van,Clear,1144,2023-12-17,No,2023-12-21,2023-12-21
ORD-11157,North,Semi-Trailer,Clear,359,2022-01-11,No,2022-01-13,2022-01-13
ORD-11158,East,Box Truck,Fog,1366,2023-11-17,No,2023-11-22,2023-11-24
ORD-11159,South,Box Truck,Clear,1113,2022-09-28,No,2022-10-02,2022-10-02
ORD-11160,West,Van,Clear,1419,2022-03-08,No,2022-03-13,2022-03-13
ORD-11161,East,Box Truck,Fog,1437,2022-01-18,No,2022-01-23,2022-01-25
ORD-11162,East,Box Truck,Fog,1361,2023-12-23,No,2023-12-28,2024-01-01
ORD-11163,East,Box Truck,Rain,1327,2023-07-26,No,2023-07-31,2023-07-31
ORD-11164,South,Semi-Trailer,Clear,193,2022-07-05,No,2022-07-06,2022-07-06
ORD-11165,South,Semi-Trailer,Clear,221,2023-12-20,No,2023-12-21,2023-12-23
ORD-11166,South,Semi-Trailer,Clear,1284,2023-03-26,,2023-03-31,2023-03-31
ORD-11167,West,Box Truck,Clear,176,2023-04-13,No,2023-04-14,2023-04-14
ORD-11168,North,Semi-Trailer,Rain,1195,2022-04-03,No,2022-04-07,2022-04-07
ORD-11169,West,Semi-Trailer,Clear,1306,2023-07-05,No,2023-07-10,2023-07-10
ORD-11170,South,Van,Rain,884,2023-12-15,No,2023-12-18,2023-12-20
ORD-11171,North,Van,Clear,1452,2022-06-14,No,2022-06-19,2022-06-20
ORD-11172,North,Van,Clear,416,2022-01-03,No,2022-01-05,2022-01-05
ORD-11173,South,Van,Clear,1425,2023-02-13,No,2023-02-18,2023-02-18
ORD-11174,South,Van,Snow,447,2023-05-20,No,2023-05-22,2023-05-25
ORD-11175,West,Van,Clear,1120,2022-10-18,No,2022-10-22,2022-10-22
ORD-11176,South,Box Truck,Clear,414,2022-02-08,No,2022-02-10,2022-02-11
ORD-11177,North,Van,Clear,284,2023-10-25,Yes,2023-10-26,2023-10-26
ORD-11178,East,Van,Clear,1448,2023-08-01,No,2023-08-06,2023-08-06
ORD-11179,South,Box Truck,Rain,571,2022-04-19,,2022-04-21,2022-04-21
ORD-11180,South,Semi-Trailer,Clear,1360,2022-08-11,No,2022-08-16,2022-08-16
ORD-11181,West,Semi-Trailer,Clear,121,2022-01-22,No,2022-01-23,2022-01-23
ORD-11182,West,Box Truck,Snow,801,2022-01-26,No,2022-01-29,2022-01-31
ORD-11183,South,Van,Clear,311,2022-11-08,No,2022-11-10,2022-11-10
ORD-11184,North,Van,Clear,145,2023-11-12,No,2023-11-13,2023-11-13
ORD-11185,North,Van,Clear,342,2022-10-21,No,2022-10-23,2022-10-23
ORD-11186,East,Van,Clear,1036,2022-07-31,No,2022-08-04,2022-08-04
ORD-11187,South,Van,Clear,1195,2022-02-04,No,2022-02-08,2022-02-08
ORD-11188,West,Semi-Trailer,Rain,86,2023-10-29,No,2023-10-30,2023-10-30
ORD-11189,North,Van,Rain,194,2022-05-24,No,2022-05-25,2022-05-25
ORD-11190,East,Van,Clear,579,2023-10-07,No,2023-10-09,
ORD-11191,South,Van,Rain,1196,2023-12-01,No,2023-12-05,2023-12-05
ORD-11192,North,Box Truck,Clear,1054,2022-10-30,No,2022-11-03,2022-11-03
ORD-11193,South,Van,Clear,962,2023-10-05,No,2023-10-09,2023-10-09
ORD-11194,South,Van,Snow,1331,2023-11-16,No,2023-11-21,2023-11-27
ORD-11195,North,Van,Clear,308,2023-07-15,No,2023-07-17,2023-07-17
ORD-11196,North,Van,Clear,1315,2022-11-28,No,2022-12-03,2022-12-03
ORD-11197,North,Van,Snow,481,2023-07-04,No,2023-07-06,2023-07-10
ORD-11198,South,Box Truck,Clear,419,2023-12-26,No,2023-12-28,2023-12-28
ORD-11199,South,Van,Clear,1425,2022-04-12,No,2022-04-17,2022-04-20
ORD-11200,East,Box Truck,Rain,696,2023-03-03,No,2023-03-06,2023-03-06
ORD-11201,West,Box Truck,Rain,174,2022-10-02,No,2022-10-03,2022-10-03
ORD-11202,South,Box Truck,Snow,1115,2022-11-25,No,2022-11-29,2022-12-01
ORD-11203,West,Van,Clear,667,2023-09-05,Yes,2023-09-08,2023-09-09
ORD-11204,North,Van,Clear,173,2022-03-19,No,2022-03-20,2022-03-20
ORD-11205,South,Van,Clear,113,2022-04-29,No,2022-04-30,2022-05-01
ORD-11206,East,Box Truck,Clear,1163,2023-02-28,No,2023-03-04,2023-03-05
ORD-11207,East,Box Truck,Clear,605,2022-03-26,No,2022-03-29,2022-03-29
ORD-11208,West,Van,Rain,129,2023-04-24,Yes,2023-04-25,2023-04-25
ORD-11209,North,Box Truck,Clear,268,2023-06-23,No,2023-06-24,2023-06-24
ORD-11210,West,Semi-Trailer,Clear,1137,2022-08-24,No,2022-08-28,2022-08-28
ORD-11211,North,Box Truck,Clear,373,2022-04-24,,2022-04-26,2022-04-26
ORD-11212,East,Van,Fog,378,2022-06-19,No,2022-06-21,2022-06-23
ORD-11213,West,Box Truck,Snow,967,2023-10-08,No,2023-10-12,2023-10-13
ORD-11214,East,Van,Fog,1359,2022-10-26,,2022-10-31,2022-11-03
ORD-11215,East,Box Truck,Clear,1218,2023-11-09,No,2023-11-14,2023-11-14
ORD-11216,North,Van,Clear,403,2023-10-14,No,2023-10-16,2023-10-18
ORD-11217,West,Van,Clear,1377,2023-05-24,No,2023-05-29,2023-05-29
ORD-11218,West,Semi-Trailer,Rain,539,2023-03-21,No,2023-03-23,2023-03-23
ORD-11219,East,Box Truck,Clear,1450,2023-03-22,No,2023-03-27,2023-03-27
ORD-11220,East,Van,Clear,1264,2022-01-04,Yes,2022-01-09,
ORD-11221,North,Van,Clear,144,2023-01-04,,2023-01-05,2023-01-05
ORD-11222,South,Box Truck,Clear,54,2022-01-06,No,2022-01-07,2022-01-07
ORD-11223,South,Semi-Trailer,Clear,633,2022-08-29,No,2022-09-01,2022-09-01
ORD-11224,East,Box Truck,Clear,934,2022-06-29,No,2022-07-03,2022-07-03
ORD-11225,South,Semi-Trailer,Clear,604,2023-06-17,No,2023-06-20,2023-06-22
ORD-11226,South,Van,Clear,1455,2022-12-10,No,2022-12-15,2022-12-15
ORD-11227,South,Box Truck,Clear,775,2022-01-18,No,2022-01-21,2022-01-24
ORD-11228,South,Box Truck,Rain,1178,2022-10-15,No,2022-10-19,2022-10-19
ORD-11229,East,Box Truck,Clear,1350,2022-12-22,No,2022-12-27,2022-12-27
ORD-11230,South,Van,Rain,302,2023-12-05,No,2023-12-07,2023-12-07
ORD-11231,South,Box Truck,Clear,545,2023-12-19,No,2023-12-21,2023-12-21
ORD-11232,North,Box Truck,Clear,643,2023-05-03,No,2023-05-06,2023-05-06
ORD-11233,East,Box Truck,Clear,475,2022-07-07,No,2022-07-09,2022-07-09
ORD-11234,West,Box Truck,Fog,58,2023-07-04,No,2023-07-05,2023-07-09
ORD-11235,West,Box Truck,Clear,670,2023-08-26,Yes,2023-08-29,2023-08-29
ORD-11236,North,Box Truck,Clear,468,2023-11-05,,2023-11-07,2023-11-07
ORD-11237,North,Van,Clear,706,2022-10-02,No,2022-10-05,2022-10-05
ORD-11238,East,Van,Clear,771,2023-01-03,,2023-01-06,2023-01-06
ORD-11239,West,Box Truck,Clear,434,2023-01-30,No,2023-02-01,2023-02-01
ORD-11240,South,Semi-Trailer,Clear,764,2022-03-31,No,2022-04-03,2022-04-03
ORD-11241,North,Van,Clear,886,2023-01-16,No,2023-01-19,
ORD-11242,West,Box Truck,Clear,670,2023-12-22,Yes,2023-12-25,2023-12-25
ORD-11243,East,Van,Rain,77,2023-09-28,No,2023-09-29,2023-10-01
ORD-11244,South,Van,Clear,518,2022-10-09,No,2022-10-11,2022-10-14
ORD-11245,East,Box Truck,Clear,745,2022-10-18,No,2022-10-21,2022-10-21
ORD-11246,North,Box Truck,Snow,219,2022-01-09,,2022-01-10,2022-01-14
ORD-11247,West,Van,Rain,713,2022-08-08,No,2022-08-11,2022-08-11
ORD-11248,West,Box Truck,Clear,1333,2022-06-22,No,2022-06-27,2022-06-28
ORD-11249,West,Semi-Trailer,Clear,133,2022-09-16,No,2022-09-17,2022-09-17
ORD-11250,West,Semi-Trailer,Rain,805,2022-01-29,No,2022-02-01,2022-02-01
ORD-11251,South,Van,Clear,301,2022-10-11,No,2022-10-13,2022-10-13
ORD-11252,South,Box Truck,Fog,430,2023-02-08,No,2023-02-10,2023-02-11
ORD-11253,East,Van,Clear,821,2023-08-14,No,2023-08-17,2023-08-17
ORD-11254,South,Van,Clear,59,2022-12-22,No,2022-12-23,2022-12-25
ORD-11255,North,Box Truck,Fog,192,2023-03-03,No,2023-03-04,2023-03-07
ORD-11256,North,Box Truck,Fog,256,2023-10-06,No,2023-10-07,2023-10-11
ORD-11257,West,Van,Clear,1121,2022-04-15,No,2022-04-19,2022-04-19
ORD-11258,North,Semi-Trailer,Rain,659,2022-01-22,No,2022-01-25,2022-01-25
ORD-11259,East,Semi-Trailer,Clear,559,2023-03-15,No,2023-03-17,2023-03-17
ORD-11260,South,Box Truck,Rain,570,2022-02-19,No,2022-02-21,2022-02-21
ORD-11261,South,Box Truck,Snow,81,2023-05-29,No,2023-05-30,2023-06-02
ORD-11262,South,Van,Clear,779,2023-02-15,No,2023-02-18,2023-02-18
ORD-11263,North,Box Truck,Clear,565,2022-10-29,No,2022-10-31,2022-10-31
ORD-11264,South,Van,Clear,1324,2023-08-22,No,2023-08-27,2023-08-29
ORD-11265,West,Semi-Trailer,Clear,513,2023-01-04,,2023-01-06,2023-01-06
ORD-11266,West,Van,Clear,637,2022-11-11,No,2022-11-14,2022-11-14
ORD-11267,West,Van,Snow,670,2022-07-07,No,2022-07-10,2022-07-15
ORD-11268,North,Box Truck,Clear,1346,2023-03-17,No,2023-03-22,
ORD-11269,South,Van,Clear,1321,2023-08-09,No,2023-08-14,2023-08-14
ORD-11270,North,Van,Rain,517,2022-09-27,No,2022-09-29,2022-09-29
ORD-11271,South,Van,Clear,1104,2022-11-08,No,2022-11-12,2022-11-12
ORD-11272,East,Semi-Trailer,Clear,170,2023-07-07,No,2023-07-08,2023-07-08
ORD-11273,East,Box Truck,Clear,136,2023-06-21,No,2023-06-22,2023-06-22
ORD-11274,North,Van,Clear,1489,2023-02-12,No,2023-02-17,2023-02-17
ORD-11275,West,Van,Clear,1337,2022-11-05,No,2022-11-10,2022-11-10
ORD-11276,North,Van,Rain,499,2023-01-29,No,2023-01-31,2023-01-31
ORD-11277,West,Box Truck,Clear,248,2022-08-14,No,2022-08-15,2022-08-18
ORD-11278,South,Box Truck,Rain,185,2023-12-16,No,2023-12-17,2023-12-17
ORD-11279,West,Van,Rain,219,2023-04-01,Yes,2023-04-02,2023-04-02
ORD-11280,West,Van,Rain,368,2023-10-08,No,2023-10-10,2023-10-10
ORD-11281,South,Van,Clear,1222,2022-08-31,No,2022-09-05,2022-09-06
ORD-11282,East,Van,Clear,643,2023-10-13,No,2023-10-16,2023-10-16
ORD-11283,South,Van,Snow,1066,2023-04-05,No,2023-04-09,2023-04-10
ORD-11284,North,Box Truck,Clear,510,2022-06-03,No,2022-06-05,2022-06-05
ORD-11285,North,Van,Clear,321,2023-07-26,No,2023-07-28,2023-07-28
ORD-11286,North,Box Truck,Rain,1184,2023-01-07,No,2023-01-11,2023-01-11
ORD-11287,North,Box Truck,Snow,120,2023-01-13,No,2023-01-14,2023-01-18
ORD-11288,North,Van,Clear,1165,2023-06-12,No,2023-06-16,2023-06-16
ORD-11289,East,Box Truck,Rain,529,2022-09-28,No,2022-09-30,2022-09-30
ORD-11290,East,Box Truck,Clear,1338,2023-01-31,No,2023-02-05,2023-02-08
ORD-11291,West,Van,Clear,1062,2023-05-04,No,2023-05-08,2023-05-08
ORD-11292,North,Semi-Trailer,Rain,859,2022-03-14,No,2022-03-17,2022-03-17
ORD-11293,South,Van,Snow,942,2023-07-23,No,2023-07-27,2023-07-28
ORD-11294,North,Semi-Trailer,Fog,1384,2023-10-12,No,2023-10-17,2023-10-21
ORD-11295,East,Box Truck,Clear,417,2023-07-30,No,2023-08-01,2023-08-01
ORD-11296,North,Box Truck,Rain,633,2022-12-10,No,2022-12-13,2022-12-13
ORD-11297,East,Semi-Trailer,Clear,1138,2023-09-26,No,2023-09-30,2023-09-30
ORD-11298,West,Semi-Trailer,Clear,728,2022-09-22,No,2022-09-25,2022-09-25
ORD-11299,West,Box Truck,Rain,561,2023-01-09,No,2023-01-11,2023-01-11
ORD-11300,West,Box Truck,Clear,789,2022-11-23,Yes,2022-11-26,2022-11-26
ORD-11301,East,Van,Clear,329,2022-02-05,No,2022-02-07,2022-02-10
ORD-11302,North,Box Truck,Clear,1079,2023-12-21,No,2023-12-25,2023-12-25
ORD-11303,North,Van,Clear,1274,2022-07-31,No,2022-08-05,2022-08-05
ORD-11304,South,Van,Clear,1303,2022-06-04,No,2022-06-09,2022-06-09
ORD-11305,East,Semi-Trailer,Clear,676,2023-01-23,No,2023-01-26,2023-01-27
ORD-11306,South,Van,Clear,637,2023-08-16,No,2023-08-19,2023-08-19
ORD-11307,West,Van,Clear,1070,2022-11-09,Yes,2022-11-13,2022-11-13
ORD-11308,North,Box Truck,Rain,1238,2023-12-08,No,2023-12-13,2023-12-13
ORD-11309,East,Van,Snow,1143,2023-12-17,No,2023-12-21,2023-12-26
ORD-11310,South,Van,Clear,1351,2023-06-21,No,2023-06-26,2023-06-26
ORD-11311,South,Box Truck,Clear,85,2022-07-17,No,2022-07-18,2022-07-21
ORD-11312,South,Box Truck,Rain,619,2023-01-03,No,2023-01-06,2023-01-06
ORD-11313,North,Box Truck,Clear,488,2022-04-08,Yes,2022-04-10,2022-04-10
ORD-11314,North,Box Truck,Clear,1422,2023-08-19,Yes,2023-08-24,2023-08-24
ORD-11315,North,Box Truck,Rain,597,2023-12-30,No,2024-01-01,2024-01-01
ORD-11316,East,Box Truck,Clear,602,2023-09-09,,2023-09-12,2023-09-12
ORD-11317,North,Van,Clear,373,2023-06-30,No,2023-07-02,2023-07-04
ORD-11318,East,Box Truck,Clear,318,2022-07-22,No,2022-07-24,2022-07-24
ORD-11319,South,Semi-Trailer,Clear,1096,2023-08-06,No,2023-08-10,
ORD-11320,South,Van,Clear,276,2023-03-17,No,2023-03-18,2023-03-18
ORD-11321,West,Van,Rain,42,2023-10-19,No,2023-10-20,2023-10-20
ORD-11322,North,Van,Rain,49,2023-07-22,No,2023-07-23,2023-07-24
ORD-11323,South,Box Truck,Clear,695,2022-05-18,No,2022-05-21,2022-05-22
ORD-11324,North,Van,Fog,269,2022-10-18,No,2022-10-19,2022-10-23
ORD-11325,East,Box Truck,Rain,745,2023-09-30,No,2023-10-03,2023-10-06
ORD-11326,South,Semi-Trailer,Clear,276,2022-12-11,No,2022-12-12,2022-12-12
ORD-11327,North,Box Truck,Clear,676,2023-10-23,No,2023-10-26,2023-10-26
ORD-11328,South,Van,Clear,1258,2023-05-21,No,2023-05-26,2023-05-26
ORD-11329,South,Box Truck,Snow,1416,2023-11-06,No,2023-11-11,2023-11-12
ORD-11330,North,Van,Clear,648,2023-04-08,No,2023-04-11,2023-04-11
ORD-11331,South,Box Truck,Rain,1038,2022-09-15,No,2022-09-19,2022-09-19
ORD-11332,South,Box Truck,Clear,1030,2023-03-08,No,2023-03-12,2023-03-12
ORD-11333,South,Van,Clear,455,2022-04-09,No,2022-04-11,2022-04-11
ORD-11334,South,Semi-Trailer,Clear,297,2023-04-21,No,2023-04-22,2023-04-22
ORD-11335,East,Van,Rain,1091,2022-04-10,No,2022-04-14,2022-04-14
ORD-11336,South,Semi-Trailer,Clear,1105,2022-02-10,No,2022-02-14,2022-02-16
ORD-11337,West,Van,Clear,803,2023-08-02,No,2023-08-05,2023-08-05
ORD-11338,South,Van,Clear,1115,2022-06-09,No,2022-06-13,2022-06-13
ORD-11339,North,Van,Snow,784,2023-12-23,No,2023-12-26,2023-12-28
ORD-11340,West,Van,Rain,286,2023-01-18,No,2023-01-19,2023-01-22
ORD-11341,East,Box Truck,Clear,972,2023-02-20,Yes,2023-02-24,2023-02-24
ORD-11342,West,Box Truck,Fog,745,2023-08-25,No,2023-08-28,2023-08-31
ORD-11343,West,Box Truck,Clear,1169,2023-01-14,No,2023-01-18,2023-01-18
ORD-11344,West,Van,Clear,745,2023-12-06,No,2023-12-09,2023-12-09
ORD-11345,North,Van,Clear,123,2022-02-21,No,2022-02-22,2022-02-22
ORD-11346,North,Box Truck,Clear,781,2022-11-01,No,2022-11-04,2022-11-04
ORD-11347,North,Van,Clear,166,2023-11-05,No,2023-11-06,2023-11-06
ORD-11348,East,Box Truck,Rain,1429,2023-06-21,No,2023-06-26,2023-06-26
ORD-11349,North,Box Truck,Rain,1022,2022-08-26,No,2022-08-30,2022-08-30
ORD-11350,North,Van,Rain,1262,2023-03-26,No,2023-03-31,2023-03-31
ORD-11351,West,Box Truck,Rain,264,2022-09-09,No,2022-09-10,2022-09-12
ORD-11352,North,Box Truck,Rain,1212,2022-04-10,No,2022-04-15,2022-04-18
ORD-11353,South,Box Truck,Clear,1262,2023-02-08,No,2023-02-13,2023-02-13
ORD-11354,North,Van,Rain,1400,2023-04-18,No,2023-04-23,2023-04-23
ORD-11355,East,Van,Clear,1064,2023-11-10,No,2023-11-14,2023-11-14
ORD-11356,East,Van,Fog,117,2023-12-21,No,2023-12-22,2023-12-23
ORD-11357,South,Van,Clear,291,2023-09-28,No,2023-09-29,2023-10-01
ORD-11358,East,Van,Clear,630,2023-09-15,No,2023-09-18,2023-09-20
ORD-11359,East,Semi-Trailer,Rain,399,2022-05-30,No,2022-06-01,2022-06-01
ORD-11360,West,Box Truck,Rain,538,2023-02-18,No,2023-02-20,2023-02-20
ORD-11361,South,Box Truck,Clear,1437,2023-11-18,No,2023-11-23,2023-11-23
ORD-11362,West,Van,Clear,1203,2022-09-14,No,2022-09-19,2022-09-19
ORD-11363,West,Semi-Trailer,Clear,887,2022-07-30,No,2022-08-02,2022-08-02
ORD-11364,North,Van,Fog,1208,2022-02-12,No,2022-02-17,2022-02-21
ORD-11365,South,Box Truck,Clear,1107,2023-01-15,No,2023-01-19,2023-01-20
ORD-11366,North,Semi-Trailer,Clear,463,2023-01-24,No,2023-01-26,2023-01-27
ORD-11367,North,Box Truck,Clear,518,2023-11-03,No,2023-11-05,2023-11-05
ORD-11368,West,Semi-Trailer,Clear,1273,2023-07-14,,2023-07-19,2023-07-19
ORD-11369,East,Box Truck,Clear,105,2023-02-25,No,2023-02-26,2023-02-26
ORD-11370,South,Van,Rain,211,2022-10-28,No,2022-10-29,2022-10-29
ORD-11371,East,Van,Snow,1070,2022-02-16,No,2022-02-20,2022-02-24
ORD-11372,West,Van,Clear,100,2023-11-09,No,2023-11-10,2023-11-10
ORD-11373,West,Van,Rain,242,2022-04-03,No,2022-04-04,2022-04-04
ORD-11374,West,Box Truck,Clear,668,2023-05-14,No,2023-05-17,2023-05-17
ORD-11375,West,Van,Clear,1020,2023-02-25,No,2023-03-01,2023-03-04
ORD-11376,West,Semi-Trailer,Clear,818,2022-12-31,No,2023-01-03,2023-01-03
ORD-11377,West,Van,Clear,921,2023-01-31,No,2023-02-04,2023-02-04
ORD-11378,East,Van,Rain,262,2022-02-08,,2022-02-09,2022-02-09
ORD-11379,North,Semi-Trailer,Clear,1404,2023-07-10,No,2023-07-15,2023-07-15
ORD-11380,East,Van,Snow,733,2022-01-05,No,2022-01-08,2022-01-09
ORD-11381,South,Box Truck,Rain,1477,2023-04-27,No,2023-05-02,2023-05-02
ORD-11382,East,Box Truck,Rain,450,2023-10-04,No,2023-10-06,2023-10-06
ORD-11383,West,Van,Fog,1005,2022-02-12,No,2022-02-16,2022-02-20
ORD-11384,East,Box Truck,Fog,73,2023-06-07,No,2023-06-08,2023-06-09
ORD-11385,North,Van,Clear,14,2023-07-26,No,2023-07-27,2023-07-29
ORD-11386,South,Box Truck,Clear,81,2023-09-08,No,2023-09-09,2023-09-09
ORD-11387,East,Box Truck,Clear,1430,2022-06-22,No,2022-06-27,2022-06-27
ORD-11388,North,Van,Rain,626,2023-09-24,No,2023-09-27,2023-09-27
ORD-11389,East,Box Truck,Clear,339,2023-02-07,No,2023-02-09,2023-02-10
ORD-11390,South,Van,Fog,1180,2023-06-10,No,2023-06-14,2023-06-16
ORD-11391,East,Box Truck,Clear,1448,2022-05-12,No,2022-05-17,2022-05-17
ORD-11392,West,Semi-Trailer,Clear,358,2023-11-28,No,2023-11-30,2023-11-30
ORD-11393,East,Semi-Trailer,Clear,374,2022-12-21,No,2022-12-23,2022-12-23
ORD-11394,North,Box Truck,Snow,800,2023-10-06,No,2023-10-09,2023-10-13
ORD-11395,East,Van,Clear,425,2022-08-30,No,2022-09-01,2022-09-02
ORD-11396,North,Semi-Trailer,Clear,634,2022-09-25,No,2022-09-28,2022-09-28
ORD-11397,South,Van,Clear,516,2022-01-06,No,2022-01-08,2022-01-08
ORD-11398,East,Box Truck,Clear,532,2023-05-01,No,2023-05-03,2023-05-04
ORD-11399,South,Van,Clear,715,2022-06-22,No,2022-06-25,2022-06-25
ORD-11400,South,Semi-Trailer,Clear,259,2023-03-07,No,2023-03-08,2023-03-11
ORD-11401,East,Box Truck,Clear,910,2022-05-19,No,2022-05-23,2022-05-24
ORD-11402,North,Box Truck,Clear,258,2023-01-02,No,2023-01-03,2023-01-03
ORD-11403,South,Van,Fog,1384,2022-10-25,No,2022-10-30,2022-11-01
ORD-11404,South,Box Truck,Fog,1302,2023-01-02,Yes,2023-01-07,2023-01-11
ORD-11405,East,Box Truck,Clear,863,2022-10-09,No,2022-10-12,2022-10-12
ORD-11406,East,Box Truck,Clear,457,2022-07-03,,2022-07-05,2022-07-05
ORD-11407,East,Van,Clear,92,2023-01-04,No,2023-01-05,2023-01-06
ORD-11408,East,Van,Fog,1440,2023-04-01,No,2023-04-06,2023-04-07
ORD-11409,East,Van,Clear,348,2022-11-28,No,2022-11-30,2022-11-30
ORD-11410,West,Van,Clear,1113,2023-09-25,No,2023-09-29,2023-10-01
ORD-11411,East,Van,Clear,104,2023-03-18,No,2023-03-19,2023-03-19
ORD-11412,North,Van,Clear,921,2023-02-11,No,2023-02-15,2023-02-15
ORD-11413,South,Van,Clear,268,2022-09-01,No,2022-09-02,2022-09-02
ORD-11414,North,Van,Rain,131,2023-04-16,No,2023-04-17,2023-04-17
ORD-11415,North,Van,Clear,1157,2023-04-23,No,2023-04-27,2023-04-29
ORD-11416,West,Semi-Trailer,Clear,544,2022-03-26,No,2022-03-28,2022-03-28
ORD-11417,East,Box Truck,Clear,962,2022-04-14,No,2022-04-18,2022-04-18
ORD-11418,South,Van,Snow,914,2023-12-26,,2023-12-30,2024-01-05
ORD-11419,North,Box Truck,Clear,956,2023-11-17,No,2023-11-21,2023-11-21
ORD-11420,East,Box Truck,Clear,1322,2023-10-13,No,2023-10-18,
ORD-11421,East,Semi-Trailer,Rain,1495,2022-05-28,No,2022-06-02,2022-06-03
ORD-11422,West,Van,Fog,101,2022-03-14,No,2022-03-15,2022-03-16
ORD-11423,West,Van,Clear,1057,2023-10-06,No,2023-10-10,2023-10-10
ORD-11424,West,Semi-Trailer,Clear,1140,2023-05-08,No,2023-05-12,2023-05-12
ORD-11425,South,Van,Clear,61,2023-09-27,No,2023-09-28,2023-09-28
ORD-11426,North,Van,Snow,720,2023-08-15,No,2023-08-18,2023-08-20
ORD-11427,West,Van,Clear,303,2022-03-03,No,2022-03-05,2022-03-05
ORD-11428,West,Van,Clear,309,2022-07-02,No,2022-07-04,2022-07-04
ORD-11429,West,Semi-Trailer,Clear,354,2022-04-13,No,2022-04-15,2022-04-15
ORD-11430,North,Van,Clear,1415,2023-01-09,No,2023-01-14,2023-01-14
ORD-11431,North,Semi-Trailer,Clear,203,2022-11-12,No,2022-11-13,2022-11-13
ORD-11432,West,Semi-Trailer,Fog,445,2023-06-06,No,2023-06-08,2023-06-12
ORD-11433,West,Box Truck,Clear,394,2023-06-21,Yes,2023-06-23,2023-06-24
ORD-11434,East,Van,Fog,864,2022-03-29,No,2022-04-01,2022-04-04
ORD-11435,West,Van,Clear,760,2022-05-16,No,2022-05-19,2022-05-19
ORD-11436,South,Van,Fog,1405,2022-04-09,No,2022-04-14,2022-04-15
ORD-11437,South,Van,Rain,329,2023-04-06,No,2023-04-08,2023-04-08
ORD-11438,West,Box Truck,Clear,248,2023-10-08,No,2023-10-09,2023-10-09
ORD-11439,North,Van,Clear,401,2022-11-24,No,2022-11-26,2022-11-26
ORD-11440,East,Semi-Trailer,Clear,657,2023-11-22,No,2023-11-25,2023-11-25
ORD-11441,North,Box Truck,Clear,1318,2023-07-10,No,2023-07-15,2023-07-15
ORD-11442,West,Box Truck,Clear,22,2023-01-09,No,2023-01-10,2023-01-10
ORD-11443,South,Semi-Trailer,Clear,1418,2023-02-27,No,2023-03-04,2023-03-04
ORD-11444,East,Van,Rain,550,2022-02-06,No,2022-02-08,2022-02-08
ORD-11445,North,Van,Rain,699,2022-12-29,No,2023-01-01,2023-01-01
ORD-11446,North,Van,Clear,1326,2023-07-22,No,2023-07-27,2023-07-27
ORD-11447,West,Van,Fog,266,2022-06-26,No,2022-06-27,2022-06-30
ORD-11448,East,Box Truck,Fog,117,2023-08-21,No,2023-08-22,
ORD-11449,South,Van,Clear,192,2023-05-16,No,2023-05-17,
ORD-11450,West,Van,Clear,376,2022-10-18,No,2022-10-20,2022-10-20
ORD-11451,East,Semi-Trailer,Clear,1029,2022-07-01,No,2022-07-05,2022-07-05
ORD-11452,North,Van,Clear,840,2022-09-08,No,2022-09-11,2022-09-11
ORD-11453,West,Box Truck,Clear,871,2023-02-09,No,2023-02-12,2023-02-12
ORD-11454,North,Van,Clear,1318,2022-10-11,No,2022-10-16,2022-10-16
ORD-11455,North,Van,Rain,883,2023-07-15,No,2023-07-18,2023-07-18
ORD-11456,West,Box Truck,Rain,1292,2023-05-30,No,2023-06-04,2023-06-04
ORD-11457,West,Semi-Trailer,Clear,182,2022-10-19,Yes,2022-10-20,2022-10-21
ORD-11458,West,Van,Snow,769,2022-01-23,No,2022-01-26,2022-01-29
ORD-11459,West,Van,Rain,780,2023-11-19,,2023-11-22,2023-11-25
ORD-11460,West,Van,Clear,1363,2023-10-25,No,2023-10-30,2023-10-30
ORD-11461,North,Van,Rain,461,2023-05-07,No,2023-05-09,2023-05-10
ORD-11462,South,Van,Clear,480,2023-07-12,No,2023-07-14,2023-07-14
ORD-11463,South,Box Truck,Clear,1114,2022-03-05,No,2022-03-09,2022-03-09
ORD-11464,West,Van,Clear,330,2022-12-22,No,2022-12-24,2022-12-24
ORD-11465,North,Van,Clear,450,2023-12-08,No,2023-12-10,2023-12-10
ORD-11466,South,Box Truck,Clear,408,2022-04-27,No,2022-04-29,2022-04-30
ORD-11467,South,Van,Clear,197,2022-06-11,No,2022-06-12,2022-06-12
ORD-11468,South,Van,Rain,1471,2022-11-22,No,2022-11-27,2022-11-27
ORD-11469,North,Semi-Trailer,Rain,894,2022-05-01,No,2022-05-04,2022-05-04
ORD-11470,West,Van,Clear,859,2023-07-14,Yes,2023-07-17,2023-07-17
ORD-11471,West,Box Truck,Clear,1481,2023-04-17,No,2023-04-22,2023-04-22
ORD-11472,West,Van,Rain,752,2022-01-18,No,2022-01-21,2022-01-21
ORD-11473,East,Van,Clear,871,2022-09-30,No,2022-10-03,2022-10-03
ORD-11474,East,Van,Clear,1494,2023-01-10,No,2023-01-15,2023-01-15
ORD-11475,East,Van,Clear,524,2023-11-24,No,2023-11-26,2023-11-26
ORD-11476,North,Van,Snow,1270,2022-03-30,No,2022-04-04,2022-04-06
ORD-11477,South,Van,Snow,190,2022-09-16,No,2022-09-17,2022-09-18
ORD-11478,South,Semi-Trailer,Rain,419,2022-07-10,No,2022-07-12,2022-07-13
ORD-11479,North,Box Truck,Clear,525,2023-02-06,No,2023-02-08,2023-02-08
ORD-11480,North,Van,Rain,921,2022-02-17,Yes,2022-02-21,2022-02-24
ORD-11481,West,Box Truck,Clear,869,2022-01-09,No,2022-01-12,2022-01-12
ORD-11482,West,Semi-Trailer,Clear,1105,2022-10-19,Yes,2022-10-23,
ORD-11483,East,Box Truck,Clear,191,2022-11-03,No,2022-11-04,2022-11-04
ORD-11484,East,Van,Rain,113,2023-10-11,No,2023-10-12,2023-10-13
ORD-11485,North,Semi-Trailer,Clear,1305,2022-02-08,No,2022-02-13,
ORD-11486,East,Van,Clear,296,2023-10-06,No,2023-10-07,2023-10-07
ORD-11487,South,Van,Rain,96,2023-05-11,No,2023-05-12,2023-05-12
ORD-11488,North,Box Truck,Snow,395,2022-11-17,No,2022-11-19,2022-11-21
ORD-11489,North,Semi-Trailer,Rain,1106,2023-04-09,No,2023-04-13,2023-04-13
ORD-11490,South,Semi-Trailer,Clear,612,2023-06-03,No,2023-06-06,2023-06-06
ORD-11491,West,Semi-Trailer,Snow,1343,2023-08-04,No,2023-08-09,2023-08-11
ORD-11492,West,Van,Rain,708,2023-09-19,,2023-09-22,2023-09-22
ORD-11493,South,Semi-Trailer,Clear,452,2022-06-09,No,2022-06-11,2022-06-14
ORD-11494,South,Van,Clear,1269,2023-07-28,No,2023-08-02,2023-08-02
ORD-11495,East,Van,Clear,594,2022-02-28,No,2022-03-02,2022-03-02
ORD-11496,North,Box Truck,Clear,1263,2022-04-10,No,2022-04-15,2022-04-15
ORD-11497,East,Van,Clear,263,2023-05-02,No,2023-05-03,2023-05-03
ORD-11498,South,Box Truck,Clear,961,2023-09-21,No,2023-09-25,2023-09-25
ORD-11499,East,Van,Clear,364,2023-03-03,No,2023-03-05,2023-03-06
ORD-11500,South,Semi-Trailer,Clear,419,2022-11-17,No,2022-11-19,2022-11-19
ORD-11501,East,Van,Snow,1232,2023-08-08,No,2023-08-13,2023-08-17
ORD-11502,East,Van,Clear,438,2022-01-20,No,2022-01-22,2022-01-22
ORD-11503,West,Semi-Trailer,Clear,484,2022-01-03,No,2022-01-05,2022-01-05
ORD-11504,South,Van,Rain,597,2023-03-13,No,2023-03-15,2023-03-15
ORD-11505,East,Box Truck,Clear,986,2022-05-27,No,2022-05-31,2022-06-03
ORD-11506,North,Box Truck,Clear,926,2023-11-14,No,2023-11-18,2023-11-18
ORD-11507,East,Box Truck,Clear,351,2022-03-21,No,2022-03-23,2022-03-23
ORD-11508,East,Box Truck,Snow,483,2023-12-19,No,2023-12-21,2023-12-22
ORD-11509,North,Van,Fog,406,2023-02-08,No,2023-02-10,2023-02-11
ORD-11510,South,Semi-Trailer,Rain,1459,2023-10-11,,2023-10-16,2023-10-16
ORD-11511,West,Van,Rain,1078,2022-09-07,No,2022-09-11,2022-09-11
ORD-11512,West,Van,Clear,1376,2023-06-11,No,2023-06-16,2023-06-16
ORD-11513,West,Van,Snow,700,2023-05-26,No,2023-05-29,2023-06-02
ORD-11514,North,Box Truck,Fog,743,2023-05-10,No,2023-05-13,2023-05-16
ORD-11515,East,Box Truck,Clear,1050,2022-03-30,No,2022-04-03,2022-04-05
ORD-11516,South,Semi-Trailer,Rain,228,2022-12-16,No,2022-12-17,2022-12-17
ORD-11517,East,Box Truck,Clear,605,2022-01-08,No,2022-01-11,2022-01-11
ORD-11518,West,Box Truck,Clear,200,2023-07-16,No,2023-07-17,2023-07-17
ORD-11519,East,Semi-Trailer,Snow,1424,2023-12-03,No,2023-12-08,2023-12-10
ORD-11520,North,Van,Clear,1472,2023-01-01,,2023-01-06,2023-01-06
ORD-11521,North,Box Truck,Clear,653,2023-09-08,No,2023-09-11,2023-09-12
ORD-11522,South,Box Truck,Rain,103,2023-08-24,No,2023-08-25,2023-08-25
ORD-11523,South,Van,Snow,1128,2023-12-02,No,2023-12-06,2023-12-10
ORD-11524,West,Semi-Trailer,Rain,1115,2023-07-12,No,2023-07-16,2023-07-17
ORD-11525,South,Van,Clear,349,2022-06-04,No,2022-06-06,2022-06-06
ORD-11526,East,Box Truck,Clear,817,2022-03-18,No,2022-03-21,
ORD-11527,North,Box Truck,Fog,369,2023-01-11,No,2023-01-13,2023-01-14
ORD-11528,North,Semi-Trailer,Clear,121,2022-07-02,No,2022-07-03,
ORD-11529,North,Semi-Trailer,Fog,312,2023-07-10,No,2023-07-12,2023-07-19
ORD-11530,South,Box Truck,Snow,60,2022-05-28,No,2022-05-29,2022-05-31
ORD-11531,North,Box Truck,Rain,815,2023-06-21,No,2023-06-24,2023-06-26
ORD-11532,North,Van,Clear,710,2023-11-19,No,2023-11-22,2023-11-22
ORD-11533,North,Van,Clear,670,2022-01-16,Yes,2022-01-19,2022-01-21
ORD-11534,West,Semi-Trailer,Rain,1314,2023-01-24,No,2023-01-29,2023-01-29
ORD-11535,West,Semi-Trailer,Clear,1146,2022-05-22,,2022-05-26,2022-05-27
ORD-11536,South,Semi-Trailer,Rain,45,2022-05-03,No,2022-05-04,2022-05-04
ORD-11537,North,Van,Rain,632,2023-08-07,No,2023-08-10,2023-08-12
ORD-11538,South,Semi-Trailer,Clear,692,2022-06-14,No,2022-06-17,2022-06-17
ORD-11539,North,Semi-Trailer,Rain,1111,2022-10-02,No,2022-10-06,2022-10-06
ORD-11540,North,Van,Clear,858,2023-03-29,No,2023-04-01,2023-04-01
ORD-11541,North,Box Truck,Clear,969,2023-10-02,No,2023-10-06,2023-10-06
ORD-11542,South,Box Truck,Clear,54,2022-08-30,No,2022-08-31,2022-08-31
ORD-11543,South,Box Truck,Snow,882,2022-10-27,No,2022-10-30,2022-11-01
ORD-11544,North,Semi-Trailer,Clear,961,2022-09-03,No,2022-09-07,2022-09-07
ORD-11545,East,Van,Clear,1337,2022-04-19,No,2022-04-24,2022-04-24
ORD-11546,South,Box Truck,Clear,1425,2022-04-22,No,2022-04-27,2022-04-27
ORD-11547,West,Box Truck,Clear,663,2022-03-02,No,2022-03-05,2022-03-06
ORD-11548,South,Van,Clear,24,2022-04-04,No,2022-04-05,2022-04-05
ORD-11549,North,Semi-Trailer,Clear,649,2023-11-27,No,2023-11-30,2023-11-30
ORD-11550,East,Box Truck,Snow,176,2023-01-05,No,2023-01-06,2023-01-09
ORD-11551,North,Van,Clear,72,2022-05-03,No,2022-05-04,2022-05-04
ORD-11552,West,Van,Clear,212,2022-01-27,No,2022-01-28,
ORD-11553,South,Van,Clear,1190,2022-06-21,No,2022-06-25,2022-06-25
ORD-11554,South,Box Truck,Fog,287,2022-02-24,No,2022-02-25,2022-02-26
ORD-11555,North,Semi-Trailer,Clear,1134,2023-12-26,No,2023-12-30,2023-12-31
ORD-11556,North,Van,Snow,904,2023-05-19,No,2023-05-23,2023-05-25
ORD-11557,West,Van,Rain,1202,2023-07-19,No,2023-07-24,2023-07-24
ORD-11558,East,Van,Rain,412,2022-10-16,No,2022-10-18,2022-10-20
ORD-11559,West,Box Truck,Snow,1174,2022-03-24,No,2022-03-28,2022-03-31
ORD-11560,East,Semi-Trailer,Clear,356,2022-11-05,No,2022-11-07,2022-11-07
ORD-11561,South,Box Truck,Rain,796,2023-05-05,No,2023-05-08,2023-05-08
ORD-11562,East,Box Truck,Clear,985,2022-06-24,No,2022-06-28,2022-06-28
ORD-11563,East,Box Truck,Rain,843,2023-03-17,No,2023-03-20,2023-03-20
ORD-11564,South,Van,Fog,202,2023-06-15,No,2023-06-16,2023-06-21
ORD-11565,South,Box Truck,Fog,908,2022-07-05,No,2022-07-09,2022-07-10
ORD-11566,South,Box Truck,Clear,161,2022-02-13,No,2022-02-14,2022-02-14
ORD-11567,West,Box Truck,Clear,395,2022-07-17,No,2022-07-19,2022-07-20
ORD-11568,South,Semi-Trailer,Clear,1241,2023-02-21,No,2023-02-26,2023-02-26
ORD-11569,North,Box Truck,Clear,998,2023-02-18,No,2023-02-22,2023-02-22
ORD-11570,South,Box Truck,Clear,1421,2023-12-13,No,2023-12-18,2023-12-21
ORD-11571,South,Semi-Trailer,Clear,1111,2023-12-17,No,2023-12-21,2023-12-24
ORD-11572,South,Semi-Trailer,Fog,181,2023-10-17,No,2023-10-18,2023-10-22
ORD-11573,East,Box Truck,Clear,346,2023-07-28,No,2023-07-30,2023-07-30
ORD-11574,West,Van,Rain,901,2023-08-27,No,2023-08-31,2023-08-31
ORD-11575,South,Van,Clear,1464,2023-08-23,No,2023-08-28,2023-08-28
ORD-11576,West,Box Truck,Rain,614,2023-11-25,No,2023-11-28,2023-11-28
ORD-11577,North,Van,Fog,498,2023-01-12,No,2023-01-14,2023-01-16
ORD-11578,North,Van,Clear,675,2023-02-12,No,2023-02-15,
ORD-11579,South,Van,Clear,115,2023-11-13,No,2023-11-14,2023-11-14
ORD-11580,North,Box Truck,Clear,879,2023-04-29,No,2023-05-02,2023-05-03
ORD-11581,West,Box Truck,Fog,1242,2023-04-21,No,2023-04-26,2023-04-28
ORD-11582,East,Van,Clear,1381,2022-01-30,No,2022-02-04,2022-02-04
ORD-11583,South,Van,Clear,361,2022-02-28,No,2022-03-02,2022-03-05
ORD-11584,North,Box Truck,Clear,857,2022-05-11,No,2022-05-14,2022-05-14
ORD-11585,West,Van,Clear,57,2022-06-23,No,2022-06-24,2022-06-24
ORD-11586,West,Van,Snow,1279,2023-01-11,No,2023-01-16,2023-01-17
ORD-11587,North,Box Truck,Clear,40,2023-01-16,No,2023-01-17,2023-01-17
ORD-11588,West,Box Truck,Clear,484,2022-12-23,No,2022-12-25,2022-12-25
ORD-11589,West,Van,Clear,486,2022-11-11,,2022-11-13,2022-11-14
ORD-11590,South,Box Truck,Fog,1290,2022-09-27,No,2022-10-02,2022-10-05
ORD-11591,West,Van,Clear,1159,2022-08-24,No,2022-08-28,2022-08-31
ORD-11592,North,Box Truck,Snow,228,2023-09-21,No,2023-09-22,2023-09-26
ORD-11593,South,Van,Clear,254,2023-02-28,No,2023-03-01,
ORD-11594,North,Van,Snow,452,2023-04-15,No,2023-04-17,2023-04-21
ORD-11595,East,Box Truck,Fog,510,2022-04-19,No,2022-04-21,2022-04-25
ORD-11596,North,Box Truck,Clear,1260,2023-01-14,No,2023-01-19,2023-01-19
ORD-11597,North,Van,Clear,907,2023-02-25,No,2023-03-01,2023-03-04
ORD-11598,South,Van,Clear,778,2022-12-18,No,2022-12-21,2022-12-21
ORD-11599,West,Semi-Trailer,Rain,264,2023-02-02,,2023-02-03,2023-02-03
ORD-11600,North,Box Truck,Clear,79,2022-12-25,No,2022-12-26,2022-12-26
ORD-11601,South,Van,Clear,464,2023-04-07,No,2023-04-09,2023-04-09
ORD-11602,East,Box Truck,Clear,587,2023-04-01,No,2023-04-03,2023-04-03
ORD-11603,South,Van,Clear,1035,2022-07-18,No,2022-07-22,2022-07-22
ORD-11604,South,Box Truck,Clear,504,2023-09-27,No,2023-09-29,2023-10-02
ORD-11605,West,Van,Snow,334,2023-11-05,,2023-11-07,2023-11-10
ORD-11606,North,Van,Snow,790,2023-03-25,No,2023-03-28,2023-03-31
ORD-11607,East,Van,Clear,412,2022-10-19,No,2022-10-21,2022-10-21
ORD-11608,South,Van,Rain,860,2023-02-13,No,2023-02-16,2023-02-16
ORD-11609,North,Van,Rain,138,2023-03-23,No,2023-03-24,2023-03-24
ORD-11610,North,Van,Rain,155,2023-07-28,No,2023-07-29,2023-07-29
ORD-11611,South,Van,Clear,1129,2023-06-20,No,2023-06-24,2023-06-24
ORD-11612,North,Van,Clear,510,2023-01-11,No,2023-01-13,2023-01-13
ORD-11613,South,Box Truck,Rain,1489,2023-04-10,No,2023-04-15,2023-04-16
ORD-11614,South,Van,Rain,1437,2022-12-01,No,2022-12-06,2022-12-06
ORD-11615,South,Box Truck,Clear,17,2023-12-13,No,2023-12-14,2023-12-14
ORD-11616,East,Van,Clear,229,2023-12-18,No,2023-12-19,2023-12-19
ORD-11617,South,Van,Clear,734,2023-03-30,No,2023-04-02,2023-04-02
ORD-11618,West,Box Truck,Clear,111,2023-08-05,No,2023-08-06,2023-08-06
ORD-11619,North,Semi-Trailer,Clear,783,2023-08-20,No,2023-08-23,2023-08-23
ORD-11620,East,Van,Clear,11,2023-07-15,No,2023-07-16,2023-07-16
ORD-11621,North,Van,Clear,704,2022-06-03,No,2022-06-06,2022-06-06
ORD-11622,East,Box Truck,Snow,780,2023-03-29,No,2023-04-01,2023-04-03
ORD-11623,West,Semi-Trailer,Clear,843,2023-09-09,No,2023-09-12,2023-09-12
ORD-11624,East,Semi-Trailer,Clear,749,2022-11-10,No,2022-11-13,2022-11-13
ORD-11625,East,Van,Clear,209,2023-11-01,No,2023-11-02,2023-11-02
ORD-11626,East,Van,Clear,35,2022-01-16,No,2022-01-17,2022-01-20
ORD-11627,North,Box Truck,Clear,953,2023-08-22,No,2023-08-26,2023-08-26
ORD-11628,South,Box Truck,Snow,1383,2023-10-27,,2023-11-01,2023-11-02
ORD-11629,North,Box Truck,Clear,111,2022-06-15,No,2022-06-16,2022-06-16
ORD-11630,South,Semi-Trailer,Snow,972,2022-09-03,No,2022-09-07,2022-09-11
ORD-11631,North,Box Truck,Snow,1364,2023-05-23,No,2023-05-28,2023-05-30
ORD-11632,West,Van,Rain,866,2022-02-22,No,2022-02-25,2022-02-25
ORD-11633,West,Van,Rain,381,2022-04-27,No,2022-04-29,2022-04-29
ORD-11634,East,Box Truck,Rain,206,2022-06-21,No,2022-06-22,2022-06-22
ORD-11635,West,Van,Clear,519,2022-08-02,,2022-08-04,2022-08-05
ORD-11636,East,Van,Fog,1024,2023-07-25,No,2023-07-29,2023-08-02
ORD-11637,South,Van,Clear,1063,2023-05-21,No,2023-05-25,2023-05-25
ORD-11638,West,Van,Clear,932,2022-10-29,Yes,2022-11-02,2022-11-02
ORD-11639,South,Van,Clear,308,2023-10-08,No,2023-10-10,2023-10-12
ORD-11640,North,Semi-Trailer,Rain,1166,2023-11-11,Yes,2023-11-15,2023-11-15
ORD-11641,South,Van,Clear,1341,2022-01-19,No,2022-01-24,2022-01-24
ORD-11642,North,Box Truck,Fog,30,2023-01-28,No,2023-01-29,2023-01-31
ORD-11643,South,Van,Clear,1074,2022-06-07,No,2022-06-11,2022-06-11
ORD-11644,South,Van,Snow,973,2023-09-08,No,2023-09-12,2023-09-14
ORD-11645,West,Semi-Trailer,Clear,976,2022-09-02,No,2022-09-06,2022-09-06
ORD-11646,South,Semi-Trailer,Clear,1341,2022-02-10,No,2022-02-15,2022-02-17
ORD-11647,West,Van,Clear,468,2022-03-29,Yes,2022-03-31,2022-03-31
ORD-11648,West,Box Truck,Clear,523,2022-12-14,No,2022-12-16,2022-12-16
ORD-11649,East,Van,Clear,1077,2023-03-02,No,2023-03-06,2023-03-06
ORD-11650,East,Semi-Trailer,Fog,50,2022-04-26,,2022-04-27,2022-04-28
ORD-11651,North,Van,Clear,847,2023-06-17,No,2023-06-20,2023-06-20
ORD-11652,South,Van,Rain,272,2022-03-03,No,2022-03-04,2022-03-04
ORD-11653,North,Box Truck,Clear,1327,2022-01-13,No,2022-01-18,2022-01-18
ORD-11654,South,Semi-Trailer,Clear,694,2023-10-16,No,2023-10-19,2023-10-19
ORD-11655,East,Van,Clear,1042,2023-05-19,Yes,2023-05-23,2023-05-23
ORD-11656,East,Box Truck,Clear,1086,2022-03-11,No,2022-03-15,2022-03-15
ORD-11657,South,Van,Snow,1032,2022-04-13,No,2022-04-17,2022-04-21
ORD-11658,South,Semi-Trailer,Rain,137,2023-06-26,No,2023-06-27,
ORD-11659,East,Van,Clear,540,2023-12-17,No,2023-12-19,2023-12-19
ORD-11660,East,Semi-Trailer,Rain,653,2022-05-21,No,2022-05-24,2022-05-26
ORD-11661,North,Van,Clear,534,2023-10-27,No,2023-10-29,2023-10-29
ORD-11662,East,Van,Rain,766,2022-06-04,No,2022-06-07,2022-06-07
ORD-11663,South,Semi-Trailer,Snow,975,2023-06-25,No,2023-06-29,2023-07-01
ORD-11664,North,Semi-Trailer,Snow,1173,2022-01-06,No,2022-01-10,2022-01-11
ORD-11665,South,Box Truck,Clear,903,2023-07-03,No,2023-07-07,2023-07-07
ORD-11666,West,Van,Clear,768,2023-06-23,No,2023-06-26,2023-06-26
ORD-11667,North,Box Truck,Clear,241,2022-08-20,No,2022-08-21,2022-08-21
ORD-11668,South,Box Truck,Fog,942,2023-06-09,No,2023-06-13,2023-06-14
ORD-11669,East,Box Truck,Fog,97,2023-10-11,No,2023-10-12,2023-10-14
ORD-11670,West,Box Truck,Clear,775,2022-05-31,No,2022-06-03,2022-06-03
ORD-11671,South,Van,Rain,646,2022-04-13,No,2022-04-16,2022-04-16
ORD-11672,North,Box Truck,Fog,210,2022-02-23,No,2022-02-24,2022-02-27
ORD-11673,South,Box Truck,Clear,995,2023-07-12,No,2023-07-16,2023-07-16
ORD-11674,West,Van,Snow,1421,2023-01-10,Yes,2023-01-15,2023-01-19
ORD-11675,North,Box Truck,Clear,370,2023-08-26,No,2023-08-28,2023-08-28
ORD-11676,West,Box Truck,Clear,141,2023-01-15,No,2023-01-16,2023-01-16
ORD-11677,South,Box Truck,Clear,186,2023-12-19,No,2023-12-20,2023-12-20
ORD-11678,East,Van,Clear,1085,2023-07-02,No,2023-07-06,2023-07-06
ORD-11679,East,Box Truck,Snow,31,2022-12-18,No,2022-12-19,2022-12-20
ORD-11680,South,Van,Clear,662,2022-01-25,No,2022-01-28,2022-01-28
ORD-11681,South,Box Truck,Clear,1352,2022-06-14,No,2022-06-19,2022-06-21
ORD-11682,South,Box Truck,Clear,792,2022-01-15,No,2022-01-18,2022-01-18
ORD-11683,North,Box Truck,Clear,177,2023-04-21,Yes,2023-04-22,2023-04-22
ORD-11684,West,Van,Clear,1071,2022-09-13,No,2022-09-17,2022-09-17
ORD-11685,West,Box Truck,Clear,882,2023-02-22,No,2023-02-25,2023-02-25
ORD-11686,West,Semi-Trailer,Clear,949,2023-09-11,No,2023-09-15,2023-09-18
ORD-11687,South,Van,Rain,1406,2022-05-15,No,2022-05-20,2022-05-21
ORD-11688,West,Semi-Trailer,Fog,641,2022-08-24,No,2022-08-27,2022-08-28
ORD-11689,South,Box Truck,Clear,843,2022-06-10,No,2022-06-13,2022-06-14
ORD-11690,North,Box Truck,Rain,1460,2023-03-26,No,2023-03-31,2023-03-31
ORD-11691,East,Van,Fog,1199,2023-08-09,No,2023-08-13,2023-08-16
ORD-11692,South,Van,Rain,731,2023-01-24,No,2023-01-27,2023-01-27
ORD-11693,South,Semi-Trailer,Rain,1108,2022-12-12,No,2022-12-16,2022-12-16
ORD-11694,East,Van,Rain,449,2022-05-05,No,2022-05-07,2022-05-07
ORD-11695,East,Van,Clear,1298,2022-12-10,No,2022-12-15,2022-12-18
ORD-11696,North,Box Truck,Clear,1439,2023-11-08,No,2023-11-13,2023-11-13
ORD-11697,West,Van,Snow,252,2023-02-02,No,2023-02-03,2023-02-05
ORD-11698,South,Box Truck,Clear,610,2023-06-04,No,2023-06-07,2023-06-07
ORD-11699,West,Box Truck,Snow,771,2023-06-05,No,2023-06-08,2023-06-12
ORD-11700,South,Semi-Trailer,Rain,552,2022-07-25,No,2022-07-27,2022-07-27
ORD-11701,North,Box Truck,Clear,286,2022-09-14,No,2022-09-15,2022-09-15
ORD-11702,East,Van,Rain,559,2022-07-24,No,2022-07-26,2022-07-26
ORD-11703,North,Van,Clear,1341,2023-06-26,No,2023-07-01,2023-07-01
ORD-11704,East,Box Truck,Snow,412,2023-05-31,No,2023-06-02,2023-06-06
ORD-11705,West,Van,Clear,659,2022-02-22,No,2022-02-25,
ORD-11706,West,Semi-Trailer,Fog,1463,2022-06-22,No,2022-06-27,2022-07-01
ORD-11707,North,Box Truck,Clear,1006,2022-11-05,No,2022-11-09,2022-11-09
ORD-11708,East,Van,Rain,85,2023-01-03,No,2023-01-04,2023-01-04
ORD-11709,North,Semi-Trailer,Fog,348,2022-09-12,No,2022-09-14,2022-09-17
ORD-11710,East,Van,Clear,774,2022-07-08,No,2022-07-11,2022-07-11
ORD-11711,East,Van,Rain,1483,2023-01-25,No,2023-01-30,2023-02-02
ORD-11712,West,Box Truck,Clear,1112,2023-04-07,No,2023-04-11,2023-04-13
ORD-11713,West,Semi-Trailer,Snow,47,2023-01-03,No,2023-01-04,2023-01-09
ORD-11714,East,Box Truck,Clear,327,2023-03-30,No,2023-04-01,2023-04-01
ORD-11715,East,Van,Fog,1361,2022-02-18,No,2022-02-23,2022-02-28
ORD-11716,East,Van,Snow,1463,2022-09-07,No,2022-09-12,2022-09-13
ORD-11717,West,Van,Clear,1196,2022-03-12,No,2022-03-16,2022-03-18
ORD-11718,West,Van,Clear,1391,2023-05-05,No,2023-05-10,
ORD-11719,South,Van,Rain,649,2022-02-05,No,2022-02-08,2022-02-09
ORD-11720,East,Box Truck,Clear,679,2022-01-14,No,2022-01-17,2022-01-17
ORD-11721,South,Semi-Trailer,Clear,338,2023-01-13,No,2023-01-15,2023-01-18
ORD-11722,East,Van,Clear,1447,2022-04-18,No,2022-04-23,2022-04-26
ORD-11723,West,Van,Clear,485,2022-10-29,No,2022-10-31,2022-10-31
ORD-11724,South,Semi-Trailer,Clear,1489,2023-04-14,No,2023-04-19,2023-04-19
ORD-11725,South,Box Truck,Snow,1185,2023-11-24,No,2023-11-28,2023-12-01
ORD-11726,North,Semi-Trailer,Snow,547,2023-06-25,No,2023-06-27,2023-06-30
ORD-11727,East,Van,Rain,1448,2022-01-31,No,2022-02-05,2022-02-05
ORD-11728,West,Van,Clear,352,2022-07-29,No,2022-07-31,2022-07-31
ORD-11729,North,Box Truck,Clear,1419,2022-04-20,No,2022-04-25,2022-04-25
ORD-11730,North,Box Truck,Clear,1200,2022-10-05,No,2022-10-10,2022-10-10
ORD-11731,East,Van,Fog,149,2022-02-24,No,2022-02-25,2022-02-27
ORD-11732,North,Box Truck,Clear,1262,2022-11-26,No,2022-12-01,2022-12-01
ORD-11733,East,Van,Clear,82,2022-03-27,No,2022-03-28,2022-03-28
ORD-11734,North,Van,Clear,437,2022-05-06,No,2022-05-08,2022-05-08
ORD-11735,East,Box Truck,Rain,1332,2022-11-10,No,2022-11-15,2022-11-16
ORD-11736,West,Van,Rain,1269,2022-05-24,No,2022-05-29,2022-05-29
ORD-11737,East,Box Truck,Clear,992,2022-01-13,No,2022-01-17,2022-01-17
ORD-11738,East,Van,Clear,609,2022-06-04,No,2022-06-07,2022-06-07
ORD-11739,South,Van,Rain,106,2022-06-30,No,2022-07-01,2022-07-01
ORD-11740,West,Van,Clear,487,2022-03-06,No,2022-03-08,2022-03-08
ORD-11741,West,Van,Rain,1031,2022-04-01,No,2022-04-05,2022-04-05
ORD-11742,West,Van,Snow,500,2023-11-21,No,2023-11-23,2023-11-26
ORD-11743,North,Box Truck,Rain,1329,2022-07-05,No,2022-07-10,2022-07-10
ORD-11744,South,Semi-Trailer,Rain,415,2023-01-27,No,2023-01-29,2023-01-29
ORD-11745,West,Van,Snow,724,2022-02-02,No,2022-02-05,2022-02-09
ORD-11746,North,Van,Fog,456,2023-02-05,No,2023-02-07,2023-02-11
ORD-11747,North,Semi-Trailer,Clear,708,2022-07-21,No,2022-07-24,2022-07-24
ORD-11748,North,Van,Clear,1308,2022-07-07,No,2022-07-12,2022-07-12
ORD-11749,South,Van,Snow,1053,2023-02-02,No,2023-02-06,2023-02-10
ORD-11750,North,Van,Clear,594,2023-05-06,No,2023-05-08,2023-05-08
ORD-11751,South,Box Truck,Fog,436,2022-05-05,No,2022-05-07,2022-05-09
ORD-11752,East,Van,Clear,963,2023-12-08,No,2023-12-12,2023-12-15
ORD-11753,North,Box Truck,Fog,859,2023-12-10,No,2023-12-13,2023-12-14
ORD-11754,West,Van,Clear,1394,2023-12-02,No,2023-12-07,2023-12-07
ORD-11755,North,Van,Rain,1343,2022-06-02,No,2022-06-07,2022-06-07
ORD-11756,East,Van,Clear,603,2023-08-02,No,2023-08-05,2023-08-05
ORD-11757,East,Box Truck,Fog,365,2023-04-27,No,2023-04-29,
ORD-11758,North,Box Truck,Clear,36,2023-07-10,No,2023-07-11,2023-07-11
ORD-11759,East,Van,Clear,1080,2023-06-20,No,2023-06-24,2023-06-24
ORD-11760,South,Van,Clear,465,2022-03-19,No,2022-03-21,2022-03-21
ORD-11761,South,Box Truck,Fog,121,2023-04-07,No,2023-04-08,2023-04-12
ORD-11762,North,Semi-Trailer,Clear,756,2022-10-30,No,2022-11-02,2022-11-02
ORD-11763,South,Van,Rain,384,2022-05-13,No,2022-05-15,2022-05-15
ORD-11764,South,Box Truck,Rain,1348,2022-06-21,No,2022-06-26,2022-06-26
ORD-11765,West,Van,Snow,854,2022-03-07,No,2022-03-10,2022-03-16
ORD-11766,North,Van,Rain,135,2023-02-19,No,2023-02-20,2023-02-20
ORD-11767,East,Van,Clear,1040,2022-01-29,No,2022-02-02,2022-02-02
ORD-11768,North,Box Truck,Rain,571,2022-01-19,No,2022-01-21,2022-01-21
ORD-11769,South,Van,Rain,1393,2023-05-15,No,2023-05-20,2023-05-20
ORD-11770,West,Semi-Trailer,Clear,587,2022-12-12,No,2022-12-14,2022-12-14
ORD-11771,North,Box Truck,Clear,371,2023-09-09,,2023-09-11,2023-09-11
ORD-11772,North,Semi-Trailer,Clear,688,2023-01-30,No,2023-02-02,2023-02-02
ORD-11773,South,Van,Clear,992,2022-09-02,No,2022-09-06,2022-09-06
ORD-11774,South,Van,Clear,773,2022-04-03,No,2022-04-06,2022-04-06
ORD-11775,North,Semi-Trailer,Rain,784,2022-12-18,No,2022-12-21,2022-12-21
ORD-11776,South,Box Truck,Fog,1297,2023-06-04,,2023-06-09,2023-06-13
ORD-11777,South,Semi-Trailer,Clear,809,2022-11-25,No,2022-11-28,2022-11-28
ORD-11778,South,Van,Rain,284,2023-11-24,No,2023-11-25,2023-11-25
ORD-11779,South,Van,Clear,405,2022-03-26,No,2022-03-28,2022-03-28
ORD-11780,South,Box Truck,Clear,1346,2023-08-03,No,2023-08-08,2023-08-09
ORD-11781,West,Van,Rain,915,2022-01-24,No,2022-01-28,2022-01-28
ORD-11782,South,Box Truck,Fog,501,2023-03-13,No,2023-03-15,2023-03-17
ORD-11783,East,Van,Clear,1437,2023-11-13,No,2023-11-18,2023-11-18
ORD-11784,North,Van,Clear,386,2022-12-18,No,2022-12-20,2022-12-20
ORD-11785,West,Van,Clear,668,2022-10-18,No,2022-10-21,2022-10-21
ORD-11786,West,Van,Clear,550,2022-04-22,No,2022-04-24,2022-04-24
ORD-11787,South,Van,Rain,848,2022-05-24,No,2022-05-27,2022-05-29
ORD-11788,North,Box Truck,Snow,329,2023-05-26,No,2023-05-28,2023-06-01
ORD-11789,East,Van,Rain,234,2022-12-28,No,2022-12-29,2022-12-29
ORD-11790,South,Van,Clear,465,2023-08-08,No,2023-08-10,2023-08-10
ORD-11791,North,Semi-Trailer,Fog,660,2023-10-05,No,2023-10-08,2023-10-14
ORD-11792,South,Van,Clear,1322,2023-03-04,No,2023-03-09,
ORD-11793,South,Van,Rain,1314,2023-12-09,No,2023-12-14,2023-12-17
ORD-11794,South,Box Truck,Clear,426,2023-11-09,No,2023-11-11,2023-11-11
ORD-11795,South,Semi-Trailer,Snow,813,2022-07-25,Yes,2022-07-28,2022-07-31
ORD-11796,South,Van,Rain,788,2023-08-09,No,2023-08-12,2023-08-12
ORD-11797,South,Van,Fog,807,2022-07-03,No,2022-07-06,2022-07-07
ORD-11798,South,Box Truck,Clear,1346,2023-01-18,No,2023-01-23,2023-01-23
ORD-11799,East,Van,Rain,618,2023-07-29,,2023-08-01,2023-08-01
ORD-11800,West,Box Truck,Rain,802,2022-04-28,No,2022-05-01,2022-05-01
ORD-11801,East,Semi-Trailer,Rain,1024,2022-11-25,No,2022-11-29,2022-11-30
ORD-11802,South,Semi-Trailer,Clear,1090,2022-09-05,No,2022-09-09,2022-09-09
ORD-11803,South,Van,Clear,1156,2023-08-02,No,2023-08-06,2023-08-06
ORD-11804,East,Van,Clear,1323,2022-06-19,No,2022-06-24,2022-06-24
ORD-11805,East,Semi-Trailer,Clear,607,2023-11-18,No,2023-11-21,2023-11-21
ORD-11806,West,Van,Snow,982,2022-08-27,,2022-08-31,2022-09-03
ORD-11807,East,Van,Snow,1343,2023-01-29,No,2023-02-03,2023-02-06
ORD-11808,West,Box Truck,Clear,1261,2023-08-13,No,2023-08-18,2023-08-19
ORD-11809,South,Van,Fog,15,2022-04-12,No,2022-04-13,2022-04-15
ORD-11810,North,Van,Clear,1476,2023-05-19,No,2023-05-24,2023-05-26
ORD-11811,North,Semi-Trailer,Clear,319,2023-04-28,No,2023-04-30,2023-05-03
ORD-11812,North,Van,Clear,794,2022-03-23,No,2022-03-26,2022-03-29
ORD-11813,North,Van,Snow,865,2023-07-08,Yes,2023-07-11,2023-07-14
ORD-11814,South,Van,Rain,914,2023-09-02,No,2023-09-06,2023-09-06
ORD-11815,North,Box Truck,Clear,1035,2022-09-27,No,2022-10-01,2022-10-02
ORD-11816,East,Van,Rain,783,2023-04-25,No,2023-04-28,2023-04-28
ORD-11817,East,Van,Clear,763,2023-03-05,No,2023-03-08,2023-03-08
ORD-11818,North,Box Truck,Clear,1408,2023-11-02,No,2023-11-07,2023-11-07
ORD-11819,East,Semi-Trailer,Clear,1279,2023-11-19,No,2023-11-24,2023-11-24
ORD-11820,West,Van,Clear,832,2023-10-11,No,2023-10-14,2023-10-14
ORD-11821,South,Semi-Trailer,Snow,1337,2022-07-24,No,2022-07-29,2022-08-03
ORD-11822,North,Van,Rain,67,2022-08-24,No,2022-08-25,2022-08-27
ORD-11823,North,Box Truck,Clear,1258,2022-08-13,,2022-08-18,2022-08-18
ORD-11824,South,Van,Clear,1459,2022-10-15,No,2022-10-20,2022-10-20
ORD-11825,East,Van,Clear,1235,2023-08-20,,2023-08-25,2023-08-25
ORD-11826,South,Box Truck,Clear,527,2022-07-31,No,2022-08-02,2022-08-02
ORD-11827,South,Van,Clear,39,2023-06-25,No,2023-06-26,2023-06-26
ORD-11828,East,Van,Clear,160,2022-12-26,No,2022-12-27,2022-12-27
ORD-11829,South,Van,Rain,557,2022-05-30,No,2022-06-01,2022-06-01
ORD-11830,East,Box Truck,Clear,119,2022-06-03,No,2022-06-04,2022-06-07
ORD-11831,East,Van,Clear,1154,2022-04-26,Yes,2022-04-30,2022-04-30
ORD-11832,South,Van,Fog,250,2022-05-15,No,2022-05-16,2022-05-19
ORD-11833,West,Van,Clear,1063,2023-10-17,No,2023-10-21,2023-10-21
ORD-11834,East,Van,Clear,475,2022-05-27,No,2022-05-29,2022-06-01
ORD-11835,South,Van,Clear,474,2023-04-02,No,2023-04-04,2023-04-04
ORD-11836,East,Van,Clear,246,2023-05-16,No,2023-05-17,2023-05-17
ORD-11837,West,Van,Clear,1404,2023-11-09,No,2023-11-14,2023-11-14
ORD-11838,West,Van,Clear,1182,2022-06-07,No,2022-06-11,2022-06-11
ORD-11839,North,Box Truck,Snow,383,2022-04-06,No,2022-04-08,2022-04-10
ORD-11840,East,Box Truck,Rain,609,2023-11-03,No,2023-11-06,2023-11-06
ORD-11841,East,Semi-Trailer,Rain,525,2022-12-13,No,2022-12-15,2022-12-15
ORD-11842,South,Van,Clear,1466,2023-04-16,No,2023-04-21,2023-04-21
ORD-11843,East,Semi-Trailer,Clear,261,2022-04-02,No,2022-04-03,2022-04-03
ORD-11844,North,Van,Clear,572,2022-07-29,No,2022-07-31,2022-07-31
ORD-11845,West,Semi-Trailer,Clear,545,2022-09-15,No,2022-09-17,2022-09-17
ORD-11846,West,Van,Clear,1079,2022-10-21,No,2022-10-25,2022-10-25
ORD-11847,North,Van,Clear,637,2022-03-21,No,2022-03-24,2022-03-27
ORD-11848,East,Van,Clear,616,2023-08-11,No,2023-08-14,2023-08-14
ORD-11849,East,Van,Clear,444,2022-06-15,No,2022-06-17,2022-06-17
ORD-11850,North,Semi-Trailer,Clear,620,2022-02-25,No,2022-02-28,2022-02-28
ORD-11851,South,Box Truck,Clear,285,2023-06-20,No,2023-06-21,2023-06-21
ORD-11852,West,Semi-Trailer,Clear,857,2023-11-07,No,2023-11-10,2023-11-10
ORD-11853,North,Box Truck,Clear,1128,2023-10-26,No,2023-10-30,2023-10-30
ORD-11854,North,Van,Clear,1179,2022-11-02,No,2022-11-06,2022-11-06
ORD-11855,East,Van,Clear,913,2023-01-11,,2023-01-15,2023-01-15
ORD-11856,West,Semi-Trailer,Clear,676,2022-09-25,No,2022-09-28,2022-09-28
ORD-11857,East,Box Truck,Clear,791,2022-10-08,No,2022-10-11,2022-10-11
ORD-11858,North,Box Truck,Clear,1435,2023-05-06,No,2023-05-11,2023-05-11
ORD-11859,South,Van,Rain,842,2022-03-31,No,2022-04-03,2022-04-03
ORD-11860,West,Box Truck,Clear,513,2023-05-21,No,2023-05-23,2023-05-24
ORD-11861,North,Semi-Trailer,Clear,1448,2023-01-04,No,2023-01-09,2023-01-09
ORD-11862,North,Van,Clear,285,2023-03-26,No,2023-03-27,2023-03-27
ORD-11863,South,Van,Clear,335,2022-03-23,Yes,2022-03-25,2022-03-25
ORD-11864,North,Van,Clear,1289,2023-01-27,No,2023-02-01,2023-02-01
ORD-11865,North,Box Truck,Fog,566,2022-01-03,No,2022-01-05,2022-01-10
ORD-11866,West,Van,Snow,522,2023-12-22,No,2023-12-24,2023-12-25
ORD-11867,West,Van,Clear,1180,2023-10-02,No,2023-10-06,2023-10-07
ORD-11868,West,Van,Rain,304,2023-09-02,No,2023-09-04,2023-09-04
ORD-11869,East,Box Truck,Clear,384,2022-02-09,No,2022-02-11,2022-02-11
ORD-11870,South,Van,Clear,65,2023-09-14,No,2023-09-15,2023-09-16
ORD-11871,West,Van,Rain,921,2023-09-23,No,2023-09-27,2023-09-27
ORD-11872,East,Semi-Trailer,Clear,1259,2022-05-29,No,2022-06-03,2022-06-03
ORD-11873,East,Semi-Trailer,Clear,29,2023-04-17,No,2023-04-18,2023-04-18
ORD-11874,South,Van,Rain,1192,2022-03-17,No,2022-03-21,2022-03-21
ORD-11875,South,Box Truck,Clear,861,2022-06-02,No,2022-06-05,2022-06-05
ORD-11876,North,Box Truck,Fog,600,2022-10-23,No,2022-10-26,2022-10-28
ORD-11877,East,Van,Rain,930,2023-12-29,No,2024-01-02,2024-01-02
ORD-11878,West,Van,Rain,375,2022-09-01,No,2022-09-03,2022-09-03
ORD-11879,South,Van,Clear,10,2022-08-19,No,2022-08-20,2022-08-20
ORD-11880,East,Van,Clear,922,2022-08-03,No,2022-08-07,2022-08-07
ORD-11881,West,Van,Rain,857,2022-03-29,No,2022-04-01,2022-04-01
ORD-11882,East,Semi-Trailer,Fog,1262,2023-12-29,No,2024-01-03,2024-01-09
ORD-11883,South,Van,Clear,734,2022-04-24,No,2022-04-27,2022-04-27
ORD-11884,North,Box Truck,Fog,1316,2023-11-29,No,2023-12-04,2023-12-06
ORD-11885,East,Van,Clear,769,2022-08-26,No,2022-08-29,2022-08-29
ORD-11886,West,Box Truck,Clear,1152,2022-12-11,No,2022-12-15,2022-12-15
ORD-11887,South,Van,Clear,236,2023-11-22,No,2023-11-23,2023-11-23
ORD-11888,North,Box Truck,Clear,1057,2022-12-08,No,2022-12-12,2022-12-12
ORD-11889,West,Box Truck,Rain,711,2022-07-11,No,2022-07-14,2022-07-17
ORD-11890,West,Box Truck,Clear,317,2023-05-21,No,2023-05-23,2023-05-23
ORD-11891,West,Van,Fog,1340,2022-08-06,No,2022-08-11,2022-08-12
ORD-11892,East,Box Truck,Clear,971,2023-03-18,No,2023-03-22,2023-03-22
ORD-11893,South,Semi-Trailer,Clear,578,2022-07-04,No,2022-07-06,2022-07-06
ORD-11894,West,Box Truck,Rain,1344,2023-06-24,No,2023-06-29,2023-06-30
ORD-11895,East,Van,Clear,1122,2022-05-27,No,2022-05-31,2022-05-31
ORD-11896,South,Box Truck,Rain,1308,2023-03-07,No,2023-03-12,2023-03-12
ORD-11897,South,Van,Clear,630,2022-10-30,No,2022-11-02,2022-11-02
ORD-11898,East,Semi-Trailer,Clear,662,2022-06-18,No,2022-06-21,2022-06-21
ORD-11899,East,Box Truck,Clear,806,2022-09-24,No,2022-09-27,2022-09-27
ORD-11900,West,Van,Fog,489,2023-11-18,No,2023-11-20,2023-11-22
ORD-11901,South,Van,Clear,911,2023-02-17,No,2023-02-21,2023-02-21
ORD-11902,North,Van,Rain,1490,2022-07-26,No,2022-07-31,2022-07-31
ORD-11903,East,Semi-Trailer,Rain,906,2022-06-02,No,2022-06-06,2022-06-06
ORD-11904,South,Van,Clear,929,2022-10-17,No,2022-10-21,2022-10-21
ORD-11905,South,Van,Snow,595,2022-05-15,No,2022-05-17,2022-05-18
ORD-11906,West,Semi-Trailer,Clear,1388,2023-12-16,No,2023-12-21,2023-12-21
ORD-11907,North,Van,Clear,271,2022-12-05,No,2022-12-06,2022-12-06
ORD-11908,West,Van,Clear,1209,2023-03-14,No,2023-03-19,2023-03-21
ORD-11909,North,Box Truck,Clear,413,2022-06-23,No,2022-06-25,2022-06-25
ORD-11910,North,Van,Clear,1263,2023-12-01,No,2023-12-06,2023-12-06
ORD-11911,East,Van,Clear,1356,2023-03-12,No,2023-03-17,2023-03-17
ORD-11912,South,Van,Clear,704,2022-10-15,No,2022-10-18,2022-10-18
ORD-11913,South,Box Truck,Rain,795,2022-05-14,No,2022-05-17,2022-05-17
ORD-11914,South,Semi-Trailer,Clear,286,2023-01-09,No,2023-01-10,2023-01-10
ORD-11915,North,Van,Rain,686,2022-08-19,No,2022-08-22,2022-08-22
ORD-11916,South,Van,Clear,1308,2023-04-29,No,2023-05-04,2023-05-04
ORD-11917,East,Van,Rain,226,2022-09-10,No,2022-09-11,2022-09-11
ORD-11918,North,Semi-Trailer,Clear,199,2022-04-11,No,2022-04-12,2022-04-13
ORD-11919,North,Van,Clear,1051,2023-11-15,No,2023-11-19,2023-11-19
ORD-11920,North,Semi-Trailer,Clear,753,2022-01-13,No,2022-01-16,2022-01-16
ORD-11921,North,Van,Clear,1447,2022-04-08,No,2022-04-13,2022-04-13
ORD-11922,East,Semi-Trailer,Clear,1217,2023-01-03,No,2023-01-08,2023-01-08
ORD-11923,South,Box Truck,Rain,252,2022-12-10,No,2022-12-11,2022-12-11
ORD-11924,East,Box Truck,Snow,1459,2023-11-05,No,2023-11-10,2023-11-11
ORD-11925,South,Van,Rain,62,2022-07-16,No,2022-07-17,2022-07-17
ORD-11926,East,Box Truck,Clear,1259,2023-04-12,No,2023-04-17,2023-04-17
ORD-11927,West,Van,Clear,571,2023-07-29,No,2023-07-31,2023-07-31
ORD-11928,West,Van,Fog,781,2022-07-04,No,2022-07-07,2022-07-08
ORD-11929,West,Van,Clear,328,2022-10-20,No,2022-10-22,2022-10-23
ORD-11930,West,Semi-Trailer,Fog,716,2023-12-30,No,2024-01-02,2024-01-05
ORD-11931,North,Box Truck,Clear,1402,2022-08-27,No,2022-09-01,2022-09-04
ORD-11932,North,Box Truck,Fog,257,2022-04-16,No,2022-04-17,2022-04-21
ORD-11933,East,Box Truck,Fog,186,2022-02-15,No,2022-02-16,2022-02-18
ORD-11934,East,Van,Rain,22,2023-07-16,Yes,2023-07-17,2023-07-19
ORD-11935,West,Semi-Trailer,Clear,1394,2023-09-01,No,2023-09-06,2023-09-06
ORD-11936,South,Box Truck,Clear,298,2022-02-27,No,2022-02-28,2022-02-28
ORD-11937,West,Box Truck,Fog,440,2023-09-20,No,2023-09-22,2023-09-23
ORD-11938,East,Van,Snow,585,2022-10-14,No,2022-10-16,2022-10-18
ORD-11939,West,Semi-Trailer,Clear,1372,2022-04-12,No,2022-04-17,2022-04-20
ORD-11940,East,Semi-Trailer,Clear,43,2022-06-21,No,2022-06-22,2022-06-23
ORD-11941,West,Box Truck,Snow,1357,2023-06-21,No,2023-06-26,2023-06-30
ORD-11942,South,Van,Clear,1489,2023-11-09,No,2023-11-14,2023-11-14
ORD-11943,West,Box Truck,Snow,1258,2022-01-28,No,2022-02-02,2022-02-04
ORD-11944,South,Box Truck,Snow,650,2022-01-13,No,2022-01-16,2022-01-17
ORD-11945,South,Van,Fog,142,2022-10-09,No,2022-10-10,2022-10-12
ORD-11946,East,Van,Clear,906,2022-09-13,No,2022-09-17,2022-09-17
ORD-11947,South,Van,Clear,991,2022-08-19,No,2022-08-23,2022-08-24
ORD-11948,North,Box Truck,Clear,1254,2022-07-28,No,2022-08-02,2022-08-05
ORD-11949,North,Van,Fog,410,2022-09-24,No,2022-09-26,2022-09-29
ORD-11950,North,Van,Clear,615,2022-07-29,No,2022-08-01,2022-08-01
ORD-11951,East,Box Truck,Clear,620,2022-09-04,No,2022-09-07,2022-09-07
ORD-11952,North,Box Truck,Clear,1093,2022-06-07,,2022-06-11,2022-06-12
ORD-11953,East,Van,Clear,650,2022-04-09,No,2022-04-12,2022-04-12
ORD-11954,East,Van,Snow,141,2023-06-28,,2023-06-29,2023-07-02
ORD-11955,North,Semi-Trailer,Rain,402,2022-03-21,No,2022-03-23,2022-03-26
ORD-11956,South,Box Truck,Rain,822,2022-09-22,No,2022-09-25,2022-09-25
ORD-11957,West,Van,Clear,937,2022-11-13,No,2022-11-17,2022-11-17
ORD-11958,East,Semi-Trailer,Fog,590,2023-01-31,No,2023-02-02,2023-02-03
ORD-11959,North,Van,Clear,23,2022-12-10,No,2022-12-11,2022-12-13
ORD-11960,East,Semi-Trailer,Rain,444,2023-03-09,No,2023-03-11,2023-03-11
ORD-11961,South,Van,Clear,483,2023-11-23,Yes,2023-11-25,2023-11-25
ORD-11962,South,Van,Clear,160,2022-04-26,No,2022-04-27,2022-04-27
ORD-11963,North,Van,Clear,479,2022-03-10,No,2022-03-12,2022-03-12
ORD-11964,East,Van,Clear,420,2022-02-21,No,2022-02-23,2022-02-23
ORD-11965,West,Box Truck,Rain,354,2023-11-22,No,2023-11-24,2023-11-24
ORD-11966,West,Box Truck,Clear,813,2023-09-14,No,2023-09-17,2023-09-17
ORD-11967,East,Semi-Trailer,Clear,1229,2023-05-19,,2023-05-24,2023-05-24
ORD-11968,East,Van,Snow,553,2022-02-07,No,2022-02-09,2022-02-13
ORD-11969,East,Van,Clear,1106,2023-06-03,No,2023-06-07,2023-06-07
ORD-11970,North,Van,Clear,203,2022-04-07,No,2022-04-08,2022-04-09
ORD-11971,South,Van,Clear,947,2022-09-20,No,2022-09-24,2022-09-24
ORD-11972,West,Box Truck,Snow,638,2023-05-21,No,2023-05-24,2023-05-28
ORD-11973,North,Van,Clear,1225,2022-01-07,No,2022-01-12,2022-01-12
ORD-11974,East,Box Truck,Fog,439,2022-10-31,,2022-11-02,2022-11-05
ORD-11975,East,Box Truck,Clear,226,2023-07-16,No,2023-07-17,
ORD-11976,South,Van,Clear,1030,2022-04-06,No,2022-04-10,2022-04-10
ORD-11977,East,Box Truck,Clear,979,2022-01-30,,2022-02-03,2022-02-03
ORD-11978,North,Van,Rain,494,2022-04-04,No,2022-04-06,2022-04-06
ORD-11979,North,Van,Clear,610,2023-02-07,No,2023-02-10,2023-02-10
ORD-11980,South,Box Truck,Rain,369,2023-11-25,No,2023-11-27,2023-11-27
ORD-11981,North,Van,Clear,1342,2022-11-20,No,2022-11-25,2022-11-25
ORD-11982,West,Van,Clear,678,2022-10-26,No,2022-10-29,2022-10-29
ORD-11983,North,Box Truck,Snow,430,2023-04-27,No,2023-04-29,2023-04-30
ORD-11984,North,Van,Rain,590,2023-06-10,No,2023-06-12,2023-06-12
ORD-11985,North,Box Truck,Clear,791,2023-09-04,No,2023-09-07,2023-09-07
ORD-11986,West,Van,Rain,1444,2022-02-06,No,2022-02-11,2022-02-11
ORD-11987,East,Van,Rain,526,2022-10-17,No,2022-10-19,2022-10-19
ORD-11988,North,Semi-Trailer,Clear,252,2023-05-17,No,2023-05-18,2023-05-18
ORD-11989,South,Box Truck,Clear,639,2023-01-28,No,2023-01-31,2023-01-31
ORD-11990,West,Van,Clear,1026,2023-11-15,No,2023-11-19,2023-11-19
ORD-11991,South,Van,Clear,181,2022-01-20,No,2022-01-21,2022-01-21
ORD-11992,North,Semi-Trailer,Rain,664,2022-03-23,No,2022-03-26,2022-03-26
ORD-11993,South,Van,Clear,778,2022-06-03,No,2022-06-06,2022-06-06
ORD-11994,North,Box Truck,Clear,469,2022-03-23,No,2022-03-25,2022-03-25
ORD-11995,West,Box Truck,Clear,1398,2023-07-04,No,2023-07-09,2023-07-09
ORD-11996,South,Box Truck,Fog,1111,2023-02-19,No,2023-02-23,2023-02-25
ORD-11997,South,Box Truck,Rain,541,2023-03-17,No,2023-03-19,2023-03-19
ORD-11998,North,Box Truck,Clear,1239,2023-06-30,No,2023-07-05,2023-07-05
ORD-11999,North,Box Truck,Clear,300,2023-01-03,No,2023-01-05,2023-01-08
ORD-12000,East,Semi-Trailer,Clear,668,2023-06-01,No,2023-06-04,2023-06-04
